Found 1146 game files (0 skipped) in 41 folders at path "C:/Users/Nez/Desktop/GitHub/Ark-Survival-Returns/.work/normalized"
Scanned game directory in 0.0 sec, 1262 allocs, 0.00 MBytes serialized in 0 calls.
Loading package: PrimalEarth/Dinos/Direwolf/Animations/Direwolf-Aim-Center.uasset Ver: 405/10 Engine: 0 Names: 39 Exports: 1 Imports: 6 Game: 1000051
Loading package: PrimalEarth/Dinos/Direwolf/Animations/Direwolf-Aim-Dwn-Lft.uasset Ver: 405/10 Engine: 0 Names: 39 Exports: 1 Imports: 6 Game: 1000051
Loading package: PrimalEarth/Dinos/Direwolf/Animations/Direwolf-Aim-Dwn-Rit.uasset Ver: 405/10 Engine: 0 Names: 39 Exports: 1 Imports: 6 Game: 1000051
Loading package: PrimalEarth/Dinos/Direwolf/Animations/Direwolf-Aim-Dwn.uasset Ver: 405/10 Engine: 0 Names: 39 Exports: 1 Imports: 6 Game: 1000051
Loading package: PrimalEarth/Dinos/Direwolf/Animations/Direwolf-Aim-Lft.uasset Ver: 405/10 Engine: 0 Names: 39 Exports: 1 Imports: 6 Game: 1000051
Loading package: PrimalEarth/Dinos/Direwolf/Animations/Direwolf-Aim-Rit.uasset Ver: 405/10 Engine: 0 Names: 39 Exports: 1 Imports: 6 Game: 1000051
Loading package: PrimalEarth/Dinos/Direwolf/Animations/Direwolf-Aim-Up-Lft.uasset Ver: 405/10 Engine: 0 Names: 39 Exports: 1 Imports: 6 Game: 1000051
Loading package: PrimalEarth/Dinos/Direwolf/Animations/Direwolf-Aim-Up-Rit.uasset Ver: 405/10 Engine: 0 Names: 39 Exports: 1 Imports: 6 Game: 1000051
Loading package: PrimalEarth/Dinos/Direwolf/Animations/Direwolf-Aim-Up.uasset Ver: 405/10 Engine: 0 Names: 39 Exports: 1 Imports: 6 Game: 1000051
Loading package: PrimalEarth/Dinos/Direwolf/Animations/Direwolf-Attack-Bite.uasset Ver: 405/10 Engine: 0 Names: 58 Exports: 2 Imports: 10 Game: 1000051
Loading package: PrimalEarth/Dinos/Direwolf/Animations/Direwolf-Attack-Bite_Montage.uasset Ver: 405/10 Engine: 0 Names: 52 Exports: 2 Imports: 8 Game: 1000051
Loading package: PrimalEarth/Dinos/Direwolf/Animations/Direwolf-Blink.uasset Ver: 405/10 Engine: 0 Names: 37 Exports: 1 Imports: 6 Game: 1000051
Loading package: PrimalEarth/Dinos/Direwolf/Animations/Direwolf-Charge-Fwd.uasset Ver: 405/10 Engine: 0 Names: 70 Exports: 10 Imports: 16 Game: 1000051
Loading package: PrimalEarth/Dinos/Direwolf/Animations/Direwolf-Charge-Lft.uasset Ver: 405/10 Engine: 0 Names: 70 Exports: 10 Imports: 16 Game: 1000051
Loading package: PrimalEarth/Dinos/Direwolf/Animations/Direwolf-Charge-Rit.uasset Ver: 405/10 Engine: 0 Names: 70 Exports: 10 Imports: 16 Game: 1000051
Loading package: PrimalEarth/Dinos/Direwolf/Animations/Direwolf-Cuddle.uasset Ver: 405/10 Engine: 0 Names: 49 Exports: 2 Imports: 8 Game: 1000051
Loading package: PrimalEarth/Dinos/Direwolf/Animations/Direwolf-Cuddle_Montage.uasset Ver: 405/10 Engine: 0 Names: 37 Exports: 1 Imports: 6 Game: 1000051
Loading package: PrimalEarth/Dinos/Direwolf/Animations/Direwolf-Eat.uasset Ver: 405/10 Engine: 0 Names: 49 Exports: 2 Imports: 8 Game: 1000051
Loading package: PrimalEarth/Dinos/Direwolf/Animations/Direwolf-Eat_Montage.uasset Ver: 405/10 Engine: 0 Names: 37 Exports: 1 Imports: 6 Game: 1000051
Loading package: PrimalEarth/Dinos/Direwolf/Animations/Direwolf-Howl.uasset Ver: 405/10 Engine: 0 Names: 58 Exports: 2 Imports: 10 Game: 1000051
Loading package: PrimalEarth/Dinos/Direwolf/Animations/Direwolf-Howl_Montage.uasset Ver: 405/10 Engine: 0 Names: 37 Exports: 1 Imports: 6 Game: 1000051
Loading package: PrimalEarth/Dinos/Direwolf/Animations/Direwolf-Hurt-Big.uasset Ver: 405/10 Engine: 0 Names: 39 Exports: 1 Imports: 6 Game: 1000051
Loading package: PrimalEarth/Dinos/Direwolf/Animations/Direwolf-Hurt-Big_Montage.uasset Ver: 405/10 Engine: 0 Names: 39 Exports: 1 Imports: 6 Game: 1000051
Loading package: PrimalEarth/Dinos/Direwolf/Animations/Direwolf-Idle.uasset Ver: 405/10 Engine: 0 Names: 50 Exports: 2 Imports: 8 Game: 1000051
Loading package: PrimalEarth/Dinos/Direwolf/Animations/Direwolf-Jump-Idle.uasset Ver: 405/10 Engine: 0 Names: 31 Exports: 1 Imports: 4 Game: 1000051
Loading package: PrimalEarth/Dinos/Direwolf/Animations/Direwolf-Jump-In.uasset Ver: 405/10 Engine: 0 Names: 49 Exports: 2 Imports: 8 Game: 1000051
Loading package: PrimalEarth/Dinos/Direwolf/Animations/Direwolf-Jump-In_Montage.uasset Ver: 405/10 Engine: 0 Names: 40 Exports: 1 Imports: 6 Game: 1000051
Loading package: PrimalEarth/Dinos/Direwolf/Animations/Direwolf-Move-Fwd.uasset Ver: 405/10 Engine: 0 Names: 55 Exports: 6 Imports: 10 Game: 1000051
Loading package: PrimalEarth/Dinos/Direwolf/Animations/Direwolf-Move-Lft.uasset Ver: 405/10 Engine: 0 Names: 55 Exports: 6 Imports: 10 Game: 1000051
Loading package: PrimalEarth/Dinos/Direwolf/Animations/Direwolf-Move-Rit.uasset Ver: 405/10 Engine: 0 Names: 55 Exports: 6 Imports: 10 Game: 1000051
Loading package: PrimalEarth/Dinos/Direwolf/Animations/Direwolf-Poop.uasset Ver: 405/10 Engine: 0 Names: 30 Exports: 1 Imports: 4 Game: 1000051
Loading package: PrimalEarth/Dinos/Direwolf/Animations/Direwolf-Poop_Montage.uasset Ver: 405/10 Engine: 0 Names: 52 Exports: 2 Imports: 8 Game: 1000051
Loading package: PrimalEarth/Dinos/Direwolf/Animations/Direwolf-Sniff.uasset Ver: 405/10 Engine: 0 Names: 51 Exports: 3 Imports: 10 Game: 1000051
Loading package: PrimalEarth/Dinos/Direwolf/Animations/Direwolf-Sniff_Montage.uasset Ver: 405/10 Engine: 0 Names: 52 Exports: 2 Imports: 8 Game: 1000051
Loading package: PrimalEarth/Dinos/Direwolf/Animations/Direwolf-Startled.uasset Ver: 405/10 Engine: 0 Names: 49 Exports: 2 Imports: 8 Game: 1000051
Loading package: PrimalEarth/Dinos/Direwolf/Animations/Direwolf-Startled_Montage.uasset Ver: 405/10 Engine: 0 Names: 38 Exports: 1 Imports: 6 Game: 1000051
Loading package: PrimalEarth/Dinos/Direwolf/Animations/Direwolf-Swim-Fwd.uasset Ver: 405/10 Engine: 0 Names: 49 Exports: 2 Imports: 8 Game: 1000051
Loading package: PrimalEarth/Dinos/Direwolf/Animations/Direwolf-Swim-Idle.uasset Ver: 405/10 Engine: 0 Names: 50 Exports: 2 Imports: 8 Game: 1000051
Loading package: PrimalEarth/Dinos/Direwolf/Animations/Direwolf-Torpid-Eat.uasset Ver: 405/10 Engine: 0 Names: 49 Exports: 2 Imports: 8 Game: 1000051
Loading package: PrimalEarth/Dinos/Direwolf/Animations/Direwolf-Torpid-Eat_Montage.uasset Ver: 405/10 Engine: 0 Names: 41 Exports: 1 Imports: 6 Game: 1000051
Loading package: PrimalEarth/Dinos/Direwolf/Animations/Direwolf-Torpid-Idle.uasset Ver: 405/10 Engine: 0 Names: 49 Exports: 2 Imports: 8 Game: 1000051
Loading package: PrimalEarth/Dinos/Direwolf/Animations/Direwolf-Torpid-Idle_Montage.uasset Ver: 405/10 Engine: 0 Names: 37 Exports: 1 Imports: 6 Game: 1000051
Loading package: PrimalEarth/Dinos/Direwolf/Animations/Direwolf-Torpid-In.uasset Ver: 405/10 Engine: 0 Names: 59 Exports: 3 Imports: 12 Game: 1000051
Loading package: PrimalEarth/Dinos/Direwolf/Animations/Direwolf-Torpid-In_Montage.uasset Ver: 405/10 Engine: 0 Names: 41 Exports: 1 Imports: 6 Game: 1000051
Loading package: PrimalEarth/Dinos/Direwolf/Animations/Direwolf-Torpid-Out-Tamed.uasset Ver: 405/10 Engine: 0 Names: 53 Exports: 6 Imports: 10 Game: 1000051
Loading package: PrimalEarth/Dinos/Direwolf/Animations/Direwolf-Torpid-Out-Tamed_Montage.uasset Ver: 405/10 Engine: 0 Names: 41 Exports: 1 Imports: 6 Game: 1000051
Loading package: PrimalEarth/Dinos/Direwolf/Animations/Direwolf-Torpid-Out-Wild.uasset Ver: 405/10 Engine: 0 Names: 53 Exports: 6 Imports: 10 Game: 1000051
Loading package: PrimalEarth/Dinos/Direwolf/Animations/Direwolf-Torpid-Out-Wild_Montage.uasset Ver: 405/10 Engine: 0 Names: 41 Exports: 1 Imports: 6 Game: 1000051
Loading package: PrimalEarth/Dinos/Direwolf/Animations/Direwolf_AimOffset.uasset Ver: 405/10 Engine: 0 Names: 49 Exports: 1 Imports: 22 Game: 1000051
Loaded in 0.3 sec, 915 allocs, 0.16 MBytes serialized in 49 calls.
Loading AnimSequence4 Direwolf-Aim-Center from package PrimalEarth/Dinos/Direwolf/Animations/Direwolf-Aim-Center.uasset
Loading package: PrimalEarth/Dinos/Direwolf/Direwolf_Skeleton.uasset Ver: 405/10 Engine: 0 Names: 151 Exports: 22 Imports: 3 Game: 1000051
Loading AnimSequence4 Direwolf-Idle from package PrimalEarth/Dinos/Direwolf/Animations/Direwolf-Idle.uasset
FloatProperty: unknown FAnimNotifyEvent DisplayTime
BoolProperty: unknown FAnimNotifyEvent bIgnoreOnDediServer
Loading Skeleton Direwolf_Skeleton from package PrimalEarth/Dinos/Direwolf/Direwolf_Skeleton.uasset
BoolProperty: unknown FBoneNode bLockBone
BoolProperty: unknown FBoneNode bRemoveBone
BoolProperty: unknown FBoneNode bLockBone
BoolProperty: unknown FBoneNode bRemoveBone
BoolProperty: unknown FBoneNode bLockBone
BoolProperty: unknown FBoneNode bRemoveBone
BoolProperty: unknown FBoneNode bLockBone
BoolProperty: unknown FBoneNode bRemoveBone
BoolProperty: unknown FBoneNode bLockBone
BoolProperty: unknown FBoneNode bRemoveBone
BoolProperty: unknown FBoneNode bLockBone
BoolProperty: unknown FBoneNode bRemoveBone
BoolProperty: unknown FBoneNode bLockBone
BoolProperty: unknown FBoneNode bRemoveBone
BoolProperty: unknown FBoneNode bLockBone
BoolProperty: unknown FBoneNode bRemoveBone
BoolProperty: unknown FBoneNode bLockBone
BoolProperty: unknown FBoneNode bRemoveBone
BoolProperty: unknown FBoneNode bLockBone
BoolProperty: unknown FBoneNode bRemoveBone
BoolProperty: unknown FBoneNode bLockBone
BoolProperty: unknown FBoneNode bRemoveBone
BoolProperty: unknown FBoneNode bLockBone
BoolProperty: unknown FBoneNode bRemoveBone
BoolProperty: unknown FBoneNode bLockBone
BoolProperty: unknown FBoneNode bRemoveBone
BoolProperty: unknown FBoneNode bLockBone
BoolProperty: unknown FBoneNode bRemoveBone
BoolProperty: unknown FBoneNode bLockBone
BoolProperty: unknown FBoneNode bRemoveBone
BoolProperty: unknown FBoneNode bLockBone
BoolProperty: unknown FBoneNode bRemoveBone
BoolProperty: unknown FBoneNode bLockBone
BoolProperty: unknown FBoneNode bRemoveBone
BoolProperty: unknown FBoneNode bLockBone
BoolProperty: unknown FBoneNode bRemoveBone
BoolProperty: unknown FBoneNode bLockBone
BoolProperty: unknown FBoneNode bRemoveBone
BoolProperty: unknown FBoneNode bLockBone
BoolProperty: unknown FBoneNode bRemoveBone
BoolProperty: unknown FBoneNode bLockBone
BoolProperty: unknown FBoneNode bRemoveBone
BoolProperty: unknown FBoneNode bLockBone
BoolProperty: unknown FBoneNode bRemoveBone
BoolProperty: unknown FBoneNode bLockBone
BoolProperty: unknown FBoneNode bRemoveBone
BoolProperty: unknown FBoneNode bLockBone
BoolProperty: unknown FBoneNode bRemoveBone
BoolProperty: unknown FBoneNode bLockBone
BoolProperty: unknown FBoneNode bRemoveBone
BoolProperty: unknown FBoneNode bLockBone
BoolProperty: unknown FBoneNode bRemoveBone
BoolProperty: unknown FBoneNode bLockBone
BoolProperty: unknown FBoneNode bRemoveBone
BoolProperty: unknown FBoneNode bLockBone
BoolProperty: unknown FBoneNode bRemoveBone
BoolProperty: unknown FBoneNode bLockBone
BoolProperty: unknown FBoneNode bRemoveBone
BoolProperty: unknown FBoneNode bLockBone
BoolProperty: unknown FBoneNode bRemoveBone
BoolProperty: unknown FBoneNode bLockBone
BoolProperty: unknown FBoneNode bRemoveBone
BoolProperty: unknown FBoneNode bLockBone
BoolProperty: unknown FBoneNode bRemoveBone
BoolProperty: unknown FBoneNode bLockBone
BoolProperty: unknown FBoneNode bRemoveBone
BoolProperty: unknown FBoneNode bLockBone
BoolProperty: unknown FBoneNode bRemoveBone
BoolProperty: unknown FBoneNode bLockBone
BoolProperty: unknown FBoneNode bRemoveBone
BoolProperty: unknown FBoneNode bLockBone
BoolProperty: unknown FBoneNode bRemoveBone
BoolProperty: unknown FBoneNode bLockBone
BoolProperty: unknown FBoneNode bRemoveBone
BoolProperty: unknown FBoneNode bLockBone
BoolProperty: unknown FBoneNode bRemoveBone
BoolProperty: unknown FBoneNode bLockBone
BoolProperty: unknown FBoneNode bRemoveBone
BoolProperty: unknown FBoneNode bLockBone
BoolProperty: unknown FBoneNode bRemoveBone
BoolProperty: unknown FBoneNode bLockBone
BoolProperty: unknown FBoneNode bRemoveBone
BoolProperty: unknown FBoneNode bLockBone
BoolProperty: unknown FBoneNode bRemoveBone
BoolProperty: unknown FBoneNode bLockBone
BoolProperty: unknown FBoneNode bRemoveBone
BoolProperty: unknown FBoneNode bLockBone
BoolProperty: unknown FBoneNode bRemoveBone
BoolProperty: unknown FBoneNode bLockBone
BoolProperty: unknown FBoneNode bRemoveBone
BoolProperty: unknown FBoneNode bLockBone
BoolProperty: unknown FBoneNode bRemoveBone
BoolProperty: unknown FBoneNode bLockBone
BoolProperty: unknown FBoneNode bRemoveBone
BoolProperty: unknown FBoneNode bLockBone
BoolProperty: unknown FBoneNode bRemoveBone
BoolProperty: unknown FBoneNode bLockBone
BoolProperty: unknown FBoneNode bRemoveBone
BoolProperty: unknown FBoneNode bLockBone
BoolProperty: unknown FBoneNode bRemoveBone
BoolProperty: unknown FBoneNode bLockBone
BoolProperty: unknown FBoneNode bRemoveBone
BoolProperty: unknown FBoneNode bLockBone
BoolProperty: unknown FBoneNode bRemoveBone
BoolProperty: unknown FBoneNode bLockBone
BoolProperty: unknown FBoneNode bRemoveBone
BoolProperty: unknown FBoneNode bLockBone
BoolProperty: unknown FBoneNode bRemoveBone
BoolProperty: unknown FBoneNode bLockBone
BoolProperty: unknown FBoneNode bRemoveBone
BoolProperty: unknown FBoneNode bLockBone
BoolProperty: unknown FBoneNode bRemoveBone
BoolProperty: unknown FBoneNode bLockBone
BoolProperty: unknown FBoneNode bRemoveBone
BoolProperty: unknown FBoneNode bLockBone
BoolProperty: unknown FBoneNode bRemoveBone
BoolProperty: unknown FBoneNode bLockBone
BoolProperty: unknown FBoneNode bRemoveBone
BoolProperty: unknown FBoneNode bLockBone
BoolProperty: unknown FBoneNode bRemoveBone
BoolProperty: unknown FBoneNode bLockBone
BoolProperty: unknown FBoneNode bRemoveBone
BoolProperty: unknown FBoneNode bLockBone
BoolProperty: unknown FBoneNode bRemoveBone
BoolProperty: unknown FBoneNode bLockBone
BoolProperty: unknown FBoneNode bRemoveBone
BoolProperty: unknown FBoneNode bLockBone
BoolProperty: unknown FBoneNode bRemoveBone
BoolProperty: unknown FBoneNode bLockBone
BoolProperty: unknown FBoneNode bRemoveBone
BoolProperty: unknown FBoneNode bLockBone
BoolProperty: unknown FBoneNode bRemoveBone
BoolProperty: unknown FBoneNode bLockBone
BoolProperty: unknown FBoneNode bRemoveBone
BoolProperty: unknown FBoneNode bLockBone
BoolProperty: unknown FBoneNode bRemoveBone
BoolProperty: unknown FBoneNode bLockBone
BoolProperty: unknown FBoneNode bRemoveBone
BoolProperty: unknown FBoneNode bLockBone
BoolProperty: unknown FBoneNode bRemoveBone
BoolProperty: unknown FBoneNode bLockBone
BoolProperty: unknown FBoneNode bRemoveBone
BoolProperty: unknown FBoneNode bLockBone
BoolProperty: unknown FBoneNode bRemoveBone
BoolProperty: unknown FBoneNode bLockBone
BoolProperty: unknown FBoneNode bRemoveBone
BoolProperty: unknown FBoneNode bLockBone
BoolProperty: unknown FBoneNode bRemoveBone
BoolProperty: unknown FBoneNode bLockBone
BoolProperty: unknown FBoneNode bRemoveBone
BoolProperty: unknown FBoneNode bLockBone
BoolProperty: unknown FBoneNode bRemoveBone
BoolProperty: unknown FBoneNode bLockBone
BoolProperty: unknown FBoneNode bRemoveBone
BoolProperty: unknown FBoneNode bLockBone
BoolProperty: unknown FBoneNode bRemoveBone
BoolProperty: unknown FBoneNode bLockBone
BoolProperty: unknown FBoneNode bRemoveBone
BoolProperty: unknown FBoneNode bLockBone
BoolProperty: unknown FBoneNode bRemoveBone
BoolProperty: unknown FBoneNode bLockBone
BoolProperty: unknown FBoneNode bRemoveBone
BoolProperty: unknown FBoneNode bLockBone
BoolProperty: unknown FBoneNode bRemoveBone
BoolProperty: unknown FBoneNode bLockBone
BoolProperty: unknown FBoneNode bRemoveBone
BoolProperty: unknown FBoneNode bLockBone
BoolProperty: unknown FBoneNode bRemoveBone
BoolProperty: unknown FBoneNode bLockBone
BoolProperty: unknown FBoneNode bRemoveBone
BoolProperty: unknown FBoneNode bLockBone
BoolProperty: unknown FBoneNode bRemoveBone
BoolProperty: unknown FBoneNode bLockBone
BoolProperty: unknown FBoneNode bRemoveBone
BoolProperty: unknown FBoneNode bLockBone
BoolProperty: unknown FBoneNode bRemoveBone
BoolProperty: unknown FBoneNode bLockBone
BoolProperty: unknown FBoneNode bRemoveBone
Exporting objects ...
Exporting AnimSequence4 Direwolf-Aim-Center to C:/Users/Nez/Desktop/GitHub/Ark-Survival-Returns/.work/exports/actorx/PrimalEarth/Dinos/Direwolf/Animations/Direwolf-Aim-Center.psa
Exporting AnimSequence4 Direwolf-Idle to C:/Users/Nez/Desktop/GitHub/Ark-Survival-Returns/.work/exports/actorx/PrimalEarth/Dinos/Direwolf/Animations/Direwolf-Idle.psa
Memory: allocated 414464 bytes in 485 blocks
Loading AnimSequence4 Direwolf-Aim-Dwn-Lft from package PrimalEarth/Dinos/Direwolf/Animations/Direwolf-Aim-Dwn-Lft.uasset
Loading AnimSequence4 Direwolf-Idle from package PrimalEarth/Dinos/Direwolf/Animations/Direwolf-Idle.uasset
FloatProperty: unknown FAnimNotifyEvent DisplayTime
BoolProperty: unknown FAnimNotifyEvent bIgnoreOnDediServer
Loading Skeleton Direwolf_Skeleton from package PrimalEarth/Dinos/Direwolf/Direwolf_Skeleton.uasset
BoolProperty: unknown FBoneNode bLockBone
BoolProperty: unknown FBoneNode bRemoveBone
BoolProperty: unknown FBoneNode bLockBone
BoolProperty: unknown FBoneNode bRemoveBone
BoolProperty: unknown FBoneNode bLockBone
BoolProperty: unknown FBoneNode bRemoveBone
BoolProperty: unknown FBoneNode bLockBone
BoolProperty: unknown FBoneNode bRemoveBone
BoolProperty: unknown FBoneNode bLockBone
BoolProperty: unknown FBoneNode bRemoveBone
BoolProperty: unknown FBoneNode bLockBone
BoolProperty: unknown FBoneNode bRemoveBone
BoolProperty: unknown FBoneNode bLockBone
BoolProperty: unknown FBoneNode bRemoveBone
BoolProperty: unknown FBoneNode bLockBone
BoolProperty: unknown FBoneNode bRemoveBone
BoolProperty: unknown FBoneNode bLockBone
BoolProperty: unknown FBoneNode bRemoveBone
BoolProperty: unknown FBoneNode bLockBone
BoolProperty: unknown FBoneNode bRemoveBone
BoolProperty: unknown FBoneNode bLockBone
BoolProperty: unknown FBoneNode bRemoveBone
BoolProperty: unknown FBoneNode bLockBone
BoolProperty: unknown FBoneNode bRemoveBone
BoolProperty: unknown FBoneNode bLockBone
BoolProperty: unknown FBoneNode bRemoveBone
BoolProperty: unknown FBoneNode bLockBone
BoolProperty: unknown FBoneNode bRemoveBone
BoolProperty: unknown FBoneNode bLockBone
BoolProperty: unknown FBoneNode bRemoveBone
BoolProperty: unknown FBoneNode bLockBone
BoolProperty: unknown FBoneNode bRemoveBone
BoolProperty: unknown FBoneNode bLockBone
BoolProperty: unknown FBoneNode bRemoveBone
BoolProperty: unknown FBoneNode bLockBone
BoolProperty: unknown FBoneNode bRemoveBone
BoolProperty: unknown FBoneNode bLockBone
BoolProperty: unknown FBoneNode bRemoveBone
BoolProperty: unknown FBoneNode bLockBone
BoolProperty: unknown FBoneNode bRemoveBone
BoolProperty: unknown FBoneNode bLockBone
BoolProperty: unknown FBoneNode bRemoveBone
BoolProperty: unknown FBoneNode bLockBone
BoolProperty: unknown FBoneNode bRemoveBone
BoolProperty: unknown FBoneNode bLockBone
BoolProperty: unknown FBoneNode bRemoveBone
BoolProperty: unknown FBoneNode bLockBone
BoolProperty: unknown FBoneNode bRemoveBone
BoolProperty: unknown FBoneNode bLockBone
BoolProperty: unknown FBoneNode bRemoveBone
BoolProperty: unknown FBoneNode bLockBone
BoolProperty: unknown FBoneNode bRemoveBone
BoolProperty: unknown FBoneNode bLockBone
BoolProperty: unknown FBoneNode bRemoveBone
BoolProperty: unknown FBoneNode bLockBone
BoolProperty: unknown FBoneNode bRemoveBone
BoolProperty: unknown FBoneNode bLockBone
BoolProperty: unknown FBoneNode bRemoveBone
BoolProperty: unknown FBoneNode bLockBone
BoolProperty: unknown FBoneNode bRemoveBone
BoolProperty: unknown FBoneNode bLockBone
BoolProperty: unknown FBoneNode bRemoveBone
BoolProperty: unknown FBoneNode bLockBone
BoolProperty: unknown FBoneNode bRemoveBone
BoolProperty: unknown FBoneNode bLockBone
BoolProperty: unknown FBoneNode bRemoveBone
BoolProperty: unknown FBoneNode bLockBone
BoolProperty: unknown FBoneNode bRemoveBone
BoolProperty: unknown FBoneNode bLockBone
BoolProperty: unknown FBoneNode bRemoveBone
BoolProperty: unknown FBoneNode bLockBone
BoolProperty: unknown FBoneNode bRemoveBone
BoolProperty: unknown FBoneNode bLockBone
BoolProperty: unknown FBoneNode bRemoveBone
BoolProperty: unknown FBoneNode bLockBone
BoolProperty: unknown FBoneNode bRemoveBone
BoolProperty: unknown FBoneNode bLockBone
BoolProperty: unknown FBoneNode bRemoveBone
BoolProperty: unknown FBoneNode bLockBone
BoolProperty: unknown FBoneNode bRemoveBone
BoolProperty: unknown FBoneNode bLockBone
BoolProperty: unknown FBoneNode bRemoveBone
BoolProperty: unknown FBoneNode bLockBone
BoolProperty: unknown FBoneNode bRemoveBone
BoolProperty: unknown FBoneNode bLockBone
BoolProperty: unknown FBoneNode bRemoveBone
BoolProperty: unknown FBoneNode bLockBone
BoolProperty: unknown FBoneNode bRemoveBone
BoolProperty: unknown FBoneNode bLockBone
BoolProperty: unknown FBoneNode bRemoveBone
BoolProperty: unknown FBoneNode bLockBone
BoolProperty: unknown FBoneNode bRemoveBone
BoolProperty: unknown FBoneNode bLockBone
BoolProperty: unknown FBoneNode bRemoveBone
BoolProperty: unknown FBoneNode bLockBone
BoolProperty: unknown FBoneNode bRemoveBone
BoolProperty: unknown FBoneNode bLockBone
BoolProperty: unknown FBoneNode bRemoveBone
BoolProperty: unknown FBoneNode bLockBone
BoolProperty: unknown FBoneNode bRemoveBone
BoolProperty: unknown FBoneNode bLockBone
BoolProperty: unknown FBoneNode bRemoveBone
BoolProperty: unknown FBoneNode bLockBone
BoolProperty: unknown FBoneNode bRemoveBone
BoolProperty: unknown FBoneNode bLockBone
BoolProperty: unknown FBoneNode bRemoveBone
BoolProperty: unknown FBoneNode bLockBone
BoolProperty: unknown FBoneNode bRemoveBone
BoolProperty: unknown FBoneNode bLockBone
BoolProperty: unknown FBoneNode bRemoveBone
BoolProperty: unknown FBoneNode bLockBone
BoolProperty: unknown FBoneNode bRemoveBone
BoolProperty: unknown FBoneNode bLockBone
BoolProperty: unknown FBoneNode bRemoveBone
BoolProperty: unknown FBoneNode bLockBone
BoolProperty: unknown FBoneNode bRemoveBone
BoolProperty: unknown FBoneNode bLockBone
BoolProperty: unknown FBoneNode bRemoveBone
BoolProperty: unknown FBoneNode bLockBone
BoolProperty: unknown FBoneNode bRemoveBone
BoolProperty: unknown FBoneNode bLockBone
BoolProperty: unknown FBoneNode bRemoveBone
BoolProperty: unknown FBoneNode bLockBone
BoolProperty: unknown FBoneNode bRemoveBone
BoolProperty: unknown FBoneNode bLockBone
BoolProperty: unknown FBoneNode bRemoveBone
BoolProperty: unknown FBoneNode bLockBone
BoolProperty: unknown FBoneNode bRemoveBone
BoolProperty: unknown FBoneNode bLockBone
BoolProperty: unknown FBoneNode bRemoveBone
BoolProperty: unknown FBoneNode bLockBone
BoolProperty: unknown FBoneNode bRemoveBone
BoolProperty: unknown FBoneNode bLockBone
BoolProperty: unknown FBoneNode bRemoveBone
BoolProperty: unknown FBoneNode bLockBone
BoolProperty: unknown FBoneNode bRemoveBone
BoolProperty: unknown FBoneNode bLockBone
BoolProperty: unknown FBoneNode bRemoveBone
BoolProperty: unknown FBoneNode bLockBone
BoolProperty: unknown FBoneNode bRemoveBone
BoolProperty: unknown FBoneNode bLockBone
BoolProperty: unknown FBoneNode bRemoveBone
BoolProperty: unknown FBoneNode bLockBone
BoolProperty: unknown FBoneNode bRemoveBone
BoolProperty: unknown FBoneNode bLockBone
BoolProperty: unknown FBoneNode bRemoveBone
BoolProperty: unknown FBoneNode bLockBone
BoolProperty: unknown FBoneNode bRemoveBone
BoolProperty: unknown FBoneNode bLockBone
BoolProperty: unknown FBoneNode bRemoveBone
BoolProperty: unknown FBoneNode bLockBone
BoolProperty: unknown FBoneNode bRemoveBone
BoolProperty: unknown FBoneNode bLockBone
BoolProperty: unknown FBoneNode bRemoveBone
BoolProperty: unknown FBoneNode bLockBone
BoolProperty: unknown FBoneNode bRemoveBone
BoolProperty: unknown FBoneNode bLockBone
BoolProperty: unknown FBoneNode bRemoveBone
BoolProperty: unknown FBoneNode bLockBone
BoolProperty: unknown FBoneNode bRemoveBone
BoolProperty: unknown FBoneNode bLockBone
BoolProperty: unknown FBoneNode bRemoveBone
BoolProperty: unknown FBoneNode bLockBone
BoolProperty: unknown FBoneNode bRemoveBone
BoolProperty: unknown FBoneNode bLockBone
BoolProperty: unknown FBoneNode bRemoveBone
BoolProperty: unknown FBoneNode bLockBone
BoolProperty: unknown FBoneNode bRemoveBone
BoolProperty: unknown FBoneNode bLockBone
BoolProperty: unknown FBoneNode bRemoveBone
BoolProperty: unknown FBoneNode bLockBone
BoolProperty: unknown FBoneNode bRemoveBone
BoolProperty: unknown FBoneNode bLockBone
BoolProperty: unknown FBoneNode bRemoveBone
BoolProperty: unknown FBoneNode bLockBone
BoolProperty: unknown FBoneNode bRemoveBone
BoolProperty: unknown FBoneNode bLockBone
BoolProperty: unknown FBoneNode bRemoveBone
Exporting objects ...
Exporting AnimSequence4 Direwolf-Aim-Dwn-Lft to C:/Users/Nez/Desktop/GitHub/Ark-Survival-Returns/.work/exports/actorx/PrimalEarth/Dinos/Direwolf/Animations/Direwolf-Aim-Dwn-Lft.psa
Memory: allocated 426752 bytes in 488 blocks
Loading AnimSequence4 Direwolf-Aim-Dwn-Rit from package PrimalEarth/Dinos/Direwolf/Animations/Direwolf-Aim-Dwn-Rit.uasset
Loading AnimSequence4 Direwolf-Idle from package PrimalEarth/Dinos/Direwolf/Animations/Direwolf-Idle.uasset
FloatProperty: unknown FAnimNotifyEvent DisplayTime
BoolProperty: unknown FAnimNotifyEvent bIgnoreOnDediServer
Loading Skeleton Direwolf_Skeleton from package PrimalEarth/Dinos/Direwolf/Direwolf_Skeleton.uasset
BoolProperty: unknown FBoneNode bLockBone
BoolProperty: unknown FBoneNode bRemoveBone
BoolProperty: unknown FBoneNode bLockBone
BoolProperty: unknown FBoneNode bRemoveBone
BoolProperty: unknown FBoneNode bLockBone
BoolProperty: unknown FBoneNode bRemoveBone
BoolProperty: unknown FBoneNode bLockBone
BoolProperty: unknown FBoneNode bRemoveBone
BoolProperty: unknown FBoneNode bLockBone
BoolProperty: unknown FBoneNode bRemoveBone
BoolProperty: unknown FBoneNode bLockBone
BoolProperty: unknown FBoneNode bRemoveBone
BoolProperty: unknown FBoneNode bLockBone
BoolProperty: unknown FBoneNode bRemoveBone
BoolProperty: unknown FBoneNode bLockBone
BoolProperty: unknown FBoneNode bRemoveBone
BoolProperty: unknown FBoneNode bLockBone
BoolProperty: unknown FBoneNode bRemoveBone
BoolProperty: unknown FBoneNode bLockBone
BoolProperty: unknown FBoneNode bRemoveBone
BoolProperty: unknown FBoneNode bLockBone
BoolProperty: unknown FBoneNode bRemoveBone
BoolProperty: unknown FBoneNode bLockBone
BoolProperty: unknown FBoneNode bRemoveBone
BoolProperty: unknown FBoneNode bLockBone
BoolProperty: unknown FBoneNode bRemoveBone
BoolProperty: unknown FBoneNode bLockBone
BoolProperty: unknown FBoneNode bRemoveBone
BoolProperty: unknown FBoneNode bLockBone
BoolProperty: unknown FBoneNode bRemoveBone
BoolProperty: unknown FBoneNode bLockBone
BoolProperty: unknown FBoneNode bRemoveBone
BoolProperty: unknown FBoneNode bLockBone
BoolProperty: unknown FBoneNode bRemoveBone
BoolProperty: unknown FBoneNode bLockBone
BoolProperty: unknown FBoneNode bRemoveBone
BoolProperty: unknown FBoneNode bLockBone
BoolProperty: unknown FBoneNode bRemoveBone
BoolProperty: unknown FBoneNode bLockBone
BoolProperty: unknown FBoneNode bRemoveBone
BoolProperty: unknown FBoneNode bLockBone
BoolProperty: unknown FBoneNode bRemoveBone
BoolProperty: unknown FBoneNode bLockBone
BoolProperty: unknown FBoneNode bRemoveBone
BoolProperty: unknown FBoneNode bLockBone
BoolProperty: unknown FBoneNode bRemoveBone
BoolProperty: unknown FBoneNode bLockBone
BoolProperty: unknown FBoneNode bRemoveBone
BoolProperty: unknown FBoneNode bLockBone
BoolProperty: unknown FBoneNode bRemoveBone
BoolProperty: unknown FBoneNode bLockBone
BoolProperty: unknown FBoneNode bRemoveBone
BoolProperty: unknown FBoneNode bLockBone
BoolProperty: unknown FBoneNode bRemoveBone
BoolProperty: unknown FBoneNode bLockBone
BoolProperty: unknown FBoneNode bRemoveBone
BoolProperty: unknown FBoneNode bLockBone
BoolProperty: unknown FBoneNode bRemoveBone
BoolProperty: unknown FBoneNode bLockBone
BoolProperty: unknown FBoneNode bRemoveBone
BoolProperty: unknown FBoneNode bLockBone
BoolProperty: unknown FBoneNode bRemoveBone
BoolProperty: unknown FBoneNode bLockBone
BoolProperty: unknown FBoneNode bRemoveBone
BoolProperty: unknown FBoneNode bLockBone
BoolProperty: unknown FBoneNode bRemoveBone
BoolProperty: unknown FBoneNode bLockBone
BoolProperty: unknown FBoneNode bRemoveBone
BoolProperty: unknown FBoneNode bLockBone
BoolProperty: unknown FBoneNode bRemoveBone
BoolProperty: unknown FBoneNode bLockBone
BoolProperty: unknown FBoneNode bRemoveBone
BoolProperty: unknown FBoneNode bLockBone
BoolProperty: unknown FBoneNode bRemoveBone
BoolProperty: unknown FBoneNode bLockBone
BoolProperty: unknown FBoneNode bRemoveBone
BoolProperty: unknown FBoneNode bLockBone
BoolProperty: unknown FBoneNode bRemoveBone
BoolProperty: unknown FBoneNode bLockBone
BoolProperty: unknown FBoneNode bRemoveBone
BoolProperty: unknown FBoneNode bLockBone
BoolProperty: unknown FBoneNode bRemoveBone
BoolProperty: unknown FBoneNode bLockBone
BoolProperty: unknown FBoneNode bRemoveBone
BoolProperty: unknown FBoneNode bLockBone
BoolProperty: unknown FBoneNode bRemoveBone
BoolProperty: unknown FBoneNode bLockBone
BoolProperty: unknown FBoneNode bRemoveBone
BoolProperty: unknown FBoneNode bLockBone
BoolProperty: unknown FBoneNode bRemoveBone
BoolProperty: unknown FBoneNode bLockBone
BoolProperty: unknown FBoneNode bRemoveBone
BoolProperty: unknown FBoneNode bLockBone
BoolProperty: unknown FBoneNode bRemoveBone
BoolProperty: unknown FBoneNode bLockBone
BoolProperty: unknown FBoneNode bRemoveBone
BoolProperty: unknown FBoneNode bLockBone
BoolProperty: unknown FBoneNode bRemoveBone
BoolProperty: unknown FBoneNode bLockBone
BoolProperty: unknown FBoneNode bRemoveBone
BoolProperty: unknown FBoneNode bLockBone
BoolProperty: unknown FBoneNode bRemoveBone
BoolProperty: unknown FBoneNode bLockBone
BoolProperty: unknown FBoneNode bRemoveBone
BoolProperty: unknown FBoneNode bLockBone
BoolProperty: unknown FBoneNode bRemoveBone
BoolProperty: unknown FBoneNode bLockBone
BoolProperty: unknown FBoneNode bRemoveBone
BoolProperty: unknown FBoneNode bLockBone
BoolProperty: unknown FBoneNode bRemoveBone
BoolProperty: unknown FBoneNode bLockBone
BoolProperty: unknown FBoneNode bRemoveBone
BoolProperty: unknown FBoneNode bLockBone
BoolProperty: unknown FBoneNode bRemoveBone
BoolProperty: unknown FBoneNode bLockBone
BoolProperty: unknown FBoneNode bRemoveBone
BoolProperty: unknown FBoneNode bLockBone
BoolProperty: unknown FBoneNode bRemoveBone
BoolProperty: unknown FBoneNode bLockBone
BoolProperty: unknown FBoneNode bRemoveBone
BoolProperty: unknown FBoneNode bLockBone
BoolProperty: unknown FBoneNode bRemoveBone
BoolProperty: unknown FBoneNode bLockBone
BoolProperty: unknown FBoneNode bRemoveBone
BoolProperty: unknown FBoneNode bLockBone
BoolProperty: unknown FBoneNode bRemoveBone
BoolProperty: unknown FBoneNode bLockBone
BoolProperty: unknown FBoneNode bRemoveBone
BoolProperty: unknown FBoneNode bLockBone
BoolProperty: unknown FBoneNode bRemoveBone
BoolProperty: unknown FBoneNode bLockBone
BoolProperty: unknown FBoneNode bRemoveBone
BoolProperty: unknown FBoneNode bLockBone
BoolProperty: unknown FBoneNode bRemoveBone
BoolProperty: unknown FBoneNode bLockBone
BoolProperty: unknown FBoneNode bRemoveBone
BoolProperty: unknown FBoneNode bLockBone
BoolProperty: unknown FBoneNode bRemoveBone
BoolProperty: unknown FBoneNode bLockBone
BoolProperty: unknown FBoneNode bRemoveBone
BoolProperty: unknown FBoneNode bLockBone
BoolProperty: unknown FBoneNode bRemoveBone
BoolProperty: unknown FBoneNode bLockBone
BoolProperty: unknown FBoneNode bRemoveBone
BoolProperty: unknown FBoneNode bLockBone
BoolProperty: unknown FBoneNode bRemoveBone
BoolProperty: unknown FBoneNode bLockBone
BoolProperty: unknown FBoneNode bRemoveBone
BoolProperty: unknown FBoneNode bLockBone
BoolProperty: unknown FBoneNode bRemoveBone
BoolProperty: unknown FBoneNode bLockBone
BoolProperty: unknown FBoneNode bRemoveBone
BoolProperty: unknown FBoneNode bLockBone
BoolProperty: unknown FBoneNode bRemoveBone
BoolProperty: unknown FBoneNode bLockBone
BoolProperty: unknown FBoneNode bRemoveBone
BoolProperty: unknown FBoneNode bLockBone
BoolProperty: unknown FBoneNode bRemoveBone
BoolProperty: unknown FBoneNode bLockBone
BoolProperty: unknown FBoneNode bRemoveBone
BoolProperty: unknown FBoneNode bLockBone
BoolProperty: unknown FBoneNode bRemoveBone
BoolProperty: unknown FBoneNode bLockBone
BoolProperty: unknown FBoneNode bRemoveBone
BoolProperty: unknown FBoneNode bLockBone
BoolProperty: unknown FBoneNode bRemoveBone
BoolProperty: unknown FBoneNode bLockBone
BoolProperty: unknown FBoneNode bRemoveBone
BoolProperty: unknown FBoneNode bLockBone
BoolProperty: unknown FBoneNode bRemoveBone
BoolProperty: unknown FBoneNode bLockBone
BoolProperty: unknown FBoneNode bRemoveBone
BoolProperty: unknown FBoneNode bLockBone
BoolProperty: unknown FBoneNode bRemoveBone
BoolProperty: unknown FBoneNode bLockBone
BoolProperty: unknown FBoneNode bRemoveBone
BoolProperty: unknown FBoneNode bLockBone
BoolProperty: unknown FBoneNode bRemoveBone
Exporting objects ...
Exporting AnimSequence4 Direwolf-Aim-Dwn-Rit to C:/Users/Nez/Desktop/GitHub/Ark-Survival-Returns/.work/exports/actorx/PrimalEarth/Dinos/Direwolf/Animations/Direwolf-Aim-Dwn-Rit.psa
Memory: allocated 439040 bytes in 491 blocks
Loading AnimSequence4 Direwolf-Aim-Dwn from package PrimalEarth/Dinos/Direwolf/Animations/Direwolf-Aim-Dwn.uasset
Loading AnimSequence4 Direwolf-Idle from package PrimalEarth/Dinos/Direwolf/Animations/Direwolf-Idle.uasset
FloatProperty: unknown FAnimNotifyEvent DisplayTime
BoolProperty: unknown FAnimNotifyEvent bIgnoreOnDediServer
Loading Skeleton Direwolf_Skeleton from package PrimalEarth/Dinos/Direwolf/Direwolf_Skeleton.uasset
BoolProperty: unknown FBoneNode bLockBone
BoolProperty: unknown FBoneNode bRemoveBone
BoolProperty: unknown FBoneNode bLockBone
BoolProperty: unknown FBoneNode bRemoveBone
BoolProperty: unknown FBoneNode bLockBone
BoolProperty: unknown FBoneNode bRemoveBone
BoolProperty: unknown FBoneNode bLockBone
BoolProperty: unknown FBoneNode bRemoveBone
BoolProperty: unknown FBoneNode bLockBone
BoolProperty: unknown FBoneNode bRemoveBone
BoolProperty: unknown FBoneNode bLockBone
BoolProperty: unknown FBoneNode bRemoveBone
BoolProperty: unknown FBoneNode bLockBone
BoolProperty: unknown FBoneNode bRemoveBone
BoolProperty: unknown FBoneNode bLockBone
BoolProperty: unknown FBoneNode bRemoveBone
BoolProperty: unknown FBoneNode bLockBone
BoolProperty: unknown FBoneNode bRemoveBone
BoolProperty: unknown FBoneNode bLockBone
BoolProperty: unknown FBoneNode bRemoveBone
BoolProperty: unknown FBoneNode bLockBone
BoolProperty: unknown FBoneNode bRemoveBone
BoolProperty: unknown FBoneNode bLockBone
BoolProperty: unknown FBoneNode bRemoveBone
BoolProperty: unknown FBoneNode bLockBone
BoolProperty: unknown FBoneNode bRemoveBone
BoolProperty: unknown FBoneNode bLockBone
BoolProperty: unknown FBoneNode bRemoveBone
BoolProperty: unknown FBoneNode bLockBone
BoolProperty: unknown FBoneNode bRemoveBone
BoolProperty: unknown FBoneNode bLockBone
BoolProperty: unknown FBoneNode bRemoveBone
BoolProperty: unknown FBoneNode bLockBone
BoolProperty: unknown FBoneNode bRemoveBone
BoolProperty: unknown FBoneNode bLockBone
BoolProperty: unknown FBoneNode bRemoveBone
BoolProperty: unknown FBoneNode bLockBone
BoolProperty: unknown FBoneNode bRemoveBone
BoolProperty: unknown FBoneNode bLockBone
BoolProperty: unknown FBoneNode bRemoveBone
BoolProperty: unknown FBoneNode bLockBone
BoolProperty: unknown FBoneNode bRemoveBone
BoolProperty: unknown FBoneNode bLockBone
BoolProperty: unknown FBoneNode bRemoveBone
BoolProperty: unknown FBoneNode bLockBone
BoolProperty: unknown FBoneNode bRemoveBone
BoolProperty: unknown FBoneNode bLockBone
BoolProperty: unknown FBoneNode bRemoveBone
BoolProperty: unknown FBoneNode bLockBone
BoolProperty: unknown FBoneNode bRemoveBone
BoolProperty: unknown FBoneNode bLockBone
BoolProperty: unknown FBoneNode bRemoveBone
BoolProperty: unknown FBoneNode bLockBone
BoolProperty: unknown FBoneNode bRemoveBone
BoolProperty: unknown FBoneNode bLockBone
BoolProperty: unknown FBoneNode bRemoveBone
BoolProperty: unknown FBoneNode bLockBone
BoolProperty: unknown FBoneNode bRemoveBone
BoolProperty: unknown FBoneNode bLockBone
BoolProperty: unknown FBoneNode bRemoveBone
BoolProperty: unknown FBoneNode bLockBone
BoolProperty: unknown FBoneNode bRemoveBone
BoolProperty: unknown FBoneNode bLockBone
BoolProperty: unknown FBoneNode bRemoveBone
BoolProperty: unknown FBoneNode bLockBone
BoolProperty: unknown FBoneNode bRemoveBone
BoolProperty: unknown FBoneNode bLockBone
BoolProperty: unknown FBoneNode bRemoveBone
BoolProperty: unknown FBoneNode bLockBone
BoolProperty: unknown FBoneNode bRemoveBone
BoolProperty: unknown FBoneNode bLockBone
BoolProperty: unknown FBoneNode bRemoveBone
BoolProperty: unknown FBoneNode bLockBone
BoolProperty: unknown FBoneNode bRemoveBone
BoolProperty: unknown FBoneNode bLockBone
BoolProperty: unknown FBoneNode bRemoveBone
BoolProperty: unknown FBoneNode bLockBone
BoolProperty: unknown FBoneNode bRemoveBone
BoolProperty: unknown FBoneNode bLockBone
BoolProperty: unknown FBoneNode bRemoveBone
BoolProperty: unknown FBoneNode bLockBone
BoolProperty: unknown FBoneNode bRemoveBone
BoolProperty: unknown FBoneNode bLockBone
BoolProperty: unknown FBoneNode bRemoveBone
BoolProperty: unknown FBoneNode bLockBone
BoolProperty: unknown FBoneNode bRemoveBone
BoolProperty: unknown FBoneNode bLockBone
BoolProperty: unknown FBoneNode bRemoveBone
BoolProperty: unknown FBoneNode bLockBone
BoolProperty: unknown FBoneNode bRemoveBone
BoolProperty: unknown FBoneNode bLockBone
BoolProperty: unknown FBoneNode bRemoveBone
BoolProperty: unknown FBoneNode bLockBone
BoolProperty: unknown FBoneNode bRemoveBone
BoolProperty: unknown FBoneNode bLockBone
BoolProperty: unknown FBoneNode bRemoveBone
BoolProperty: unknown FBoneNode bLockBone
BoolProperty: unknown FBoneNode bRemoveBone
BoolProperty: unknown FBoneNode bLockBone
BoolProperty: unknown FBoneNode bRemoveBone
BoolProperty: unknown FBoneNode bLockBone
BoolProperty: unknown FBoneNode bRemoveBone
BoolProperty: unknown FBoneNode bLockBone
BoolProperty: unknown FBoneNode bRemoveBone
BoolProperty: unknown FBoneNode bLockBone
BoolProperty: unknown FBoneNode bRemoveBone
BoolProperty: unknown FBoneNode bLockBone
BoolProperty: unknown FBoneNode bRemoveBone
BoolProperty: unknown FBoneNode bLockBone
BoolProperty: unknown FBoneNode bRemoveBone
BoolProperty: unknown FBoneNode bLockBone
BoolProperty: unknown FBoneNode bRemoveBone
BoolProperty: unknown FBoneNode bLockBone
BoolProperty: unknown FBoneNode bRemoveBone
BoolProperty: unknown FBoneNode bLockBone
BoolProperty: unknown FBoneNode bRemoveBone
BoolProperty: unknown FBoneNode bLockBone
BoolProperty: unknown FBoneNode bRemoveBone
BoolProperty: unknown FBoneNode bLockBone
BoolProperty: unknown FBoneNode bRemoveBone
BoolProperty: unknown FBoneNode bLockBone
BoolProperty: unknown FBoneNode bRemoveBone
BoolProperty: unknown FBoneNode bLockBone
BoolProperty: unknown FBoneNode bRemoveBone
BoolProperty: unknown FBoneNode bLockBone
BoolProperty: unknown FBoneNode bRemoveBone
BoolProperty: unknown FBoneNode bLockBone
BoolProperty: unknown FBoneNode bRemoveBone
BoolProperty: unknown FBoneNode bLockBone
BoolProperty: unknown FBoneNode bRemoveBone
BoolProperty: unknown FBoneNode bLockBone
BoolProperty: unknown FBoneNode bRemoveBone
BoolProperty: unknown FBoneNode bLockBone
BoolProperty: unknown FBoneNode bRemoveBone
BoolProperty: unknown FBoneNode bLockBone
BoolProperty: unknown FBoneNode bRemoveBone
BoolProperty: unknown FBoneNode bLockBone
BoolProperty: unknown FBoneNode bRemoveBone
BoolProperty: unknown FBoneNode bLockBone
BoolProperty: unknown FBoneNode bRemoveBone
BoolProperty: unknown FBoneNode bLockBone
BoolProperty: unknown FBoneNode bRemoveBone
BoolProperty: unknown FBoneNode bLockBone
BoolProperty: unknown FBoneNode bRemoveBone
BoolProperty: unknown FBoneNode bLockBone
BoolProperty: unknown FBoneNode bRemoveBone
BoolProperty: unknown FBoneNode bLockBone
BoolProperty: unknown FBoneNode bRemoveBone
BoolProperty: unknown FBoneNode bLockBone
BoolProperty: unknown FBoneNode bRemoveBone
BoolProperty: unknown FBoneNode bLockBone
BoolProperty: unknown FBoneNode bRemoveBone
BoolProperty: unknown FBoneNode bLockBone
BoolProperty: unknown FBoneNode bRemoveBone
BoolProperty: unknown FBoneNode bLockBone
BoolProperty: unknown FBoneNode bRemoveBone
BoolProperty: unknown FBoneNode bLockBone
BoolProperty: unknown FBoneNode bRemoveBone
BoolProperty: unknown FBoneNode bLockBone
BoolProperty: unknown FBoneNode bRemoveBone
BoolProperty: unknown FBoneNode bLockBone
BoolProperty: unknown FBoneNode bRemoveBone
BoolProperty: unknown FBoneNode bLockBone
BoolProperty: unknown FBoneNode bRemoveBone
BoolProperty: unknown FBoneNode bLockBone
BoolProperty: unknown FBoneNode bRemoveBone
BoolProperty: unknown FBoneNode bLockBone
BoolProperty: unknown FBoneNode bRemoveBone
BoolProperty: unknown FBoneNode bLockBone
BoolProperty: unknown FBoneNode bRemoveBone
BoolProperty: unknown FBoneNode bLockBone
BoolProperty: unknown FBoneNode bRemoveBone
BoolProperty: unknown FBoneNode bLockBone
BoolProperty: unknown FBoneNode bRemoveBone
BoolProperty: unknown FBoneNode bLockBone
BoolProperty: unknown FBoneNode bRemoveBone
BoolProperty: unknown FBoneNode bLockBone
BoolProperty: unknown FBoneNode bRemoveBone
Exporting objects ...
Exporting AnimSequence4 Direwolf-Aim-Dwn to C:/Users/Nez/Desktop/GitHub/Ark-Survival-Returns/.work/exports/actorx/PrimalEarth/Dinos/Direwolf/Animations/Direwolf-Aim-Dwn.psa
Memory: allocated 451328 bytes in 494 blocks
Loading AnimSequence4 Direwolf-Aim-Lft from package PrimalEarth/Dinos/Direwolf/Animations/Direwolf-Aim-Lft.uasset
Loading AnimSequence4 Direwolf-Idle from package PrimalEarth/Dinos/Direwolf/Animations/Direwolf-Idle.uasset
FloatProperty: unknown FAnimNotifyEvent DisplayTime
BoolProperty: unknown FAnimNotifyEvent bIgnoreOnDediServer
Loading Skeleton Direwolf_Skeleton from package PrimalEarth/Dinos/Direwolf/Direwolf_Skeleton.uasset
BoolProperty: unknown FBoneNode bLockBone
BoolProperty: unknown FBoneNode bRemoveBone
BoolProperty: unknown FBoneNode bLockBone
BoolProperty: unknown FBoneNode bRemoveBone
BoolProperty: unknown FBoneNode bLockBone
BoolProperty: unknown FBoneNode bRemoveBone
BoolProperty: unknown FBoneNode bLockBone
BoolProperty: unknown FBoneNode bRemoveBone
BoolProperty: unknown FBoneNode bLockBone
BoolProperty: unknown FBoneNode bRemoveBone
BoolProperty: unknown FBoneNode bLockBone
BoolProperty: unknown FBoneNode bRemoveBone
BoolProperty: unknown FBoneNode bLockBone
BoolProperty: unknown FBoneNode bRemoveBone
BoolProperty: unknown FBoneNode bLockBone
BoolProperty: unknown FBoneNode bRemoveBone
BoolProperty: unknown FBoneNode bLockBone
BoolProperty: unknown FBoneNode bRemoveBone
BoolProperty: unknown FBoneNode bLockBone
BoolProperty: unknown FBoneNode bRemoveBone
BoolProperty: unknown FBoneNode bLockBone
BoolProperty: unknown FBoneNode bRemoveBone
BoolProperty: unknown FBoneNode bLockBone
BoolProperty: unknown FBoneNode bRemoveBone
BoolProperty: unknown FBoneNode bLockBone
BoolProperty: unknown FBoneNode bRemoveBone
BoolProperty: unknown FBoneNode bLockBone
BoolProperty: unknown FBoneNode bRemoveBone
BoolProperty: unknown FBoneNode bLockBone
BoolProperty: unknown FBoneNode bRemoveBone
BoolProperty: unknown FBoneNode bLockBone
BoolProperty: unknown FBoneNode bRemoveBone
BoolProperty: unknown FBoneNode bLockBone
BoolProperty: unknown FBoneNode bRemoveBone
BoolProperty: unknown FBoneNode bLockBone
BoolProperty: unknown FBoneNode bRemoveBone
BoolProperty: unknown FBoneNode bLockBone
BoolProperty: unknown FBoneNode bRemoveBone
BoolProperty: unknown FBoneNode bLockBone
BoolProperty: unknown FBoneNode bRemoveBone
BoolProperty: unknown FBoneNode bLockBone
BoolProperty: unknown FBoneNode bRemoveBone
BoolProperty: unknown FBoneNode bLockBone
BoolProperty: unknown FBoneNode bRemoveBone
BoolProperty: unknown FBoneNode bLockBone
BoolProperty: unknown FBoneNode bRemoveBone
BoolProperty: unknown FBoneNode bLockBone
BoolProperty: unknown FBoneNode bRemoveBone
BoolProperty: unknown FBoneNode bLockBone
BoolProperty: unknown FBoneNode bRemoveBone
BoolProperty: unknown FBoneNode bLockBone
BoolProperty: unknown FBoneNode bRemoveBone
BoolProperty: unknown FBoneNode bLockBone
BoolProperty: unknown FBoneNode bRemoveBone
BoolProperty: unknown FBoneNode bLockBone
BoolProperty: unknown FBoneNode bRemoveBone
BoolProperty: unknown FBoneNode bLockBone
BoolProperty: unknown FBoneNode bRemoveBone
BoolProperty: unknown FBoneNode bLockBone
BoolProperty: unknown FBoneNode bRemoveBone
BoolProperty: unknown FBoneNode bLockBone
BoolProperty: unknown FBoneNode bRemoveBone
BoolProperty: unknown FBoneNode bLockBone
BoolProperty: unknown FBoneNode bRemoveBone
BoolProperty: unknown FBoneNode bLockBone
BoolProperty: unknown FBoneNode bRemoveBone
BoolProperty: unknown FBoneNode bLockBone
BoolProperty: unknown FBoneNode bRemoveBone
BoolProperty: unknown FBoneNode bLockBone
BoolProperty: unknown FBoneNode bRemoveBone
BoolProperty: unknown FBoneNode bLockBone
BoolProperty: unknown FBoneNode bRemoveBone
BoolProperty: unknown FBoneNode bLockBone
BoolProperty: unknown FBoneNode bRemoveBone
BoolProperty: unknown FBoneNode bLockBone
BoolProperty: unknown FBoneNode bRemoveBone
BoolProperty: unknown FBoneNode bLockBone
BoolProperty: unknown FBoneNode bRemoveBone
BoolProperty: unknown FBoneNode bLockBone
BoolProperty: unknown FBoneNode bRemoveBone
BoolProperty: unknown FBoneNode bLockBone
BoolProperty: unknown FBoneNode bRemoveBone
BoolProperty: unknown FBoneNode bLockBone
BoolProperty: unknown FBoneNode bRemoveBone
BoolProperty: unknown FBoneNode bLockBone
BoolProperty: unknown FBoneNode bRemoveBone
BoolProperty: unknown FBoneNode bLockBone
BoolProperty: unknown FBoneNode bRemoveBone
BoolProperty: unknown FBoneNode bLockBone
BoolProperty: unknown FBoneNode bRemoveBone
BoolProperty: unknown FBoneNode bLockBone
BoolProperty: unknown FBoneNode bRemoveBone
BoolProperty: unknown FBoneNode bLockBone
BoolProperty: unknown FBoneNode bRemoveBone
BoolProperty: unknown FBoneNode bLockBone
BoolProperty: unknown FBoneNode bRemoveBone
BoolProperty: unknown FBoneNode bLockBone
BoolProperty: unknown FBoneNode bRemoveBone
BoolProperty: unknown FBoneNode bLockBone
BoolProperty: unknown FBoneNode bRemoveBone
BoolProperty: unknown FBoneNode bLockBone
BoolProperty: unknown FBoneNode bRemoveBone
BoolProperty: unknown FBoneNode bLockBone
BoolProperty: unknown FBoneNode bRemoveBone
BoolProperty: unknown FBoneNode bLockBone
BoolProperty: unknown FBoneNode bRemoveBone
BoolProperty: unknown FBoneNode bLockBone
BoolProperty: unknown FBoneNode bRemoveBone
BoolProperty: unknown FBoneNode bLockBone
BoolProperty: unknown FBoneNode bRemoveBone
BoolProperty: unknown FBoneNode bLockBone
BoolProperty: unknown FBoneNode bRemoveBone
BoolProperty: unknown FBoneNode bLockBone
BoolProperty: unknown FBoneNode bRemoveBone
BoolProperty: unknown FBoneNode bLockBone
BoolProperty: unknown FBoneNode bRemoveBone
BoolProperty: unknown FBoneNode bLockBone
BoolProperty: unknown FBoneNode bRemoveBone
BoolProperty: unknown FBoneNode bLockBone
BoolProperty: unknown FBoneNode bRemoveBone
BoolProperty: unknown FBoneNode bLockBone
BoolProperty: unknown FBoneNode bRemoveBone
BoolProperty: unknown FBoneNode bLockBone
BoolProperty: unknown FBoneNode bRemoveBone
BoolProperty: unknown FBoneNode bLockBone
BoolProperty: unknown FBoneNode bRemoveBone
BoolProperty: unknown FBoneNode bLockBone
BoolProperty: unknown FBoneNode bRemoveBone
BoolProperty: unknown FBoneNode bLockBone
BoolProperty: unknown FBoneNode bRemoveBone
BoolProperty: unknown FBoneNode bLockBone
BoolProperty: unknown FBoneNode bRemoveBone
BoolProperty: unknown FBoneNode bLockBone
BoolProperty: unknown FBoneNode bRemoveBone
BoolProperty: unknown FBoneNode bLockBone
BoolProperty: unknown FBoneNode bRemoveBone
BoolProperty: unknown FBoneNode bLockBone
BoolProperty: unknown FBoneNode bRemoveBone
BoolProperty: unknown FBoneNode bLockBone
BoolProperty: unknown FBoneNode bRemoveBone
BoolProperty: unknown FBoneNode bLockBone
BoolProperty: unknown FBoneNode bRemoveBone
BoolProperty: unknown FBoneNode bLockBone
BoolProperty: unknown FBoneNode bRemoveBone
BoolProperty: unknown FBoneNode bLockBone
BoolProperty: unknown FBoneNode bRemoveBone
BoolProperty: unknown FBoneNode bLockBone
BoolProperty: unknown FBoneNode bRemoveBone
BoolProperty: unknown FBoneNode bLockBone
BoolProperty: unknown FBoneNode bRemoveBone
BoolProperty: unknown FBoneNode bLockBone
BoolProperty: unknown FBoneNode bRemoveBone
BoolProperty: unknown FBoneNode bLockBone
BoolProperty: unknown FBoneNode bRemoveBone
BoolProperty: unknown FBoneNode bLockBone
BoolProperty: unknown FBoneNode bRemoveBone
BoolProperty: unknown FBoneNode bLockBone
BoolProperty: unknown FBoneNode bRemoveBone
BoolProperty: unknown FBoneNode bLockBone
BoolProperty: unknown FBoneNode bRemoveBone
BoolProperty: unknown FBoneNode bLockBone
BoolProperty: unknown FBoneNode bRemoveBone
BoolProperty: unknown FBoneNode bLockBone
BoolProperty: unknown FBoneNode bRemoveBone
BoolProperty: unknown FBoneNode bLockBone
BoolProperty: unknown FBoneNode bRemoveBone
BoolProperty: unknown FBoneNode bLockBone
BoolProperty: unknown FBoneNode bRemoveBone
BoolProperty: unknown FBoneNode bLockBone
BoolProperty: unknown FBoneNode bRemoveBone
BoolProperty: unknown FBoneNode bLockBone
BoolProperty: unknown FBoneNode bRemoveBone
BoolProperty: unknown FBoneNode bLockBone
BoolProperty: unknown FBoneNode bRemoveBone
BoolProperty: unknown FBoneNode bLockBone
BoolProperty: unknown FBoneNode bRemoveBone
BoolProperty: unknown FBoneNode bLockBone
BoolProperty: unknown FBoneNode bRemoveBone
Exporting objects ...
Exporting AnimSequence4 Direwolf-Aim-Lft to C:/Users/Nez/Desktop/GitHub/Ark-Survival-Returns/.work/exports/actorx/PrimalEarth/Dinos/Direwolf/Animations/Direwolf-Aim-Lft.psa
Memory: allocated 463616 bytes in 497 blocks
Loading AnimSequence4 Direwolf-Aim-Rit from package PrimalEarth/Dinos/Direwolf/Animations/Direwolf-Aim-Rit.uasset
Loading AnimSequence4 Direwolf-Idle from package PrimalEarth/Dinos/Direwolf/Animations/Direwolf-Idle.uasset
FloatProperty: unknown FAnimNotifyEvent DisplayTime
BoolProperty: unknown FAnimNotifyEvent bIgnoreOnDediServer
Loading Skeleton Direwolf_Skeleton from package PrimalEarth/Dinos/Direwolf/Direwolf_Skeleton.uasset
BoolProperty: unknown FBoneNode bLockBone
BoolProperty: unknown FBoneNode bRemoveBone
BoolProperty: unknown FBoneNode bLockBone
BoolProperty: unknown FBoneNode bRemoveBone
BoolProperty: unknown FBoneNode bLockBone
BoolProperty: unknown FBoneNode bRemoveBone
BoolProperty: unknown FBoneNode bLockBone
BoolProperty: unknown FBoneNode bRemoveBone
BoolProperty: unknown FBoneNode bLockBone
BoolProperty: unknown FBoneNode bRemoveBone
BoolProperty: unknown FBoneNode bLockBone
BoolProperty: unknown FBoneNode bRemoveBone
BoolProperty: unknown FBoneNode bLockBone
BoolProperty: unknown FBoneNode bRemoveBone
BoolProperty: unknown FBoneNode bLockBone
BoolProperty: unknown FBoneNode bRemoveBone
BoolProperty: unknown FBoneNode bLockBone
BoolProperty: unknown FBoneNode bRemoveBone
BoolProperty: unknown FBoneNode bLockBone
BoolProperty: unknown FBoneNode bRemoveBone
BoolProperty: unknown FBoneNode bLockBone
BoolProperty: unknown FBoneNode bRemoveBone
BoolProperty: unknown FBoneNode bLockBone
BoolProperty: unknown FBoneNode bRemoveBone
BoolProperty: unknown FBoneNode bLockBone
BoolProperty: unknown FBoneNode bRemoveBone
BoolProperty: unknown FBoneNode bLockBone
BoolProperty: unknown FBoneNode bRemoveBone
BoolProperty: unknown FBoneNode bLockBone
BoolProperty: unknown FBoneNode bRemoveBone
BoolProperty: unknown FBoneNode bLockBone
BoolProperty: unknown FBoneNode bRemoveBone
BoolProperty: unknown FBoneNode bLockBone
BoolProperty: unknown FBoneNode bRemoveBone
BoolProperty: unknown FBoneNode bLockBone
BoolProperty: unknown FBoneNode bRemoveBone
BoolProperty: unknown FBoneNode bLockBone
BoolProperty: unknown FBoneNode bRemoveBone
BoolProperty: unknown FBoneNode bLockBone
BoolProperty: unknown FBoneNode bRemoveBone
BoolProperty: unknown FBoneNode bLockBone
BoolProperty: unknown FBoneNode bRemoveBone
BoolProperty: unknown FBoneNode bLockBone
BoolProperty: unknown FBoneNode bRemoveBone
BoolProperty: unknown FBoneNode bLockBone
BoolProperty: unknown FBoneNode bRemoveBone
BoolProperty: unknown FBoneNode bLockBone
BoolProperty: unknown FBoneNode bRemoveBone
BoolProperty: unknown FBoneNode bLockBone
BoolProperty: unknown FBoneNode bRemoveBone
BoolProperty: unknown FBoneNode bLockBone
BoolProperty: unknown FBoneNode bRemoveBone
BoolProperty: unknown FBoneNode bLockBone
BoolProperty: unknown FBoneNode bRemoveBone
BoolProperty: unknown FBoneNode bLockBone
BoolProperty: unknown FBoneNode bRemoveBone
BoolProperty: unknown FBoneNode bLockBone
BoolProperty: unknown FBoneNode bRemoveBone
BoolProperty: unknown FBoneNode bLockBone
BoolProperty: unknown FBoneNode bRemoveBone
BoolProperty: unknown FBoneNode bLockBone
BoolProperty: unknown FBoneNode bRemoveBone
BoolProperty: unknown FBoneNode bLockBone
BoolProperty: unknown FBoneNode bRemoveBone
BoolProperty: unknown FBoneNode bLockBone
BoolProperty: unknown FBoneNode bRemoveBone
BoolProperty: unknown FBoneNode bLockBone
BoolProperty: unknown FBoneNode bRemoveBone
BoolProperty: unknown FBoneNode bLockBone
BoolProperty: unknown FBoneNode bRemoveBone
BoolProperty: unknown FBoneNode bLockBone
BoolProperty: unknown FBoneNode bRemoveBone
BoolProperty: unknown FBoneNode bLockBone
BoolProperty: unknown FBoneNode bRemoveBone
BoolProperty: unknown FBoneNode bLockBone
BoolProperty: unknown FBoneNode bRemoveBone
BoolProperty: unknown FBoneNode bLockBone
BoolProperty: unknown FBoneNode bRemoveBone
BoolProperty: unknown FBoneNode bLockBone
BoolProperty: unknown FBoneNode bRemoveBone
BoolProperty: unknown FBoneNode bLockBone
BoolProperty: unknown FBoneNode bRemoveBone
BoolProperty: unknown FBoneNode bLockBone
BoolProperty: unknown FBoneNode bRemoveBone
BoolProperty: unknown FBoneNode bLockBone
BoolProperty: unknown FBoneNode bRemoveBone
BoolProperty: unknown FBoneNode bLockBone
BoolProperty: unknown FBoneNode bRemoveBone
BoolProperty: unknown FBoneNode bLockBone
BoolProperty: unknown FBoneNode bRemoveBone
BoolProperty: unknown FBoneNode bLockBone
BoolProperty: unknown FBoneNode bRemoveBone
BoolProperty: unknown FBoneNode bLockBone
BoolProperty: unknown FBoneNode bRemoveBone
BoolProperty: unknown FBoneNode bLockBone
BoolProperty: unknown FBoneNode bRemoveBone
BoolProperty: unknown FBoneNode bLockBone
BoolProperty: unknown FBoneNode bRemoveBone
BoolProperty: unknown FBoneNode bLockBone
BoolProperty: unknown FBoneNode bRemoveBone
BoolProperty: unknown FBoneNode bLockBone
BoolProperty: unknown FBoneNode bRemoveBone
BoolProperty: unknown FBoneNode bLockBone
BoolProperty: unknown FBoneNode bRemoveBone
BoolProperty: unknown FBoneNode bLockBone
BoolProperty: unknown FBoneNode bRemoveBone
BoolProperty: unknown FBoneNode bLockBone
BoolProperty: unknown FBoneNode bRemoveBone
BoolProperty: unknown FBoneNode bLockBone
BoolProperty: unknown FBoneNode bRemoveBone
BoolProperty: unknown FBoneNode bLockBone
BoolProperty: unknown FBoneNode bRemoveBone
BoolProperty: unknown FBoneNode bLockBone
BoolProperty: unknown FBoneNode bRemoveBone
BoolProperty: unknown FBoneNode bLockBone
BoolProperty: unknown FBoneNode bRemoveBone
BoolProperty: unknown FBoneNode bLockBone
BoolProperty: unknown FBoneNode bRemoveBone
BoolProperty: unknown FBoneNode bLockBone
BoolProperty: unknown FBoneNode bRemoveBone
BoolProperty: unknown FBoneNode bLockBone
BoolProperty: unknown FBoneNode bRemoveBone
BoolProperty: unknown FBoneNode bLockBone
BoolProperty: unknown FBoneNode bRemoveBone
BoolProperty: unknown FBoneNode bLockBone
BoolProperty: unknown FBoneNode bRemoveBone
BoolProperty: unknown FBoneNode bLockBone
BoolProperty: unknown FBoneNode bRemoveBone
BoolProperty: unknown FBoneNode bLockBone
BoolProperty: unknown FBoneNode bRemoveBone
BoolProperty: unknown FBoneNode bLockBone
BoolProperty: unknown FBoneNode bRemoveBone
BoolProperty: unknown FBoneNode bLockBone
BoolProperty: unknown FBoneNode bRemoveBone
BoolProperty: unknown FBoneNode bLockBone
BoolProperty: unknown FBoneNode bRemoveBone
BoolProperty: unknown FBoneNode bLockBone
BoolProperty: unknown FBoneNode bRemoveBone
BoolProperty: unknown FBoneNode bLockBone
BoolProperty: unknown FBoneNode bRemoveBone
BoolProperty: unknown FBoneNode bLockBone
BoolProperty: unknown FBoneNode bRemoveBone
BoolProperty: unknown FBoneNode bLockBone
BoolProperty: unknown FBoneNode bRemoveBone
BoolProperty: unknown FBoneNode bLockBone
BoolProperty: unknown FBoneNode bRemoveBone
BoolProperty: unknown FBoneNode bLockBone
BoolProperty: unknown FBoneNode bRemoveBone
BoolProperty: unknown FBoneNode bLockBone
BoolProperty: unknown FBoneNode bRemoveBone
BoolProperty: unknown FBoneNode bLockBone
BoolProperty: unknown FBoneNode bRemoveBone
BoolProperty: unknown FBoneNode bLockBone
BoolProperty: unknown FBoneNode bRemoveBone
BoolProperty: unknown FBoneNode bLockBone
BoolProperty: unknown FBoneNode bRemoveBone
BoolProperty: unknown FBoneNode bLockBone
BoolProperty: unknown FBoneNode bRemoveBone
BoolProperty: unknown FBoneNode bLockBone
BoolProperty: unknown FBoneNode bRemoveBone
BoolProperty: unknown FBoneNode bLockBone
BoolProperty: unknown FBoneNode bRemoveBone
BoolProperty: unknown FBoneNode bLockBone
BoolProperty: unknown FBoneNode bRemoveBone
BoolProperty: unknown FBoneNode bLockBone
BoolProperty: unknown FBoneNode bRemoveBone
BoolProperty: unknown FBoneNode bLockBone
BoolProperty: unknown FBoneNode bRemoveBone
BoolProperty: unknown FBoneNode bLockBone
BoolProperty: unknown FBoneNode bRemoveBone
BoolProperty: unknown FBoneNode bLockBone
BoolProperty: unknown FBoneNode bRemoveBone
BoolProperty: unknown FBoneNode bLockBone
BoolProperty: unknown FBoneNode bRemoveBone
BoolProperty: unknown FBoneNode bLockBone
BoolProperty: unknown FBoneNode bRemoveBone
BoolProperty: unknown FBoneNode bLockBone
BoolProperty: unknown FBoneNode bRemoveBone
Exporting objects ...
Exporting AnimSequence4 Direwolf-Aim-Rit to C:/Users/Nez/Desktop/GitHub/Ark-Survival-Returns/.work/exports/actorx/PrimalEarth/Dinos/Direwolf/Animations/Direwolf-Aim-Rit.psa
Memory: allocated 475904 bytes in 500 blocks
Loading AnimSequence4 Direwolf-Aim-Up-Lft from package PrimalEarth/Dinos/Direwolf/Animations/Direwolf-Aim-Up-Lft.uasset
Loading AnimSequence4 Direwolf-Idle from package PrimalEarth/Dinos/Direwolf/Animations/Direwolf-Idle.uasset
FloatProperty: unknown FAnimNotifyEvent DisplayTime
BoolProperty: unknown FAnimNotifyEvent bIgnoreOnDediServer
Loading Skeleton Direwolf_Skeleton from package PrimalEarth/Dinos/Direwolf/Direwolf_Skeleton.uasset
BoolProperty: unknown FBoneNode bLockBone
BoolProperty: unknown FBoneNode bRemoveBone
BoolProperty: unknown FBoneNode bLockBone
BoolProperty: unknown FBoneNode bRemoveBone
BoolProperty: unknown FBoneNode bLockBone
BoolProperty: unknown FBoneNode bRemoveBone
BoolProperty: unknown FBoneNode bLockBone
BoolProperty: unknown FBoneNode bRemoveBone
BoolProperty: unknown FBoneNode bLockBone
BoolProperty: unknown FBoneNode bRemoveBone
BoolProperty: unknown FBoneNode bLockBone
BoolProperty: unknown FBoneNode bRemoveBone
BoolProperty: unknown FBoneNode bLockBone
BoolProperty: unknown FBoneNode bRemoveBone
BoolProperty: unknown FBoneNode bLockBone
BoolProperty: unknown FBoneNode bRemoveBone
BoolProperty: unknown FBoneNode bLockBone
BoolProperty: unknown FBoneNode bRemoveBone
BoolProperty: unknown FBoneNode bLockBone
BoolProperty: unknown FBoneNode bRemoveBone
BoolProperty: unknown FBoneNode bLockBone
BoolProperty: unknown FBoneNode bRemoveBone
BoolProperty: unknown FBoneNode bLockBone
BoolProperty: unknown FBoneNode bRemoveBone
BoolProperty: unknown FBoneNode bLockBone
BoolProperty: unknown FBoneNode bRemoveBone
BoolProperty: unknown FBoneNode bLockBone
BoolProperty: unknown FBoneNode bRemoveBone
BoolProperty: unknown FBoneNode bLockBone
BoolProperty: unknown FBoneNode bRemoveBone
BoolProperty: unknown FBoneNode bLockBone
BoolProperty: unknown FBoneNode bRemoveBone
BoolProperty: unknown FBoneNode bLockBone
BoolProperty: unknown FBoneNode bRemoveBone
BoolProperty: unknown FBoneNode bLockBone
BoolProperty: unknown FBoneNode bRemoveBone
BoolProperty: unknown FBoneNode bLockBone
BoolProperty: unknown FBoneNode bRemoveBone
BoolProperty: unknown FBoneNode bLockBone
BoolProperty: unknown FBoneNode bRemoveBone
BoolProperty: unknown FBoneNode bLockBone
BoolProperty: unknown FBoneNode bRemoveBone
BoolProperty: unknown FBoneNode bLockBone
BoolProperty: unknown FBoneNode bRemoveBone
BoolProperty: unknown FBoneNode bLockBone
BoolProperty: unknown FBoneNode bRemoveBone
BoolProperty: unknown FBoneNode bLockBone
BoolProperty: unknown FBoneNode bRemoveBone
BoolProperty: unknown FBoneNode bLockBone
BoolProperty: unknown FBoneNode bRemoveBone
BoolProperty: unknown FBoneNode bLockBone
BoolProperty: unknown FBoneNode bRemoveBone
BoolProperty: unknown FBoneNode bLockBone
BoolProperty: unknown FBoneNode bRemoveBone
BoolProperty: unknown FBoneNode bLockBone
BoolProperty: unknown FBoneNode bRemoveBone
BoolProperty: unknown FBoneNode bLockBone
BoolProperty: unknown FBoneNode bRemoveBone
BoolProperty: unknown FBoneNode bLockBone
BoolProperty: unknown FBoneNode bRemoveBone
BoolProperty: unknown FBoneNode bLockBone
BoolProperty: unknown FBoneNode bRemoveBone
BoolProperty: unknown FBoneNode bLockBone
BoolProperty: unknown FBoneNode bRemoveBone
BoolProperty: unknown FBoneNode bLockBone
BoolProperty: unknown FBoneNode bRemoveBone
BoolProperty: unknown FBoneNode bLockBone
BoolProperty: unknown FBoneNode bRemoveBone
BoolProperty: unknown FBoneNode bLockBone
BoolProperty: unknown FBoneNode bRemoveBone
BoolProperty: unknown FBoneNode bLockBone
BoolProperty: unknown FBoneNode bRemoveBone
BoolProperty: unknown FBoneNode bLockBone
BoolProperty: unknown FBoneNode bRemoveBone
BoolProperty: unknown FBoneNode bLockBone
BoolProperty: unknown FBoneNode bRemoveBone
BoolProperty: unknown FBoneNode bLockBone
BoolProperty: unknown FBoneNode bRemoveBone
BoolProperty: unknown FBoneNode bLockBone
BoolProperty: unknown FBoneNode bRemoveBone
BoolProperty: unknown FBoneNode bLockBone
BoolProperty: unknown FBoneNode bRemoveBone
BoolProperty: unknown FBoneNode bLockBone
BoolProperty: unknown FBoneNode bRemoveBone
BoolProperty: unknown FBoneNode bLockBone
BoolProperty: unknown FBoneNode bRemoveBone
BoolProperty: unknown FBoneNode bLockBone
BoolProperty: unknown FBoneNode bRemoveBone
BoolProperty: unknown FBoneNode bLockBone
BoolProperty: unknown FBoneNode bRemoveBone
BoolProperty: unknown FBoneNode bLockBone
BoolProperty: unknown FBoneNode bRemoveBone
BoolProperty: unknown FBoneNode bLockBone
BoolProperty: unknown FBoneNode bRemoveBone
BoolProperty: unknown FBoneNode bLockBone
BoolProperty: unknown FBoneNode bRemoveBone
BoolProperty: unknown FBoneNode bLockBone
BoolProperty: unknown FBoneNode bRemoveBone
BoolProperty: unknown FBoneNode bLockBone
BoolProperty: unknown FBoneNode bRemoveBone
BoolProperty: unknown FBoneNode bLockBone
BoolProperty: unknown FBoneNode bRemoveBone
BoolProperty: unknown FBoneNode bLockBone
BoolProperty: unknown FBoneNode bRemoveBone
BoolProperty: unknown FBoneNode bLockBone
BoolProperty: unknown FBoneNode bRemoveBone
BoolProperty: unknown FBoneNode bLockBone
BoolProperty: unknown FBoneNode bRemoveBone
BoolProperty: unknown FBoneNode bLockBone
BoolProperty: unknown FBoneNode bRemoveBone
BoolProperty: unknown FBoneNode bLockBone
BoolProperty: unknown FBoneNode bRemoveBone
BoolProperty: unknown FBoneNode bLockBone
BoolProperty: unknown FBoneNode bRemoveBone
BoolProperty: unknown FBoneNode bLockBone
BoolProperty: unknown FBoneNode bRemoveBone
BoolProperty: unknown FBoneNode bLockBone
BoolProperty: unknown FBoneNode bRemoveBone
BoolProperty: unknown FBoneNode bLockBone
BoolProperty: unknown FBoneNode bRemoveBone
BoolProperty: unknown FBoneNode bLockBone
BoolProperty: unknown FBoneNode bRemoveBone
BoolProperty: unknown FBoneNode bLockBone
BoolProperty: unknown FBoneNode bRemoveBone
BoolProperty: unknown FBoneNode bLockBone
BoolProperty: unknown FBoneNode bRemoveBone
BoolProperty: unknown FBoneNode bLockBone
BoolProperty: unknown FBoneNode bRemoveBone
BoolProperty: unknown FBoneNode bLockBone
BoolProperty: unknown FBoneNode bRemoveBone
BoolProperty: unknown FBoneNode bLockBone
BoolProperty: unknown FBoneNode bRemoveBone
BoolProperty: unknown FBoneNode bLockBone
BoolProperty: unknown FBoneNode bRemoveBone
BoolProperty: unknown FBoneNode bLockBone
BoolProperty: unknown FBoneNode bRemoveBone
BoolProperty: unknown FBoneNode bLockBone
BoolProperty: unknown FBoneNode bRemoveBone
BoolProperty: unknown FBoneNode bLockBone
BoolProperty: unknown FBoneNode bRemoveBone
BoolProperty: unknown FBoneNode bLockBone
BoolProperty: unknown FBoneNode bRemoveBone
BoolProperty: unknown FBoneNode bLockBone
BoolProperty: unknown FBoneNode bRemoveBone
BoolProperty: unknown FBoneNode bLockBone
BoolProperty: unknown FBoneNode bRemoveBone
BoolProperty: unknown FBoneNode bLockBone
BoolProperty: unknown FBoneNode bRemoveBone
BoolProperty: unknown FBoneNode bLockBone
BoolProperty: unknown FBoneNode bRemoveBone
BoolProperty: unknown FBoneNode bLockBone
BoolProperty: unknown FBoneNode bRemoveBone
BoolProperty: unknown FBoneNode bLockBone
BoolProperty: unknown FBoneNode bRemoveBone
BoolProperty: unknown FBoneNode bLockBone
BoolProperty: unknown FBoneNode bRemoveBone
BoolProperty: unknown FBoneNode bLockBone
BoolProperty: unknown FBoneNode bRemoveBone
BoolProperty: unknown FBoneNode bLockBone
BoolProperty: unknown FBoneNode bRemoveBone
BoolProperty: unknown FBoneNode bLockBone
BoolProperty: unknown FBoneNode bRemoveBone
BoolProperty: unknown FBoneNode bLockBone
BoolProperty: unknown FBoneNode bRemoveBone
BoolProperty: unknown FBoneNode bLockBone
BoolProperty: unknown FBoneNode bRemoveBone
BoolProperty: unknown FBoneNode bLockBone
BoolProperty: unknown FBoneNode bRemoveBone
BoolProperty: unknown FBoneNode bLockBone
BoolProperty: unknown FBoneNode bRemoveBone
BoolProperty: unknown FBoneNode bLockBone
BoolProperty: unknown FBoneNode bRemoveBone
BoolProperty: unknown FBoneNode bLockBone
BoolProperty: unknown FBoneNode bRemoveBone
BoolProperty: unknown FBoneNode bLockBone
BoolProperty: unknown FBoneNode bRemoveBone
BoolProperty: unknown FBoneNode bLockBone
BoolProperty: unknown FBoneNode bRemoveBone
Exporting objects ...
Exporting AnimSequence4 Direwolf-Aim-Up-Lft to C:/Users/Nez/Desktop/GitHub/Ark-Survival-Returns/.work/exports/actorx/PrimalEarth/Dinos/Direwolf/Animations/Direwolf-Aim-Up-Lft.psa
Memory: allocated 488192 bytes in 503 blocks
Loading AnimSequence4 Direwolf-Aim-Up-Rit from package PrimalEarth/Dinos/Direwolf/Animations/Direwolf-Aim-Up-Rit.uasset
Loading AnimSequence4 Direwolf-Idle from package PrimalEarth/Dinos/Direwolf/Animations/Direwolf-Idle.uasset
FloatProperty: unknown FAnimNotifyEvent DisplayTime
BoolProperty: unknown FAnimNotifyEvent bIgnoreOnDediServer
Loading Skeleton Direwolf_Skeleton from package PrimalEarth/Dinos/Direwolf/Direwolf_Skeleton.uasset
BoolProperty: unknown FBoneNode bLockBone
BoolProperty: unknown FBoneNode bRemoveBone
BoolProperty: unknown FBoneNode bLockBone
BoolProperty: unknown FBoneNode bRemoveBone
BoolProperty: unknown FBoneNode bLockBone
BoolProperty: unknown FBoneNode bRemoveBone
BoolProperty: unknown FBoneNode bLockBone
BoolProperty: unknown FBoneNode bRemoveBone
BoolProperty: unknown FBoneNode bLockBone
BoolProperty: unknown FBoneNode bRemoveBone
BoolProperty: unknown FBoneNode bLockBone
BoolProperty: unknown FBoneNode bRemoveBone
BoolProperty: unknown FBoneNode bLockBone
BoolProperty: unknown FBoneNode bRemoveBone
BoolProperty: unknown FBoneNode bLockBone
BoolProperty: unknown FBoneNode bRemoveBone
BoolProperty: unknown FBoneNode bLockBone
BoolProperty: unknown FBoneNode bRemoveBone
BoolProperty: unknown FBoneNode bLockBone
BoolProperty: unknown FBoneNode bRemoveBone
BoolProperty: unknown FBoneNode bLockBone
BoolProperty: unknown FBoneNode bRemoveBone
BoolProperty: unknown FBoneNode bLockBone
BoolProperty: unknown FBoneNode bRemoveBone
BoolProperty: unknown FBoneNode bLockBone
BoolProperty: unknown FBoneNode bRemoveBone
BoolProperty: unknown FBoneNode bLockBone
BoolProperty: unknown FBoneNode bRemoveBone
BoolProperty: unknown FBoneNode bLockBone
BoolProperty: unknown FBoneNode bRemoveBone
BoolProperty: unknown FBoneNode bLockBone
BoolProperty: unknown FBoneNode bRemoveBone
BoolProperty: unknown FBoneNode bLockBone
BoolProperty: unknown FBoneNode bRemoveBone
BoolProperty: unknown FBoneNode bLockBone
BoolProperty: unknown FBoneNode bRemoveBone
BoolProperty: unknown FBoneNode bLockBone
BoolProperty: unknown FBoneNode bRemoveBone
BoolProperty: unknown FBoneNode bLockBone
BoolProperty: unknown FBoneNode bRemoveBone
BoolProperty: unknown FBoneNode bLockBone
BoolProperty: unknown FBoneNode bRemoveBone
BoolProperty: unknown FBoneNode bLockBone
BoolProperty: unknown FBoneNode bRemoveBone
BoolProperty: unknown FBoneNode bLockBone
BoolProperty: unknown FBoneNode bRemoveBone
BoolProperty: unknown FBoneNode bLockBone
BoolProperty: unknown FBoneNode bRemoveBone
BoolProperty: unknown FBoneNode bLockBone
BoolProperty: unknown FBoneNode bRemoveBone
BoolProperty: unknown FBoneNode bLockBone
BoolProperty: unknown FBoneNode bRemoveBone
BoolProperty: unknown FBoneNode bLockBone
BoolProperty: unknown FBoneNode bRemoveBone
BoolProperty: unknown FBoneNode bLockBone
BoolProperty: unknown FBoneNode bRemoveBone
BoolProperty: unknown FBoneNode bLockBone
BoolProperty: unknown FBoneNode bRemoveBone
BoolProperty: unknown FBoneNode bLockBone
BoolProperty: unknown FBoneNode bRemoveBone
BoolProperty: unknown FBoneNode bLockBone
BoolProperty: unknown FBoneNode bRemoveBone
BoolProperty: unknown FBoneNode bLockBone
BoolProperty: unknown FBoneNode bRemoveBone
BoolProperty: unknown FBoneNode bLockBone
BoolProperty: unknown FBoneNode bRemoveBone
BoolProperty: unknown FBoneNode bLockBone
BoolProperty: unknown FBoneNode bRemoveBone
BoolProperty: unknown FBoneNode bLockBone
BoolProperty: unknown FBoneNode bRemoveBone
BoolProperty: unknown FBoneNode bLockBone
BoolProperty: unknown FBoneNode bRemoveBone
BoolProperty: unknown FBoneNode bLockBone
BoolProperty: unknown FBoneNode bRemoveBone
BoolProperty: unknown FBoneNode bLockBone
BoolProperty: unknown FBoneNode bRemoveBone
BoolProperty: unknown FBoneNode bLockBone
BoolProperty: unknown FBoneNode bRemoveBone
BoolProperty: unknown FBoneNode bLockBone
BoolProperty: unknown FBoneNode bRemoveBone
BoolProperty: unknown FBoneNode bLockBone
BoolProperty: unknown FBoneNode bRemoveBone
BoolProperty: unknown FBoneNode bLockBone
BoolProperty: unknown FBoneNode bRemoveBone
BoolProperty: unknown FBoneNode bLockBone
BoolProperty: unknown FBoneNode bRemoveBone
BoolProperty: unknown FBoneNode bLockBone
BoolProperty: unknown FBoneNode bRemoveBone
BoolProperty: unknown FBoneNode bLockBone
BoolProperty: unknown FBoneNode bRemoveBone
BoolProperty: unknown FBoneNode bLockBone
BoolProperty: unknown FBoneNode bRemoveBone
BoolProperty: unknown FBoneNode bLockBone
BoolProperty: unknown FBoneNode bRemoveBone
BoolProperty: unknown FBoneNode bLockBone
BoolProperty: unknown FBoneNode bRemoveBone
BoolProperty: unknown FBoneNode bLockBone
BoolProperty: unknown FBoneNode bRemoveBone
BoolProperty: unknown FBoneNode bLockBone
BoolProperty: unknown FBoneNode bRemoveBone
BoolProperty: unknown FBoneNode bLockBone
BoolProperty: unknown FBoneNode bRemoveBone
BoolProperty: unknown FBoneNode bLockBone
BoolProperty: unknown FBoneNode bRemoveBone
BoolProperty: unknown FBoneNode bLockBone
BoolProperty: unknown FBoneNode bRemoveBone
BoolProperty: unknown FBoneNode bLockBone
BoolProperty: unknown FBoneNode bRemoveBone
BoolProperty: unknown FBoneNode bLockBone
BoolProperty: unknown FBoneNode bRemoveBone
BoolProperty: unknown FBoneNode bLockBone
BoolProperty: unknown FBoneNode bRemoveBone
BoolProperty: unknown FBoneNode bLockBone
BoolProperty: unknown FBoneNode bRemoveBone
BoolProperty: unknown FBoneNode bLockBone
BoolProperty: unknown FBoneNode bRemoveBone
BoolProperty: unknown FBoneNode bLockBone
BoolProperty: unknown FBoneNode bRemoveBone
BoolProperty: unknown FBoneNode bLockBone
BoolProperty: unknown FBoneNode bRemoveBone
BoolProperty: unknown FBoneNode bLockBone
BoolProperty: unknown FBoneNode bRemoveBone
BoolProperty: unknown FBoneNode bLockBone
BoolProperty: unknown FBoneNode bRemoveBone
BoolProperty: unknown FBoneNode bLockBone
BoolProperty: unknown FBoneNode bRemoveBone
BoolProperty: unknown FBoneNode bLockBone
BoolProperty: unknown FBoneNode bRemoveBone
BoolProperty: unknown FBoneNode bLockBone
BoolProperty: unknown FBoneNode bRemoveBone
BoolProperty: unknown FBoneNode bLockBone
BoolProperty: unknown FBoneNode bRemoveBone
BoolProperty: unknown FBoneNode bLockBone
BoolProperty: unknown FBoneNode bRemoveBone
BoolProperty: unknown FBoneNode bLockBone
BoolProperty: unknown FBoneNode bRemoveBone
BoolProperty: unknown FBoneNode bLockBone
BoolProperty: unknown FBoneNode bRemoveBone
BoolProperty: unknown FBoneNode bLockBone
BoolProperty: unknown FBoneNode bRemoveBone
BoolProperty: unknown FBoneNode bLockBone
BoolProperty: unknown FBoneNode bRemoveBone
BoolProperty: unknown FBoneNode bLockBone
BoolProperty: unknown FBoneNode bRemoveBone
BoolProperty: unknown FBoneNode bLockBone
BoolProperty: unknown FBoneNode bRemoveBone
BoolProperty: unknown FBoneNode bLockBone
BoolProperty: unknown FBoneNode bRemoveBone
BoolProperty: unknown FBoneNode bLockBone
BoolProperty: unknown FBoneNode bRemoveBone
BoolProperty: unknown FBoneNode bLockBone
BoolProperty: unknown FBoneNode bRemoveBone
BoolProperty: unknown FBoneNode bLockBone
BoolProperty: unknown FBoneNode bRemoveBone
BoolProperty: unknown FBoneNode bLockBone
BoolProperty: unknown FBoneNode bRemoveBone
BoolProperty: unknown FBoneNode bLockBone
BoolProperty: unknown FBoneNode bRemoveBone
BoolProperty: unknown FBoneNode bLockBone
BoolProperty: unknown FBoneNode bRemoveBone
BoolProperty: unknown FBoneNode bLockBone
BoolProperty: unknown FBoneNode bRemoveBone
BoolProperty: unknown FBoneNode bLockBone
BoolProperty: unknown FBoneNode bRemoveBone
BoolProperty: unknown FBoneNode bLockBone
BoolProperty: unknown FBoneNode bRemoveBone
BoolProperty: unknown FBoneNode bLockBone
BoolProperty: unknown FBoneNode bRemoveBone
BoolProperty: unknown FBoneNode bLockBone
BoolProperty: unknown FBoneNode bRemoveBone
BoolProperty: unknown FBoneNode bLockBone
BoolProperty: unknown FBoneNode bRemoveBone
BoolProperty: unknown FBoneNode bLockBone
BoolProperty: unknown FBoneNode bRemoveBone
BoolProperty: unknown FBoneNode bLockBone
BoolProperty: unknown FBoneNode bRemoveBone
BoolProperty: unknown FBoneNode bLockBone
BoolProperty: unknown FBoneNode bRemoveBone
Exporting objects ...
Exporting AnimSequence4 Direwolf-Aim-Up-Rit to C:/Users/Nez/Desktop/GitHub/Ark-Survival-Returns/.work/exports/actorx/PrimalEarth/Dinos/Direwolf/Animations/Direwolf-Aim-Up-Rit.psa
Memory: allocated 500480 bytes in 506 blocks
Loading AnimSequence4 Direwolf-Aim-Up from package PrimalEarth/Dinos/Direwolf/Animations/Direwolf-Aim-Up.uasset
Loading AnimSequence4 Direwolf-Idle from package PrimalEarth/Dinos/Direwolf/Animations/Direwolf-Idle.uasset
FloatProperty: unknown FAnimNotifyEvent DisplayTime
BoolProperty: unknown FAnimNotifyEvent bIgnoreOnDediServer
Loading Skeleton Direwolf_Skeleton from package PrimalEarth/Dinos/Direwolf/Direwolf_Skeleton.uasset
BoolProperty: unknown FBoneNode bLockBone
BoolProperty: unknown FBoneNode bRemoveBone
BoolProperty: unknown FBoneNode bLockBone
BoolProperty: unknown FBoneNode bRemoveBone
BoolProperty: unknown FBoneNode bLockBone
BoolProperty: unknown FBoneNode bRemoveBone
BoolProperty: unknown FBoneNode bLockBone
BoolProperty: unknown FBoneNode bRemoveBone
BoolProperty: unknown FBoneNode bLockBone
BoolProperty: unknown FBoneNode bRemoveBone
BoolProperty: unknown FBoneNode bLockBone
BoolProperty: unknown FBoneNode bRemoveBone
BoolProperty: unknown FBoneNode bLockBone
BoolProperty: unknown FBoneNode bRemoveBone
BoolProperty: unknown FBoneNode bLockBone
BoolProperty: unknown FBoneNode bRemoveBone
BoolProperty: unknown FBoneNode bLockBone
BoolProperty: unknown FBoneNode bRemoveBone
BoolProperty: unknown FBoneNode bLockBone
BoolProperty: unknown FBoneNode bRemoveBone
BoolProperty: unknown FBoneNode bLockBone
BoolProperty: unknown FBoneNode bRemoveBone
BoolProperty: unknown FBoneNode bLockBone
BoolProperty: unknown FBoneNode bRemoveBone
BoolProperty: unknown FBoneNode bLockBone
BoolProperty: unknown FBoneNode bRemoveBone
BoolProperty: unknown FBoneNode bLockBone
BoolProperty: unknown FBoneNode bRemoveBone
BoolProperty: unknown FBoneNode bLockBone
BoolProperty: unknown FBoneNode bRemoveBone
BoolProperty: unknown FBoneNode bLockBone
BoolProperty: unknown FBoneNode bRemoveBone
BoolProperty: unknown FBoneNode bLockBone
BoolProperty: unknown FBoneNode bRemoveBone
BoolProperty: unknown FBoneNode bLockBone
BoolProperty: unknown FBoneNode bRemoveBone
BoolProperty: unknown FBoneNode bLockBone
BoolProperty: unknown FBoneNode bRemoveBone
BoolProperty: unknown FBoneNode bLockBone
BoolProperty: unknown FBoneNode bRemoveBone
BoolProperty: unknown FBoneNode bLockBone
BoolProperty: unknown FBoneNode bRemoveBone
BoolProperty: unknown FBoneNode bLockBone
BoolProperty: unknown FBoneNode bRemoveBone
BoolProperty: unknown FBoneNode bLockBone
BoolProperty: unknown FBoneNode bRemoveBone
BoolProperty: unknown FBoneNode bLockBone
BoolProperty: unknown FBoneNode bRemoveBone
BoolProperty: unknown FBoneNode bLockBone
BoolProperty: unknown FBoneNode bRemoveBone
BoolProperty: unknown FBoneNode bLockBone
BoolProperty: unknown FBoneNode bRemoveBone
BoolProperty: unknown FBoneNode bLockBone
BoolProperty: unknown FBoneNode bRemoveBone
BoolProperty: unknown FBoneNode bLockBone
BoolProperty: unknown FBoneNode bRemoveBone
BoolProperty: unknown FBoneNode bLockBone
BoolProperty: unknown FBoneNode bRemoveBone
BoolProperty: unknown FBoneNode bLockBone
BoolProperty: unknown FBoneNode bRemoveBone
BoolProperty: unknown FBoneNode bLockBone
BoolProperty: unknown FBoneNode bRemoveBone
BoolProperty: unknown FBoneNode bLockBone
BoolProperty: unknown FBoneNode bRemoveBone
BoolProperty: unknown FBoneNode bLockBone
BoolProperty: unknown FBoneNode bRemoveBone
BoolProperty: unknown FBoneNode bLockBone
BoolProperty: unknown FBoneNode bRemoveBone
BoolProperty: unknown FBoneNode bLockBone
BoolProperty: unknown FBoneNode bRemoveBone
BoolProperty: unknown FBoneNode bLockBone
BoolProperty: unknown FBoneNode bRemoveBone
BoolProperty: unknown FBoneNode bLockBone
BoolProperty: unknown FBoneNode bRemoveBone
BoolProperty: unknown FBoneNode bLockBone
BoolProperty: unknown FBoneNode bRemoveBone
BoolProperty: unknown FBoneNode bLockBone
BoolProperty: unknown FBoneNode bRemoveBone
BoolProperty: unknown FBoneNode bLockBone
BoolProperty: unknown FBoneNode bRemoveBone
BoolProperty: unknown FBoneNode bLockBone
BoolProperty: unknown FBoneNode bRemoveBone
BoolProperty: unknown FBoneNode bLockBone
BoolProperty: unknown FBoneNode bRemoveBone
BoolProperty: unknown FBoneNode bLockBone
BoolProperty: unknown FBoneNode bRemoveBone
BoolProperty: unknown FBoneNode bLockBone
BoolProperty: unknown FBoneNode bRemoveBone
BoolProperty: unknown FBoneNode bLockBone
BoolProperty: unknown FBoneNode bRemoveBone
BoolProperty: unknown FBoneNode bLockBone
BoolProperty: unknown FBoneNode bRemoveBone
BoolProperty: unknown FBoneNode bLockBone
BoolProperty: unknown FBoneNode bRemoveBone
BoolProperty: unknown FBoneNode bLockBone
BoolProperty: unknown FBoneNode bRemoveBone
BoolProperty: unknown FBoneNode bLockBone
BoolProperty: unknown FBoneNode bRemoveBone
BoolProperty: unknown FBoneNode bLockBone
BoolProperty: unknown FBoneNode bRemoveBone
BoolProperty: unknown FBoneNode bLockBone
BoolProperty: unknown FBoneNode bRemoveBone
BoolProperty: unknown FBoneNode bLockBone
BoolProperty: unknown FBoneNode bRemoveBone
BoolProperty: unknown FBoneNode bLockBone
BoolProperty: unknown FBoneNode bRemoveBone
BoolProperty: unknown FBoneNode bLockBone
BoolProperty: unknown FBoneNode bRemoveBone
BoolProperty: unknown FBoneNode bLockBone
BoolProperty: unknown FBoneNode bRemoveBone
BoolProperty: unknown FBoneNode bLockBone
BoolProperty: unknown FBoneNode bRemoveBone
BoolProperty: unknown FBoneNode bLockBone
BoolProperty: unknown FBoneNode bRemoveBone
BoolProperty: unknown FBoneNode bLockBone
BoolProperty: unknown FBoneNode bRemoveBone
BoolProperty: unknown FBoneNode bLockBone
BoolProperty: unknown FBoneNode bRemoveBone
BoolProperty: unknown FBoneNode bLockBone
BoolProperty: unknown FBoneNode bRemoveBone
BoolProperty: unknown FBoneNode bLockBone
BoolProperty: unknown FBoneNode bRemoveBone
BoolProperty: unknown FBoneNode bLockBone
BoolProperty: unknown FBoneNode bRemoveBone
BoolProperty: unknown FBoneNode bLockBone
BoolProperty: unknown FBoneNode bRemoveBone
BoolProperty: unknown FBoneNode bLockBone
BoolProperty: unknown FBoneNode bRemoveBone
BoolProperty: unknown FBoneNode bLockBone
BoolProperty: unknown FBoneNode bRemoveBone
BoolProperty: unknown FBoneNode bLockBone
BoolProperty: unknown FBoneNode bRemoveBone
BoolProperty: unknown FBoneNode bLockBone
BoolProperty: unknown FBoneNode bRemoveBone
BoolProperty: unknown FBoneNode bLockBone
BoolProperty: unknown FBoneNode bRemoveBone
BoolProperty: unknown FBoneNode bLockBone
BoolProperty: unknown FBoneNode bRemoveBone
BoolProperty: unknown FBoneNode bLockBone
BoolProperty: unknown FBoneNode bRemoveBone
BoolProperty: unknown FBoneNode bLockBone
BoolProperty: unknown FBoneNode bRemoveBone
BoolProperty: unknown FBoneNode bLockBone
BoolProperty: unknown FBoneNode bRemoveBone
BoolProperty: unknown FBoneNode bLockBone
BoolProperty: unknown FBoneNode bRemoveBone
BoolProperty: unknown FBoneNode bLockBone
BoolProperty: unknown FBoneNode bRemoveBone
BoolProperty: unknown FBoneNode bLockBone
BoolProperty: unknown FBoneNode bRemoveBone
BoolProperty: unknown FBoneNode bLockBone
BoolProperty: unknown FBoneNode bRemoveBone
BoolProperty: unknown FBoneNode bLockBone
BoolProperty: unknown FBoneNode bRemoveBone
BoolProperty: unknown FBoneNode bLockBone
BoolProperty: unknown FBoneNode bRemoveBone
BoolProperty: unknown FBoneNode bLockBone
BoolProperty: unknown FBoneNode bRemoveBone
BoolProperty: unknown FBoneNode bLockBone
BoolProperty: unknown FBoneNode bRemoveBone
BoolProperty: unknown FBoneNode bLockBone
BoolProperty: unknown FBoneNode bRemoveBone
BoolProperty: unknown FBoneNode bLockBone
BoolProperty: unknown FBoneNode bRemoveBone
BoolProperty: unknown FBoneNode bLockBone
BoolProperty: unknown FBoneNode bRemoveBone
BoolProperty: unknown FBoneNode bLockBone
BoolProperty: unknown FBoneNode bRemoveBone
BoolProperty: unknown FBoneNode bLockBone
BoolProperty: unknown FBoneNode bRemoveBone
BoolProperty: unknown FBoneNode bLockBone
BoolProperty: unknown FBoneNode bRemoveBone
BoolProperty: unknown FBoneNode bLockBone
BoolProperty: unknown FBoneNode bRemoveBone
BoolProperty: unknown FBoneNode bLockBone
BoolProperty: unknown FBoneNode bRemoveBone
BoolProperty: unknown FBoneNode bLockBone
BoolProperty: unknown FBoneNode bRemoveBone
Exporting objects ...
Exporting AnimSequence4 Direwolf-Aim-Up to C:/Users/Nez/Desktop/GitHub/Ark-Survival-Returns/.work/exports/actorx/PrimalEarth/Dinos/Direwolf/Animations/Direwolf-Aim-Up.psa
Memory: allocated 512768 bytes in 509 blocks
Loading AnimSequence4 Direwolf-Attack-Bite from package PrimalEarth/Dinos/Direwolf/Animations/Direwolf-Attack-Bite.uasset
FloatProperty: unknown FAnimNotifyEvent DisplayTime
BoolProperty: unknown FAnimNotifyEvent bIgnoreOnDediServer
Loading AnimSequence4 Direwolf-Idle from package PrimalEarth/Dinos/Direwolf/Animations/Direwolf-Idle.uasset
FloatProperty: unknown FAnimNotifyEvent DisplayTime
BoolProperty: unknown FAnimNotifyEvent bIgnoreOnDediServer
Loading Skeleton Direwolf_Skeleton from package PrimalEarth/Dinos/Direwolf/Direwolf_Skeleton.uasset
BoolProperty: unknown FBoneNode bLockBone
BoolProperty: unknown FBoneNode bRemoveBone
BoolProperty: unknown FBoneNode bLockBone
BoolProperty: unknown FBoneNode bRemoveBone
BoolProperty: unknown FBoneNode bLockBone
BoolProperty: unknown FBoneNode bRemoveBone
BoolProperty: unknown FBoneNode bLockBone
BoolProperty: unknown FBoneNode bRemoveBone
BoolProperty: unknown FBoneNode bLockBone
BoolProperty: unknown FBoneNode bRemoveBone
BoolProperty: unknown FBoneNode bLockBone
BoolProperty: unknown FBoneNode bRemoveBone
BoolProperty: unknown FBoneNode bLockBone
BoolProperty: unknown FBoneNode bRemoveBone
BoolProperty: unknown FBoneNode bLockBone
BoolProperty: unknown FBoneNode bRemoveBone
BoolProperty: unknown FBoneNode bLockBone
BoolProperty: unknown FBoneNode bRemoveBone
BoolProperty: unknown FBoneNode bLockBone
BoolProperty: unknown FBoneNode bRemoveBone
BoolProperty: unknown FBoneNode bLockBone
BoolProperty: unknown FBoneNode bRemoveBone
BoolProperty: unknown FBoneNode bLockBone
BoolProperty: unknown FBoneNode bRemoveBone
BoolProperty: unknown FBoneNode bLockBone
BoolProperty: unknown FBoneNode bRemoveBone
BoolProperty: unknown FBoneNode bLockBone
BoolProperty: unknown FBoneNode bRemoveBone
BoolProperty: unknown FBoneNode bLockBone
BoolProperty: unknown FBoneNode bRemoveBone
BoolProperty: unknown FBoneNode bLockBone
BoolProperty: unknown FBoneNode bRemoveBone
BoolProperty: unknown FBoneNode bLockBone
BoolProperty: unknown FBoneNode bRemoveBone
BoolProperty: unknown FBoneNode bLockBone
BoolProperty: unknown FBoneNode bRemoveBone
BoolProperty: unknown FBoneNode bLockBone
BoolProperty: unknown FBoneNode bRemoveBone
BoolProperty: unknown FBoneNode bLockBone
BoolProperty: unknown FBoneNode bRemoveBone
BoolProperty: unknown FBoneNode bLockBone
BoolProperty: unknown FBoneNode bRemoveBone
BoolProperty: unknown FBoneNode bLockBone
BoolProperty: unknown FBoneNode bRemoveBone
BoolProperty: unknown FBoneNode bLockBone
BoolProperty: unknown FBoneNode bRemoveBone
BoolProperty: unknown FBoneNode bLockBone
BoolProperty: unknown FBoneNode bRemoveBone
BoolProperty: unknown FBoneNode bLockBone
BoolProperty: unknown FBoneNode bRemoveBone
BoolProperty: unknown FBoneNode bLockBone
BoolProperty: unknown FBoneNode bRemoveBone
BoolProperty: unknown FBoneNode bLockBone
BoolProperty: unknown FBoneNode bRemoveBone
BoolProperty: unknown FBoneNode bLockBone
BoolProperty: unknown FBoneNode bRemoveBone
BoolProperty: unknown FBoneNode bLockBone
BoolProperty: unknown FBoneNode bRemoveBone
BoolProperty: unknown FBoneNode bLockBone
BoolProperty: unknown FBoneNode bRemoveBone
BoolProperty: unknown FBoneNode bLockBone
BoolProperty: unknown FBoneNode bRemoveBone
BoolProperty: unknown FBoneNode bLockBone
BoolProperty: unknown FBoneNode bRemoveBone
BoolProperty: unknown FBoneNode bLockBone
BoolProperty: unknown FBoneNode bRemoveBone
BoolProperty: unknown FBoneNode bLockBone
BoolProperty: unknown FBoneNode bRemoveBone
BoolProperty: unknown FBoneNode bLockBone
BoolProperty: unknown FBoneNode bRemoveBone
BoolProperty: unknown FBoneNode bLockBone
BoolProperty: unknown FBoneNode bRemoveBone
BoolProperty: unknown FBoneNode bLockBone
BoolProperty: unknown FBoneNode bRemoveBone
BoolProperty: unknown FBoneNode bLockBone
BoolProperty: unknown FBoneNode bRemoveBone
BoolProperty: unknown FBoneNode bLockBone
BoolProperty: unknown FBoneNode bRemoveBone
BoolProperty: unknown FBoneNode bLockBone
BoolProperty: unknown FBoneNode bRemoveBone
BoolProperty: unknown FBoneNode bLockBone
BoolProperty: unknown FBoneNode bRemoveBone
BoolProperty: unknown FBoneNode bLockBone
BoolProperty: unknown FBoneNode bRemoveBone
BoolProperty: unknown FBoneNode bLockBone
BoolProperty: unknown FBoneNode bRemoveBone
BoolProperty: unknown FBoneNode bLockBone
BoolProperty: unknown FBoneNode bRemoveBone
BoolProperty: unknown FBoneNode bLockBone
BoolProperty: unknown FBoneNode bRemoveBone
BoolProperty: unknown FBoneNode bLockBone
BoolProperty: unknown FBoneNode bRemoveBone
BoolProperty: unknown FBoneNode bLockBone
BoolProperty: unknown FBoneNode bRemoveBone
BoolProperty: unknown FBoneNode bLockBone
BoolProperty: unknown FBoneNode bRemoveBone
BoolProperty: unknown FBoneNode bLockBone
BoolProperty: unknown FBoneNode bRemoveBone
BoolProperty: unknown FBoneNode bLockBone
BoolProperty: unknown FBoneNode bRemoveBone
BoolProperty: unknown FBoneNode bLockBone
BoolProperty: unknown FBoneNode bRemoveBone
BoolProperty: unknown FBoneNode bLockBone
BoolProperty: unknown FBoneNode bRemoveBone
BoolProperty: unknown FBoneNode bLockBone
BoolProperty: unknown FBoneNode bRemoveBone
BoolProperty: unknown FBoneNode bLockBone
BoolProperty: unknown FBoneNode bRemoveBone
BoolProperty: unknown FBoneNode bLockBone
BoolProperty: unknown FBoneNode bRemoveBone
BoolProperty: unknown FBoneNode bLockBone
BoolProperty: unknown FBoneNode bRemoveBone
BoolProperty: unknown FBoneNode bLockBone
BoolProperty: unknown FBoneNode bRemoveBone
BoolProperty: unknown FBoneNode bLockBone
BoolProperty: unknown FBoneNode bRemoveBone
BoolProperty: unknown FBoneNode bLockBone
BoolProperty: unknown FBoneNode bRemoveBone
BoolProperty: unknown FBoneNode bLockBone
BoolProperty: unknown FBoneNode bRemoveBone
BoolProperty: unknown FBoneNode bLockBone
BoolProperty: unknown FBoneNode bRemoveBone
BoolProperty: unknown FBoneNode bLockBone
BoolProperty: unknown FBoneNode bRemoveBone
BoolProperty: unknown FBoneNode bLockBone
BoolProperty: unknown FBoneNode bRemoveBone
BoolProperty: unknown FBoneNode bLockBone
BoolProperty: unknown FBoneNode bRemoveBone
BoolProperty: unknown FBoneNode bLockBone
BoolProperty: unknown FBoneNode bRemoveBone
BoolProperty: unknown FBoneNode bLockBone
BoolProperty: unknown FBoneNode bRemoveBone
BoolProperty: unknown FBoneNode bLockBone
BoolProperty: unknown FBoneNode bRemoveBone
BoolProperty: unknown FBoneNode bLockBone
BoolProperty: unknown FBoneNode bRemoveBone
BoolProperty: unknown FBoneNode bLockBone
BoolProperty: unknown FBoneNode bRemoveBone
BoolProperty: unknown FBoneNode bLockBone
BoolProperty: unknown FBoneNode bRemoveBone
BoolProperty: unknown FBoneNode bLockBone
BoolProperty: unknown FBoneNode bRemoveBone
BoolProperty: unknown FBoneNode bLockBone
BoolProperty: unknown FBoneNode bRemoveBone
BoolProperty: unknown FBoneNode bLockBone
BoolProperty: unknown FBoneNode bRemoveBone
BoolProperty: unknown FBoneNode bLockBone
BoolProperty: unknown FBoneNode bRemoveBone
BoolProperty: unknown FBoneNode bLockBone
BoolProperty: unknown FBoneNode bRemoveBone
BoolProperty: unknown FBoneNode bLockBone
BoolProperty: unknown FBoneNode bRemoveBone
BoolProperty: unknown FBoneNode bLockBone
BoolProperty: unknown FBoneNode bRemoveBone
BoolProperty: unknown FBoneNode bLockBone
BoolProperty: unknown FBoneNode bRemoveBone
BoolProperty: unknown FBoneNode bLockBone
BoolProperty: unknown FBoneNode bRemoveBone
BoolProperty: unknown FBoneNode bLockBone
BoolProperty: unknown FBoneNode bRemoveBone
BoolProperty: unknown FBoneNode bLockBone
BoolProperty: unknown FBoneNode bRemoveBone
BoolProperty: unknown FBoneNode bLockBone
BoolProperty: unknown FBoneNode bRemoveBone
BoolProperty: unknown FBoneNode bLockBone
BoolProperty: unknown FBoneNode bRemoveBone
BoolProperty: unknown FBoneNode bLockBone
BoolProperty: unknown FBoneNode bRemoveBone
BoolProperty: unknown FBoneNode bLockBone
BoolProperty: unknown FBoneNode bRemoveBone
BoolProperty: unknown FBoneNode bLockBone
BoolProperty: unknown FBoneNode bRemoveBone
BoolProperty: unknown FBoneNode bLockBone
BoolProperty: unknown FBoneNode bRemoveBone
BoolProperty: unknown FBoneNode bLockBone
BoolProperty: unknown FBoneNode bRemoveBone
BoolProperty: unknown FBoneNode bLockBone
BoolProperty: unknown FBoneNode bRemoveBone
Exporting objects ...
Exporting AnimSequence4 Direwolf-Attack-Bite to C:/Users/Nez/Desktop/GitHub/Ark-Survival-Returns/.work/exports/actorx/PrimalEarth/Dinos/Direwolf/Animations/Direwolf-Attack-Bite.psa
Memory: allocated 525056 bytes in 512 blocks
Loading AnimSequence4 Direwolf-Blink from package PrimalEarth/Dinos/Direwolf/Animations/Direwolf-Blink.uasset
Loading AnimSequence4 Direwolf-Idle from package PrimalEarth/Dinos/Direwolf/Animations/Direwolf-Idle.uasset
FloatProperty: unknown FAnimNotifyEvent DisplayTime
BoolProperty: unknown FAnimNotifyEvent bIgnoreOnDediServer
Loading Skeleton Direwolf_Skeleton from package PrimalEarth/Dinos/Direwolf/Direwolf_Skeleton.uasset
BoolProperty: unknown FBoneNode bLockBone
BoolProperty: unknown FBoneNode bRemoveBone
BoolProperty: unknown FBoneNode bLockBone
BoolProperty: unknown FBoneNode bRemoveBone
BoolProperty: unknown FBoneNode bLockBone
BoolProperty: unknown FBoneNode bRemoveBone
BoolProperty: unknown FBoneNode bLockBone
BoolProperty: unknown FBoneNode bRemoveBone
BoolProperty: unknown FBoneNode bLockBone
BoolProperty: unknown FBoneNode bRemoveBone
BoolProperty: unknown FBoneNode bLockBone
BoolProperty: unknown FBoneNode bRemoveBone
BoolProperty: unknown FBoneNode bLockBone
BoolProperty: unknown FBoneNode bRemoveBone
BoolProperty: unknown FBoneNode bLockBone
BoolProperty: unknown FBoneNode bRemoveBone
BoolProperty: unknown FBoneNode bLockBone
BoolProperty: unknown FBoneNode bRemoveBone
BoolProperty: unknown FBoneNode bLockBone
BoolProperty: unknown FBoneNode bRemoveBone
BoolProperty: unknown FBoneNode bLockBone
BoolProperty: unknown FBoneNode bRemoveBone
BoolProperty: unknown FBoneNode bLockBone
BoolProperty: unknown FBoneNode bRemoveBone
BoolProperty: unknown FBoneNode bLockBone
BoolProperty: unknown FBoneNode bRemoveBone
BoolProperty: unknown FBoneNode bLockBone
BoolProperty: unknown FBoneNode bRemoveBone
BoolProperty: unknown FBoneNode bLockBone
BoolProperty: unknown FBoneNode bRemoveBone
BoolProperty: unknown FBoneNode bLockBone
BoolProperty: unknown FBoneNode bRemoveBone
BoolProperty: unknown FBoneNode bLockBone
BoolProperty: unknown FBoneNode bRemoveBone
BoolProperty: unknown FBoneNode bLockBone
BoolProperty: unknown FBoneNode bRemoveBone
BoolProperty: unknown FBoneNode bLockBone
BoolProperty: unknown FBoneNode bRemoveBone
BoolProperty: unknown FBoneNode bLockBone
BoolProperty: unknown FBoneNode bRemoveBone
BoolProperty: unknown FBoneNode bLockBone
BoolProperty: unknown FBoneNode bRemoveBone
BoolProperty: unknown FBoneNode bLockBone
BoolProperty: unknown FBoneNode bRemoveBone
BoolProperty: unknown FBoneNode bLockBone
BoolProperty: unknown FBoneNode bRemoveBone
BoolProperty: unknown FBoneNode bLockBone
BoolProperty: unknown FBoneNode bRemoveBone
BoolProperty: unknown FBoneNode bLockBone
BoolProperty: unknown FBoneNode bRemoveBone
BoolProperty: unknown FBoneNode bLockBone
BoolProperty: unknown FBoneNode bRemoveBone
BoolProperty: unknown FBoneNode bLockBone
BoolProperty: unknown FBoneNode bRemoveBone
BoolProperty: unknown FBoneNode bLockBone
BoolProperty: unknown FBoneNode bRemoveBone
BoolProperty: unknown FBoneNode bLockBone
BoolProperty: unknown FBoneNode bRemoveBone
BoolProperty: unknown FBoneNode bLockBone
BoolProperty: unknown FBoneNode bRemoveBone
BoolProperty: unknown FBoneNode bLockBone
BoolProperty: unknown FBoneNode bRemoveBone
BoolProperty: unknown FBoneNode bLockBone
BoolProperty: unknown FBoneNode bRemoveBone
BoolProperty: unknown FBoneNode bLockBone
BoolProperty: unknown FBoneNode bRemoveBone
BoolProperty: unknown FBoneNode bLockBone
BoolProperty: unknown FBoneNode bRemoveBone
BoolProperty: unknown FBoneNode bLockBone
BoolProperty: unknown FBoneNode bRemoveBone
BoolProperty: unknown FBoneNode bLockBone
BoolProperty: unknown FBoneNode bRemoveBone
BoolProperty: unknown FBoneNode bLockBone
BoolProperty: unknown FBoneNode bRemoveBone
BoolProperty: unknown FBoneNode bLockBone
BoolProperty: unknown FBoneNode bRemoveBone
BoolProperty: unknown FBoneNode bLockBone
BoolProperty: unknown FBoneNode bRemoveBone
BoolProperty: unknown FBoneNode bLockBone
BoolProperty: unknown FBoneNode bRemoveBone
BoolProperty: unknown FBoneNode bLockBone
BoolProperty: unknown FBoneNode bRemoveBone
BoolProperty: unknown FBoneNode bLockBone
BoolProperty: unknown FBoneNode bRemoveBone
BoolProperty: unknown FBoneNode bLockBone
BoolProperty: unknown FBoneNode bRemoveBone
BoolProperty: unknown FBoneNode bLockBone
BoolProperty: unknown FBoneNode bRemoveBone
BoolProperty: unknown FBoneNode bLockBone
BoolProperty: unknown FBoneNode bRemoveBone
BoolProperty: unknown FBoneNode bLockBone
BoolProperty: unknown FBoneNode bRemoveBone
BoolProperty: unknown FBoneNode bLockBone
BoolProperty: unknown FBoneNode bRemoveBone
BoolProperty: unknown FBoneNode bLockBone
BoolProperty: unknown FBoneNode bRemoveBone
BoolProperty: unknown FBoneNode bLockBone
BoolProperty: unknown FBoneNode bRemoveBone
BoolProperty: unknown FBoneNode bLockBone
BoolProperty: unknown FBoneNode bRemoveBone
BoolProperty: unknown FBoneNode bLockBone
BoolProperty: unknown FBoneNode bRemoveBone
BoolProperty: unknown FBoneNode bLockBone
BoolProperty: unknown FBoneNode bRemoveBone
BoolProperty: unknown FBoneNode bLockBone
BoolProperty: unknown FBoneNode bRemoveBone
BoolProperty: unknown FBoneNode bLockBone
BoolProperty: unknown FBoneNode bRemoveBone
BoolProperty: unknown FBoneNode bLockBone
BoolProperty: unknown FBoneNode bRemoveBone
BoolProperty: unknown FBoneNode bLockBone
BoolProperty: unknown FBoneNode bRemoveBone
BoolProperty: unknown FBoneNode bLockBone
BoolProperty: unknown FBoneNode bRemoveBone
BoolProperty: unknown FBoneNode bLockBone
BoolProperty: unknown FBoneNode bRemoveBone
BoolProperty: unknown FBoneNode bLockBone
BoolProperty: unknown FBoneNode bRemoveBone
BoolProperty: unknown FBoneNode bLockBone
BoolProperty: unknown FBoneNode bRemoveBone
BoolProperty: unknown FBoneNode bLockBone
BoolProperty: unknown FBoneNode bRemoveBone
BoolProperty: unknown FBoneNode bLockBone
BoolProperty: unknown FBoneNode bRemoveBone
BoolProperty: unknown FBoneNode bLockBone
BoolProperty: unknown FBoneNode bRemoveBone
BoolProperty: unknown FBoneNode bLockBone
BoolProperty: unknown FBoneNode bRemoveBone
BoolProperty: unknown FBoneNode bLockBone
BoolProperty: unknown FBoneNode bRemoveBone
BoolProperty: unknown FBoneNode bLockBone
BoolProperty: unknown FBoneNode bRemoveBone
BoolProperty: unknown FBoneNode bLockBone
BoolProperty: unknown FBoneNode bRemoveBone
BoolProperty: unknown FBoneNode bLockBone
BoolProperty: unknown FBoneNode bRemoveBone
BoolProperty: unknown FBoneNode bLockBone
BoolProperty: unknown FBoneNode bRemoveBone
BoolProperty: unknown FBoneNode bLockBone
BoolProperty: unknown FBoneNode bRemoveBone
BoolProperty: unknown FBoneNode bLockBone
BoolProperty: unknown FBoneNode bRemoveBone
BoolProperty: unknown FBoneNode bLockBone
BoolProperty: unknown FBoneNode bRemoveBone
BoolProperty: unknown FBoneNode bLockBone
BoolProperty: unknown FBoneNode bRemoveBone
BoolProperty: unknown FBoneNode bLockBone
BoolProperty: unknown FBoneNode bRemoveBone
BoolProperty: unknown FBoneNode bLockBone
BoolProperty: unknown FBoneNode bRemoveBone
BoolProperty: unknown FBoneNode bLockBone
BoolProperty: unknown FBoneNode bRemoveBone
BoolProperty: unknown FBoneNode bLockBone
BoolProperty: unknown FBoneNode bRemoveBone
BoolProperty: unknown FBoneNode bLockBone
BoolProperty: unknown FBoneNode bRemoveBone
BoolProperty: unknown FBoneNode bLockBone
BoolProperty: unknown FBoneNode bRemoveBone
BoolProperty: unknown FBoneNode bLockBone
BoolProperty: unknown FBoneNode bRemoveBone
BoolProperty: unknown FBoneNode bLockBone
BoolProperty: unknown FBoneNode bRemoveBone
BoolProperty: unknown FBoneNode bLockBone
BoolProperty: unknown FBoneNode bRemoveBone
BoolProperty: unknown FBoneNode bLockBone
BoolProperty: unknown FBoneNode bRemoveBone
BoolProperty: unknown FBoneNode bLockBone
BoolProperty: unknown FBoneNode bRemoveBone
BoolProperty: unknown FBoneNode bLockBone
BoolProperty: unknown FBoneNode bRemoveBone
BoolProperty: unknown FBoneNode bLockBone
BoolProperty: unknown FBoneNode bRemoveBone
BoolProperty: unknown FBoneNode bLockBone
BoolProperty: unknown FBoneNode bRemoveBone
BoolProperty: unknown FBoneNode bLockBone
BoolProperty: unknown FBoneNode bRemoveBone
BoolProperty: unknown FBoneNode bLockBone
BoolProperty: unknown FBoneNode bRemoveBone
Exporting objects ...
Exporting AnimSequence4 Direwolf-Blink to C:/Users/Nez/Desktop/GitHub/Ark-Survival-Returns/.work/exports/actorx/PrimalEarth/Dinos/Direwolf/Animations/Direwolf-Blink.psa
Memory: allocated 537344 bytes in 515 blocks
Loading AnimSequence4 Direwolf-Charge-Fwd from package PrimalEarth/Dinos/Direwolf/Animations/Direwolf-Charge-Fwd.uasset
FloatProperty: unknown FAnimNotifyEvent DisplayTime
BoolProperty: unknown FAnimNotifyEvent bIgnoreOnDediServer
FloatProperty: unknown FAnimNotifyEvent DisplayTime
BoolProperty: unknown FAnimNotifyEvent bIgnoreOnDediServer
FloatProperty: unknown FAnimNotifyEvent DisplayTime
BoolProperty: unknown FAnimNotifyEvent bIgnoreOnDediServer
FloatProperty: unknown FAnimNotifyEvent DisplayTime
BoolProperty: unknown FAnimNotifyEvent bIgnoreOnDediServer
FloatProperty: unknown FAnimNotifyEvent DisplayTime
BoolProperty: unknown FAnimNotifyEvent bIgnoreOnDediServer
FloatProperty: unknown FAnimNotifyEvent DisplayTime
BoolProperty: unknown FAnimNotifyEvent bIgnoreOnDediServer
FloatProperty: unknown FAnimNotifyEvent DisplayTime
BoolProperty: unknown FAnimNotifyEvent bIgnoreOnDediServer
FloatProperty: unknown FAnimNotifyEvent DisplayTime
BoolProperty: unknown FAnimNotifyEvent bIgnoreOnDediServer
FloatProperty: unknown FAnimNotifyEvent DisplayTime
BoolProperty: unknown FAnimNotifyEvent bIgnoreOnDediServer
Loading Skeleton Direwolf_Skeleton from package PrimalEarth/Dinos/Direwolf/Direwolf_Skeleton.uasset
BoolProperty: unknown FBoneNode bLockBone
BoolProperty: unknown FBoneNode bRemoveBone
BoolProperty: unknown FBoneNode bLockBone
BoolProperty: unknown FBoneNode bRemoveBone
BoolProperty: unknown FBoneNode bLockBone
BoolProperty: unknown FBoneNode bRemoveBone
BoolProperty: unknown FBoneNode bLockBone
BoolProperty: unknown FBoneNode bRemoveBone
BoolProperty: unknown FBoneNode bLockBone
BoolProperty: unknown FBoneNode bRemoveBone
BoolProperty: unknown FBoneNode bLockBone
BoolProperty: unknown FBoneNode bRemoveBone
BoolProperty: unknown FBoneNode bLockBone
BoolProperty: unknown FBoneNode bRemoveBone
BoolProperty: unknown FBoneNode bLockBone
BoolProperty: unknown FBoneNode bRemoveBone
BoolProperty: unknown FBoneNode bLockBone
BoolProperty: unknown FBoneNode bRemoveBone
BoolProperty: unknown FBoneNode bLockBone
BoolProperty: unknown FBoneNode bRemoveBone
BoolProperty: unknown FBoneNode bLockBone
BoolProperty: unknown FBoneNode bRemoveBone
BoolProperty: unknown FBoneNode bLockBone
BoolProperty: unknown FBoneNode bRemoveBone
BoolProperty: unknown FBoneNode bLockBone
BoolProperty: unknown FBoneNode bRemoveBone
BoolProperty: unknown FBoneNode bLockBone
BoolProperty: unknown FBoneNode bRemoveBone
BoolProperty: unknown FBoneNode bLockBone
BoolProperty: unknown FBoneNode bRemoveBone
BoolProperty: unknown FBoneNode bLockBone
BoolProperty: unknown FBoneNode bRemoveBone
BoolProperty: unknown FBoneNode bLockBone
BoolProperty: unknown FBoneNode bRemoveBone
BoolProperty: unknown FBoneNode bLockBone
BoolProperty: unknown FBoneNode bRemoveBone
BoolProperty: unknown FBoneNode bLockBone
BoolProperty: unknown FBoneNode bRemoveBone
BoolProperty: unknown FBoneNode bLockBone
BoolProperty: unknown FBoneNode bRemoveBone
BoolProperty: unknown FBoneNode bLockBone
BoolProperty: unknown FBoneNode bRemoveBone
BoolProperty: unknown FBoneNode bLockBone
BoolProperty: unknown FBoneNode bRemoveBone
BoolProperty: unknown FBoneNode bLockBone
BoolProperty: unknown FBoneNode bRemoveBone
BoolProperty: unknown FBoneNode bLockBone
BoolProperty: unknown FBoneNode bRemoveBone
BoolProperty: unknown FBoneNode bLockBone
BoolProperty: unknown FBoneNode bRemoveBone
BoolProperty: unknown FBoneNode bLockBone
BoolProperty: unknown FBoneNode bRemoveBone
BoolProperty: unknown FBoneNode bLockBone
BoolProperty: unknown FBoneNode bRemoveBone
BoolProperty: unknown FBoneNode bLockBone
BoolProperty: unknown FBoneNode bRemoveBone
BoolProperty: unknown FBoneNode bLockBone
BoolProperty: unknown FBoneNode bRemoveBone
BoolProperty: unknown FBoneNode bLockBone
BoolProperty: unknown FBoneNode bRemoveBone
BoolProperty: unknown FBoneNode bLockBone
BoolProperty: unknown FBoneNode bRemoveBone
BoolProperty: unknown FBoneNode bLockBone
BoolProperty: unknown FBoneNode bRemoveBone
BoolProperty: unknown FBoneNode bLockBone
BoolProperty: unknown FBoneNode bRemoveBone
BoolProperty: unknown FBoneNode bLockBone
BoolProperty: unknown FBoneNode bRemoveBone
BoolProperty: unknown FBoneNode bLockBone
BoolProperty: unknown FBoneNode bRemoveBone
BoolProperty: unknown FBoneNode bLockBone
BoolProperty: unknown FBoneNode bRemoveBone
BoolProperty: unknown FBoneNode bLockBone
BoolProperty: unknown FBoneNode bRemoveBone
BoolProperty: unknown FBoneNode bLockBone
BoolProperty: unknown FBoneNode bRemoveBone
BoolProperty: unknown FBoneNode bLockBone
BoolProperty: unknown FBoneNode bRemoveBone
BoolProperty: unknown FBoneNode bLockBone
BoolProperty: unknown FBoneNode bRemoveBone
BoolProperty: unknown FBoneNode bLockBone
BoolProperty: unknown FBoneNode bRemoveBone
BoolProperty: unknown FBoneNode bLockBone
BoolProperty: unknown FBoneNode bRemoveBone
BoolProperty: unknown FBoneNode bLockBone
BoolProperty: unknown FBoneNode bRemoveBone
BoolProperty: unknown FBoneNode bLockBone
BoolProperty: unknown FBoneNode bRemoveBone
BoolProperty: unknown FBoneNode bLockBone
BoolProperty: unknown FBoneNode bRemoveBone
BoolProperty: unknown FBoneNode bLockBone
BoolProperty: unknown FBoneNode bRemoveBone
BoolProperty: unknown FBoneNode bLockBone
BoolProperty: unknown FBoneNode bRemoveBone
BoolProperty: unknown FBoneNode bLockBone
BoolProperty: unknown FBoneNode bRemoveBone
BoolProperty: unknown FBoneNode bLockBone
BoolProperty: unknown FBoneNode bRemoveBone
BoolProperty: unknown FBoneNode bLockBone
BoolProperty: unknown FBoneNode bRemoveBone
BoolProperty: unknown FBoneNode bLockBone
BoolProperty: unknown FBoneNode bRemoveBone
BoolProperty: unknown FBoneNode bLockBone
BoolProperty: unknown FBoneNode bRemoveBone
BoolProperty: unknown FBoneNode bLockBone
BoolProperty: unknown FBoneNode bRemoveBone
BoolProperty: unknown FBoneNode bLockBone
BoolProperty: unknown FBoneNode bRemoveBone
BoolProperty: unknown FBoneNode bLockBone
BoolProperty: unknown FBoneNode bRemoveBone
BoolProperty: unknown FBoneNode bLockBone
BoolProperty: unknown FBoneNode bRemoveBone
BoolProperty: unknown FBoneNode bLockBone
BoolProperty: unknown FBoneNode bRemoveBone
BoolProperty: unknown FBoneNode bLockBone
BoolProperty: unknown FBoneNode bRemoveBone
BoolProperty: unknown FBoneNode bLockBone
BoolProperty: unknown FBoneNode bRemoveBone
BoolProperty: unknown FBoneNode bLockBone
BoolProperty: unknown FBoneNode bRemoveBone
BoolProperty: unknown FBoneNode bLockBone
BoolProperty: unknown FBoneNode bRemoveBone
BoolProperty: unknown FBoneNode bLockBone
BoolProperty: unknown FBoneNode bRemoveBone
BoolProperty: unknown FBoneNode bLockBone
BoolProperty: unknown FBoneNode bRemoveBone
BoolProperty: unknown FBoneNode bLockBone
BoolProperty: unknown FBoneNode bRemoveBone
BoolProperty: unknown FBoneNode bLockBone
BoolProperty: unknown FBoneNode bRemoveBone
BoolProperty: unknown FBoneNode bLockBone
BoolProperty: unknown FBoneNode bRemoveBone
BoolProperty: unknown FBoneNode bLockBone
BoolProperty: unknown FBoneNode bRemoveBone
BoolProperty: unknown FBoneNode bLockBone
BoolProperty: unknown FBoneNode bRemoveBone
BoolProperty: unknown FBoneNode bLockBone
BoolProperty: unknown FBoneNode bRemoveBone
BoolProperty: unknown FBoneNode bLockBone
BoolProperty: unknown FBoneNode bRemoveBone
BoolProperty: unknown FBoneNode bLockBone
BoolProperty: unknown FBoneNode bRemoveBone
BoolProperty: unknown FBoneNode bLockBone
BoolProperty: unknown FBoneNode bRemoveBone
BoolProperty: unknown FBoneNode bLockBone
BoolProperty: unknown FBoneNode bRemoveBone
BoolProperty: unknown FBoneNode bLockBone
BoolProperty: unknown FBoneNode bRemoveBone
BoolProperty: unknown FBoneNode bLockBone
BoolProperty: unknown FBoneNode bRemoveBone
BoolProperty: unknown FBoneNode bLockBone
BoolProperty: unknown FBoneNode bRemoveBone
BoolProperty: unknown FBoneNode bLockBone
BoolProperty: unknown FBoneNode bRemoveBone
BoolProperty: unknown FBoneNode bLockBone
BoolProperty: unknown FBoneNode bRemoveBone
BoolProperty: unknown FBoneNode bLockBone
BoolProperty: unknown FBoneNode bRemoveBone
BoolProperty: unknown FBoneNode bLockBone
BoolProperty: unknown FBoneNode bRemoveBone
BoolProperty: unknown FBoneNode bLockBone
BoolProperty: unknown FBoneNode bRemoveBone
BoolProperty: unknown FBoneNode bLockBone
BoolProperty: unknown FBoneNode bRemoveBone
BoolProperty: unknown FBoneNode bLockBone
BoolProperty: unknown FBoneNode bRemoveBone
BoolProperty: unknown FBoneNode bLockBone
BoolProperty: unknown FBoneNode bRemoveBone
BoolProperty: unknown FBoneNode bLockBone
BoolProperty: unknown FBoneNode bRemoveBone
BoolProperty: unknown FBoneNode bLockBone
BoolProperty: unknown FBoneNode bRemoveBone
BoolProperty: unknown FBoneNode bLockBone
BoolProperty: unknown FBoneNode bRemoveBone
BoolProperty: unknown FBoneNode bLockBone
BoolProperty: unknown FBoneNode bRemoveBone
BoolProperty: unknown FBoneNode bLockBone
BoolProperty: unknown FBoneNode bRemoveBone
Exporting objects ...
Exporting AnimSequence4 Direwolf-Charge-Fwd to C:/Users/Nez/Desktop/GitHub/Ark-Survival-Returns/.work/exports/actorx/PrimalEarth/Dinos/Direwolf/Animations/Direwolf-Charge-Fwd.psa
Memory: allocated 549632 bytes in 518 blocks
Loading AnimSequence4 Direwolf-Charge-Lft from package PrimalEarth/Dinos/Direwolf/Animations/Direwolf-Charge-Lft.uasset
FloatProperty: unknown FAnimNotifyEvent DisplayTime
BoolProperty: unknown FAnimNotifyEvent bIgnoreOnDediServer
FloatProperty: unknown FAnimNotifyEvent DisplayTime
BoolProperty: unknown FAnimNotifyEvent bIgnoreOnDediServer
FloatProperty: unknown FAnimNotifyEvent DisplayTime
BoolProperty: unknown FAnimNotifyEvent bIgnoreOnDediServer
FloatProperty: unknown FAnimNotifyEvent DisplayTime
BoolProperty: unknown FAnimNotifyEvent bIgnoreOnDediServer
FloatProperty: unknown FAnimNotifyEvent DisplayTime
BoolProperty: unknown FAnimNotifyEvent bIgnoreOnDediServer
FloatProperty: unknown FAnimNotifyEvent DisplayTime
BoolProperty: unknown FAnimNotifyEvent bIgnoreOnDediServer
FloatProperty: unknown FAnimNotifyEvent DisplayTime
BoolProperty: unknown FAnimNotifyEvent bIgnoreOnDediServer
FloatProperty: unknown FAnimNotifyEvent DisplayTime
BoolProperty: unknown FAnimNotifyEvent bIgnoreOnDediServer
FloatProperty: unknown FAnimNotifyEvent DisplayTime
BoolProperty: unknown FAnimNotifyEvent bIgnoreOnDediServer
Loading Skeleton Direwolf_Skeleton from package PrimalEarth/Dinos/Direwolf/Direwolf_Skeleton.uasset
BoolProperty: unknown FBoneNode bLockBone
BoolProperty: unknown FBoneNode bRemoveBone
BoolProperty: unknown FBoneNode bLockBone
BoolProperty: unknown FBoneNode bRemoveBone
BoolProperty: unknown FBoneNode bLockBone
BoolProperty: unknown FBoneNode bRemoveBone
BoolProperty: unknown FBoneNode bLockBone
BoolProperty: unknown FBoneNode bRemoveBone
BoolProperty: unknown FBoneNode bLockBone
BoolProperty: unknown FBoneNode bRemoveBone
BoolProperty: unknown FBoneNode bLockBone
BoolProperty: unknown FBoneNode bRemoveBone
BoolProperty: unknown FBoneNode bLockBone
BoolProperty: unknown FBoneNode bRemoveBone
BoolProperty: unknown FBoneNode bLockBone
BoolProperty: unknown FBoneNode bRemoveBone
BoolProperty: unknown FBoneNode bLockBone
BoolProperty: unknown FBoneNode bRemoveBone
BoolProperty: unknown FBoneNode bLockBone
BoolProperty: unknown FBoneNode bRemoveBone
BoolProperty: unknown FBoneNode bLockBone
BoolProperty: unknown FBoneNode bRemoveBone
BoolProperty: unknown FBoneNode bLockBone
BoolProperty: unknown FBoneNode bRemoveBone
BoolProperty: unknown FBoneNode bLockBone
BoolProperty: unknown FBoneNode bRemoveBone
BoolProperty: unknown FBoneNode bLockBone
BoolProperty: unknown FBoneNode bRemoveBone
BoolProperty: unknown FBoneNode bLockBone
BoolProperty: unknown FBoneNode bRemoveBone
BoolProperty: unknown FBoneNode bLockBone
BoolProperty: unknown FBoneNode bRemoveBone
BoolProperty: unknown FBoneNode bLockBone
BoolProperty: unknown FBoneNode bRemoveBone
BoolProperty: unknown FBoneNode bLockBone
BoolProperty: unknown FBoneNode bRemoveBone
BoolProperty: unknown FBoneNode bLockBone
BoolProperty: unknown FBoneNode bRemoveBone
BoolProperty: unknown FBoneNode bLockBone
BoolProperty: unknown FBoneNode bRemoveBone
BoolProperty: unknown FBoneNode bLockBone
BoolProperty: unknown FBoneNode bRemoveBone
BoolProperty: unknown FBoneNode bLockBone
BoolProperty: unknown FBoneNode bRemoveBone
BoolProperty: unknown FBoneNode bLockBone
BoolProperty: unknown FBoneNode bRemoveBone
BoolProperty: unknown FBoneNode bLockBone
BoolProperty: unknown FBoneNode bRemoveBone
BoolProperty: unknown FBoneNode bLockBone
BoolProperty: unknown FBoneNode bRemoveBone
BoolProperty: unknown FBoneNode bLockBone
BoolProperty: unknown FBoneNode bRemoveBone
BoolProperty: unknown FBoneNode bLockBone
BoolProperty: unknown FBoneNode bRemoveBone
BoolProperty: unknown FBoneNode bLockBone
BoolProperty: unknown FBoneNode bRemoveBone
BoolProperty: unknown FBoneNode bLockBone
BoolProperty: unknown FBoneNode bRemoveBone
BoolProperty: unknown FBoneNode bLockBone
BoolProperty: unknown FBoneNode bRemoveBone
BoolProperty: unknown FBoneNode bLockBone
BoolProperty: unknown FBoneNode bRemoveBone
BoolProperty: unknown FBoneNode bLockBone
BoolProperty: unknown FBoneNode bRemoveBone
BoolProperty: unknown FBoneNode bLockBone
BoolProperty: unknown FBoneNode bRemoveBone
BoolProperty: unknown FBoneNode bLockBone
BoolProperty: unknown FBoneNode bRemoveBone
BoolProperty: unknown FBoneNode bLockBone
BoolProperty: unknown FBoneNode bRemoveBone
BoolProperty: unknown FBoneNode bLockBone
BoolProperty: unknown FBoneNode bRemoveBone
BoolProperty: unknown FBoneNode bLockBone
BoolProperty: unknown FBoneNode bRemoveBone
BoolProperty: unknown FBoneNode bLockBone
BoolProperty: unknown FBoneNode bRemoveBone
BoolProperty: unknown FBoneNode bLockBone
BoolProperty: unknown FBoneNode bRemoveBone
BoolProperty: unknown FBoneNode bLockBone
BoolProperty: unknown FBoneNode bRemoveBone
BoolProperty: unknown FBoneNode bLockBone
BoolProperty: unknown FBoneNode bRemoveBone
BoolProperty: unknown FBoneNode bLockBone
BoolProperty: unknown FBoneNode bRemoveBone
BoolProperty: unknown FBoneNode bLockBone
BoolProperty: unknown FBoneNode bRemoveBone
BoolProperty: unknown FBoneNode bLockBone
BoolProperty: unknown FBoneNode bRemoveBone
BoolProperty: unknown FBoneNode bLockBone
BoolProperty: unknown FBoneNode bRemoveBone
BoolProperty: unknown FBoneNode bLockBone
BoolProperty: unknown FBoneNode bRemoveBone
BoolProperty: unknown FBoneNode bLockBone
BoolProperty: unknown FBoneNode bRemoveBone
BoolProperty: unknown FBoneNode bLockBone
BoolProperty: unknown FBoneNode bRemoveBone
BoolProperty: unknown FBoneNode bLockBone
BoolProperty: unknown FBoneNode bRemoveBone
BoolProperty: unknown FBoneNode bLockBone
BoolProperty: unknown FBoneNode bRemoveBone
BoolProperty: unknown FBoneNode bLockBone
BoolProperty: unknown FBoneNode bRemoveBone
BoolProperty: unknown FBoneNode bLockBone
BoolProperty: unknown FBoneNode bRemoveBone
BoolProperty: unknown FBoneNode bLockBone
BoolProperty: unknown FBoneNode bRemoveBone
BoolProperty: unknown FBoneNode bLockBone
BoolProperty: unknown FBoneNode bRemoveBone
BoolProperty: unknown FBoneNode bLockBone
BoolProperty: unknown FBoneNode bRemoveBone
BoolProperty: unknown FBoneNode bLockBone
BoolProperty: unknown FBoneNode bRemoveBone
BoolProperty: unknown FBoneNode bLockBone
BoolProperty: unknown FBoneNode bRemoveBone
BoolProperty: unknown FBoneNode bLockBone
BoolProperty: unknown FBoneNode bRemoveBone
BoolProperty: unknown FBoneNode bLockBone
BoolProperty: unknown FBoneNode bRemoveBone
BoolProperty: unknown FBoneNode bLockBone
BoolProperty: unknown FBoneNode bRemoveBone
BoolProperty: unknown FBoneNode bLockBone
BoolProperty: unknown FBoneNode bRemoveBone
BoolProperty: unknown FBoneNode bLockBone
BoolProperty: unknown FBoneNode bRemoveBone
BoolProperty: unknown FBoneNode bLockBone
BoolProperty: unknown FBoneNode bRemoveBone
BoolProperty: unknown FBoneNode bLockBone
BoolProperty: unknown FBoneNode bRemoveBone
BoolProperty: unknown FBoneNode bLockBone
BoolProperty: unknown FBoneNode bRemoveBone
BoolProperty: unknown FBoneNode bLockBone
BoolProperty: unknown FBoneNode bRemoveBone
BoolProperty: unknown FBoneNode bLockBone
BoolProperty: unknown FBoneNode bRemoveBone
BoolProperty: unknown FBoneNode bLockBone
BoolProperty: unknown FBoneNode bRemoveBone
BoolProperty: unknown FBoneNode bLockBone
BoolProperty: unknown FBoneNode bRemoveBone
BoolProperty: unknown FBoneNode bLockBone
BoolProperty: unknown FBoneNode bRemoveBone
BoolProperty: unknown FBoneNode bLockBone
BoolProperty: unknown FBoneNode bRemoveBone
BoolProperty: unknown FBoneNode bLockBone
BoolProperty: unknown FBoneNode bRemoveBone
BoolProperty: unknown FBoneNode bLockBone
BoolProperty: unknown FBoneNode bRemoveBone
BoolProperty: unknown FBoneNode bLockBone
BoolProperty: unknown FBoneNode bRemoveBone
BoolProperty: unknown FBoneNode bLockBone
BoolProperty: unknown FBoneNode bRemoveBone
BoolProperty: unknown FBoneNode bLockBone
BoolProperty: unknown FBoneNode bRemoveBone
BoolProperty: unknown FBoneNode bLockBone
BoolProperty: unknown FBoneNode bRemoveBone
BoolProperty: unknown FBoneNode bLockBone
BoolProperty: unknown FBoneNode bRemoveBone
BoolProperty: unknown FBoneNode bLockBone
BoolProperty: unknown FBoneNode bRemoveBone
BoolProperty: unknown FBoneNode bLockBone
BoolProperty: unknown FBoneNode bRemoveBone
BoolProperty: unknown FBoneNode bLockBone
BoolProperty: unknown FBoneNode bRemoveBone
BoolProperty: unknown FBoneNode bLockBone
BoolProperty: unknown FBoneNode bRemoveBone
BoolProperty: unknown FBoneNode bLockBone
BoolProperty: unknown FBoneNode bRemoveBone
BoolProperty: unknown FBoneNode bLockBone
BoolProperty: unknown FBoneNode bRemoveBone
BoolProperty: unknown FBoneNode bLockBone
BoolProperty: unknown FBoneNode bRemoveBone
BoolProperty: unknown FBoneNode bLockBone
BoolProperty: unknown FBoneNode bRemoveBone
BoolProperty: unknown FBoneNode bLockBone
BoolProperty: unknown FBoneNode bRemoveBone
BoolProperty: unknown FBoneNode bLockBone
BoolProperty: unknown FBoneNode bRemoveBone
BoolProperty: unknown FBoneNode bLockBone
BoolProperty: unknown FBoneNode bRemoveBone
Exporting objects ...
Exporting AnimSequence4 Direwolf-Charge-Lft to C:/Users/Nez/Desktop/GitHub/Ark-Survival-Returns/.work/exports/actorx/PrimalEarth/Dinos/Direwolf/Animations/Direwolf-Charge-Lft.psa
Memory: allocated 561920 bytes in 521 blocks
Loading AnimSequence4 Direwolf-Charge-Rit from package PrimalEarth/Dinos/Direwolf/Animations/Direwolf-Charge-Rit.uasset
FloatProperty: unknown FAnimNotifyEvent DisplayTime
BoolProperty: unknown FAnimNotifyEvent bIgnoreOnDediServer
FloatProperty: unknown FAnimNotifyEvent DisplayTime
BoolProperty: unknown FAnimNotifyEvent bIgnoreOnDediServer
FloatProperty: unknown FAnimNotifyEvent DisplayTime
BoolProperty: unknown FAnimNotifyEvent bIgnoreOnDediServer
FloatProperty: unknown FAnimNotifyEvent DisplayTime
BoolProperty: unknown FAnimNotifyEvent bIgnoreOnDediServer
FloatProperty: unknown FAnimNotifyEvent DisplayTime
BoolProperty: unknown FAnimNotifyEvent bIgnoreOnDediServer
FloatProperty: unknown FAnimNotifyEvent DisplayTime
BoolProperty: unknown FAnimNotifyEvent bIgnoreOnDediServer
FloatProperty: unknown FAnimNotifyEvent DisplayTime
BoolProperty: unknown FAnimNotifyEvent bIgnoreOnDediServer
FloatProperty: unknown FAnimNotifyEvent DisplayTime
BoolProperty: unknown FAnimNotifyEvent bIgnoreOnDediServer
FloatProperty: unknown FAnimNotifyEvent DisplayTime
BoolProperty: unknown FAnimNotifyEvent bIgnoreOnDediServer
Loading Skeleton Direwolf_Skeleton from package PrimalEarth/Dinos/Direwolf/Direwolf_Skeleton.uasset
BoolProperty: unknown FBoneNode bLockBone
BoolProperty: unknown FBoneNode bRemoveBone
BoolProperty: unknown FBoneNode bLockBone
BoolProperty: unknown FBoneNode bRemoveBone
BoolProperty: unknown FBoneNode bLockBone
BoolProperty: unknown FBoneNode bRemoveBone
BoolProperty: unknown FBoneNode bLockBone
BoolProperty: unknown FBoneNode bRemoveBone
BoolProperty: unknown FBoneNode bLockBone
BoolProperty: unknown FBoneNode bRemoveBone
BoolProperty: unknown FBoneNode bLockBone
BoolProperty: unknown FBoneNode bRemoveBone
BoolProperty: unknown FBoneNode bLockBone
BoolProperty: unknown FBoneNode bRemoveBone
BoolProperty: unknown FBoneNode bLockBone
BoolProperty: unknown FBoneNode bRemoveBone
BoolProperty: unknown FBoneNode bLockBone
BoolProperty: unknown FBoneNode bRemoveBone
BoolProperty: unknown FBoneNode bLockBone
BoolProperty: unknown FBoneNode bRemoveBone
BoolProperty: unknown FBoneNode bLockBone
BoolProperty: unknown FBoneNode bRemoveBone
BoolProperty: unknown FBoneNode bLockBone
BoolProperty: unknown FBoneNode bRemoveBone
BoolProperty: unknown FBoneNode bLockBone
BoolProperty: unknown FBoneNode bRemoveBone
BoolProperty: unknown FBoneNode bLockBone
BoolProperty: unknown FBoneNode bRemoveBone
BoolProperty: unknown FBoneNode bLockBone
BoolProperty: unknown FBoneNode bRemoveBone
BoolProperty: unknown FBoneNode bLockBone
BoolProperty: unknown FBoneNode bRemoveBone
BoolProperty: unknown FBoneNode bLockBone
BoolProperty: unknown FBoneNode bRemoveBone
BoolProperty: unknown FBoneNode bLockBone
BoolProperty: unknown FBoneNode bRemoveBone
BoolProperty: unknown FBoneNode bLockBone
BoolProperty: unknown FBoneNode bRemoveBone
BoolProperty: unknown FBoneNode bLockBone
BoolProperty: unknown FBoneNode bRemoveBone
BoolProperty: unknown FBoneNode bLockBone
BoolProperty: unknown FBoneNode bRemoveBone
BoolProperty: unknown FBoneNode bLockBone
BoolProperty: unknown FBoneNode bRemoveBone
BoolProperty: unknown FBoneNode bLockBone
BoolProperty: unknown FBoneNode bRemoveBone
BoolProperty: unknown FBoneNode bLockBone
BoolProperty: unknown FBoneNode bRemoveBone
BoolProperty: unknown FBoneNode bLockBone
BoolProperty: unknown FBoneNode bRemoveBone
BoolProperty: unknown FBoneNode bLockBone
BoolProperty: unknown FBoneNode bRemoveBone
BoolProperty: unknown FBoneNode bLockBone
BoolProperty: unknown FBoneNode bRemoveBone
BoolProperty: unknown FBoneNode bLockBone
BoolProperty: unknown FBoneNode bRemoveBone
BoolProperty: unknown FBoneNode bLockBone
BoolProperty: unknown FBoneNode bRemoveBone
BoolProperty: unknown FBoneNode bLockBone
BoolProperty: unknown FBoneNode bRemoveBone
BoolProperty: unknown FBoneNode bLockBone
BoolProperty: unknown FBoneNode bRemoveBone
BoolProperty: unknown FBoneNode bLockBone
BoolProperty: unknown FBoneNode bRemoveBone
BoolProperty: unknown FBoneNode bLockBone
BoolProperty: unknown FBoneNode bRemoveBone
BoolProperty: unknown FBoneNode bLockBone
BoolProperty: unknown FBoneNode bRemoveBone
BoolProperty: unknown FBoneNode bLockBone
BoolProperty: unknown FBoneNode bRemoveBone
BoolProperty: unknown FBoneNode bLockBone
BoolProperty: unknown FBoneNode bRemoveBone
BoolProperty: unknown FBoneNode bLockBone
BoolProperty: unknown FBoneNode bRemoveBone
BoolProperty: unknown FBoneNode bLockBone
BoolProperty: unknown FBoneNode bRemoveBone
BoolProperty: unknown FBoneNode bLockBone
BoolProperty: unknown FBoneNode bRemoveBone
BoolProperty: unknown FBoneNode bLockBone
BoolProperty: unknown FBoneNode bRemoveBone
BoolProperty: unknown FBoneNode bLockBone
BoolProperty: unknown FBoneNode bRemoveBone
BoolProperty: unknown FBoneNode bLockBone
BoolProperty: unknown FBoneNode bRemoveBone
BoolProperty: unknown FBoneNode bLockBone
BoolProperty: unknown FBoneNode bRemoveBone
BoolProperty: unknown FBoneNode bLockBone
BoolProperty: unknown FBoneNode bRemoveBone
BoolProperty: unknown FBoneNode bLockBone
BoolProperty: unknown FBoneNode bRemoveBone
BoolProperty: unknown FBoneNode bLockBone
BoolProperty: unknown FBoneNode bRemoveBone
BoolProperty: unknown FBoneNode bLockBone
BoolProperty: unknown FBoneNode bRemoveBone
BoolProperty: unknown FBoneNode bLockBone
BoolProperty: unknown FBoneNode bRemoveBone
BoolProperty: unknown FBoneNode bLockBone
BoolProperty: unknown FBoneNode bRemoveBone
BoolProperty: unknown FBoneNode bLockBone
BoolProperty: unknown FBoneNode bRemoveBone
BoolProperty: unknown FBoneNode bLockBone
BoolProperty: unknown FBoneNode bRemoveBone
BoolProperty: unknown FBoneNode bLockBone
BoolProperty: unknown FBoneNode bRemoveBone
BoolProperty: unknown FBoneNode bLockBone
BoolProperty: unknown FBoneNode bRemoveBone
BoolProperty: unknown FBoneNode bLockBone
BoolProperty: unknown FBoneNode bRemoveBone
BoolProperty: unknown FBoneNode bLockBone
BoolProperty: unknown FBoneNode bRemoveBone
BoolProperty: unknown FBoneNode bLockBone
BoolProperty: unknown FBoneNode bRemoveBone
BoolProperty: unknown FBoneNode bLockBone
BoolProperty: unknown FBoneNode bRemoveBone
BoolProperty: unknown FBoneNode bLockBone
BoolProperty: unknown FBoneNode bRemoveBone
BoolProperty: unknown FBoneNode bLockBone
BoolProperty: unknown FBoneNode bRemoveBone
BoolProperty: unknown FBoneNode bLockBone
BoolProperty: unknown FBoneNode bRemoveBone
BoolProperty: unknown FBoneNode bLockBone
BoolProperty: unknown FBoneNode bRemoveBone
BoolProperty: unknown FBoneNode bLockBone
BoolProperty: unknown FBoneNode bRemoveBone
BoolProperty: unknown FBoneNode bLockBone
BoolProperty: unknown FBoneNode bRemoveBone
BoolProperty: unknown FBoneNode bLockBone
BoolProperty: unknown FBoneNode bRemoveBone
BoolProperty: unknown FBoneNode bLockBone
BoolProperty: unknown FBoneNode bRemoveBone
BoolProperty: unknown FBoneNode bLockBone
BoolProperty: unknown FBoneNode bRemoveBone
BoolProperty: unknown FBoneNode bLockBone
BoolProperty: unknown FBoneNode bRemoveBone
BoolProperty: unknown FBoneNode bLockBone
BoolProperty: unknown FBoneNode bRemoveBone
BoolProperty: unknown FBoneNode bLockBone
BoolProperty: unknown FBoneNode bRemoveBone
BoolProperty: unknown FBoneNode bLockBone
BoolProperty: unknown FBoneNode bRemoveBone
BoolProperty: unknown FBoneNode bLockBone
BoolProperty: unknown FBoneNode bRemoveBone
BoolProperty: unknown FBoneNode bLockBone
BoolProperty: unknown FBoneNode bRemoveBone
BoolProperty: unknown FBoneNode bLockBone
BoolProperty: unknown FBoneNode bRemoveBone
BoolProperty: unknown FBoneNode bLockBone
BoolProperty: unknown FBoneNode bRemoveBone
BoolProperty: unknown FBoneNode bLockBone
BoolProperty: unknown FBoneNode bRemoveBone
BoolProperty: unknown FBoneNode bLockBone
BoolProperty: unknown FBoneNode bRemoveBone
BoolProperty: unknown FBoneNode bLockBone
BoolProperty: unknown FBoneNode bRemoveBone
BoolProperty: unknown FBoneNode bLockBone
BoolProperty: unknown FBoneNode bRemoveBone
BoolProperty: unknown FBoneNode bLockBone
BoolProperty: unknown FBoneNode bRemoveBone
BoolProperty: unknown FBoneNode bLockBone
BoolProperty: unknown FBoneNode bRemoveBone
BoolProperty: unknown FBoneNode bLockBone
BoolProperty: unknown FBoneNode bRemoveBone
BoolProperty: unknown FBoneNode bLockBone
BoolProperty: unknown FBoneNode bRemoveBone
BoolProperty: unknown FBoneNode bLockBone
BoolProperty: unknown FBoneNode bRemoveBone
BoolProperty: unknown FBoneNode bLockBone
BoolProperty: unknown FBoneNode bRemoveBone
BoolProperty: unknown FBoneNode bLockBone
BoolProperty: unknown FBoneNode bRemoveBone
BoolProperty: unknown FBoneNode bLockBone
BoolProperty: unknown FBoneNode bRemoveBone
BoolProperty: unknown FBoneNode bLockBone
BoolProperty: unknown FBoneNode bRemoveBone
BoolProperty: unknown FBoneNode bLockBone
BoolProperty: unknown FBoneNode bRemoveBone
BoolProperty: unknown FBoneNode bLockBone
BoolProperty: unknown FBoneNode bRemoveBone
Exporting objects ...
Exporting AnimSequence4 Direwolf-Charge-Rit to C:/Users/Nez/Desktop/GitHub/Ark-Survival-Returns/.work/exports/actorx/PrimalEarth/Dinos/Direwolf/Animations/Direwolf-Charge-Rit.psa
Memory: allocated 574208 bytes in 524 blocks
Loading AnimSequence4 Direwolf-Cuddle from package PrimalEarth/Dinos/Direwolf/Animations/Direwolf-Cuddle.uasset
FloatProperty: unknown FAnimNotifyEvent DisplayTime
BoolProperty: unknown FAnimNotifyEvent bIgnoreOnDediServer
Loading Skeleton Direwolf_Skeleton from package PrimalEarth/Dinos/Direwolf/Direwolf_Skeleton.uasset
BoolProperty: unknown FBoneNode bLockBone
BoolProperty: unknown FBoneNode bRemoveBone
BoolProperty: unknown FBoneNode bLockBone
BoolProperty: unknown FBoneNode bRemoveBone
BoolProperty: unknown FBoneNode bLockBone
BoolProperty: unknown FBoneNode bRemoveBone
BoolProperty: unknown FBoneNode bLockBone
BoolProperty: unknown FBoneNode bRemoveBone
BoolProperty: unknown FBoneNode bLockBone
BoolProperty: unknown FBoneNode bRemoveBone
BoolProperty: unknown FBoneNode bLockBone
BoolProperty: unknown FBoneNode bRemoveBone
BoolProperty: unknown FBoneNode bLockBone
BoolProperty: unknown FBoneNode bRemoveBone
BoolProperty: unknown FBoneNode bLockBone
BoolProperty: unknown FBoneNode bRemoveBone
BoolProperty: unknown FBoneNode bLockBone
BoolProperty: unknown FBoneNode bRemoveBone
BoolProperty: unknown FBoneNode bLockBone
BoolProperty: unknown FBoneNode bRemoveBone
BoolProperty: unknown FBoneNode bLockBone
BoolProperty: unknown FBoneNode bRemoveBone
BoolProperty: unknown FBoneNode bLockBone
BoolProperty: unknown FBoneNode bRemoveBone
BoolProperty: unknown FBoneNode bLockBone
BoolProperty: unknown FBoneNode bRemoveBone
BoolProperty: unknown FBoneNode bLockBone
BoolProperty: unknown FBoneNode bRemoveBone
BoolProperty: unknown FBoneNode bLockBone
BoolProperty: unknown FBoneNode bRemoveBone
BoolProperty: unknown FBoneNode bLockBone
BoolProperty: unknown FBoneNode bRemoveBone
BoolProperty: unknown FBoneNode bLockBone
BoolProperty: unknown FBoneNode bRemoveBone
BoolProperty: unknown FBoneNode bLockBone
BoolProperty: unknown FBoneNode bRemoveBone
BoolProperty: unknown FBoneNode bLockBone
BoolProperty: unknown FBoneNode bRemoveBone
BoolProperty: unknown FBoneNode bLockBone
BoolProperty: unknown FBoneNode bRemoveBone
BoolProperty: unknown FBoneNode bLockBone
BoolProperty: unknown FBoneNode bRemoveBone
BoolProperty: unknown FBoneNode bLockBone
BoolProperty: unknown FBoneNode bRemoveBone
BoolProperty: unknown FBoneNode bLockBone
BoolProperty: unknown FBoneNode bRemoveBone
BoolProperty: unknown FBoneNode bLockBone
BoolProperty: unknown FBoneNode bRemoveBone
BoolProperty: unknown FBoneNode bLockBone
BoolProperty: unknown FBoneNode bRemoveBone
BoolProperty: unknown FBoneNode bLockBone
BoolProperty: unknown FBoneNode bRemoveBone
BoolProperty: unknown FBoneNode bLockBone
BoolProperty: unknown FBoneNode bRemoveBone
BoolProperty: unknown FBoneNode bLockBone
BoolProperty: unknown FBoneNode bRemoveBone
BoolProperty: unknown FBoneNode bLockBone
BoolProperty: unknown FBoneNode bRemoveBone
BoolProperty: unknown FBoneNode bLockBone
BoolProperty: unknown FBoneNode bRemoveBone
BoolProperty: unknown FBoneNode bLockBone
BoolProperty: unknown FBoneNode bRemoveBone
BoolProperty: unknown FBoneNode bLockBone
BoolProperty: unknown FBoneNode bRemoveBone
BoolProperty: unknown FBoneNode bLockBone
BoolProperty: unknown FBoneNode bRemoveBone
BoolProperty: unknown FBoneNode bLockBone
BoolProperty: unknown FBoneNode bRemoveBone
BoolProperty: unknown FBoneNode bLockBone
BoolProperty: unknown FBoneNode bRemoveBone
BoolProperty: unknown FBoneNode bLockBone
BoolProperty: unknown FBoneNode bRemoveBone
BoolProperty: unknown FBoneNode bLockBone
BoolProperty: unknown FBoneNode bRemoveBone
BoolProperty: unknown FBoneNode bLockBone
BoolProperty: unknown FBoneNode bRemoveBone
BoolProperty: unknown FBoneNode bLockBone
BoolProperty: unknown FBoneNode bRemoveBone
BoolProperty: unknown FBoneNode bLockBone
BoolProperty: unknown FBoneNode bRemoveBone
BoolProperty: unknown FBoneNode bLockBone
BoolProperty: unknown FBoneNode bRemoveBone
BoolProperty: unknown FBoneNode bLockBone
BoolProperty: unknown FBoneNode bRemoveBone
BoolProperty: unknown FBoneNode bLockBone
BoolProperty: unknown FBoneNode bRemoveBone
BoolProperty: unknown FBoneNode bLockBone
BoolProperty: unknown FBoneNode bRemoveBone
BoolProperty: unknown FBoneNode bLockBone
BoolProperty: unknown FBoneNode bRemoveBone
BoolProperty: unknown FBoneNode bLockBone
BoolProperty: unknown FBoneNode bRemoveBone
BoolProperty: unknown FBoneNode bLockBone
BoolProperty: unknown FBoneNode bRemoveBone
BoolProperty: unknown FBoneNode bLockBone
BoolProperty: unknown FBoneNode bRemoveBone
BoolProperty: unknown FBoneNode bLockBone
BoolProperty: unknown FBoneNode bRemoveBone
BoolProperty: unknown FBoneNode bLockBone
BoolProperty: unknown FBoneNode bRemoveBone
BoolProperty: unknown FBoneNode bLockBone
BoolProperty: unknown FBoneNode bRemoveBone
BoolProperty: unknown FBoneNode bLockBone
BoolProperty: unknown FBoneNode bRemoveBone
BoolProperty: unknown FBoneNode bLockBone
BoolProperty: unknown FBoneNode bRemoveBone
BoolProperty: unknown FBoneNode bLockBone
BoolProperty: unknown FBoneNode bRemoveBone
BoolProperty: unknown FBoneNode bLockBone
BoolProperty: unknown FBoneNode bRemoveBone
BoolProperty: unknown FBoneNode bLockBone
BoolProperty: unknown FBoneNode bRemoveBone
BoolProperty: unknown FBoneNode bLockBone
BoolProperty: unknown FBoneNode bRemoveBone
BoolProperty: unknown FBoneNode bLockBone
BoolProperty: unknown FBoneNode bRemoveBone
BoolProperty: unknown FBoneNode bLockBone
BoolProperty: unknown FBoneNode bRemoveBone
BoolProperty: unknown FBoneNode bLockBone
BoolProperty: unknown FBoneNode bRemoveBone
BoolProperty: unknown FBoneNode bLockBone
BoolProperty: unknown FBoneNode bRemoveBone
BoolProperty: unknown FBoneNode bLockBone
BoolProperty: unknown FBoneNode bRemoveBone
BoolProperty: unknown FBoneNode bLockBone
BoolProperty: unknown FBoneNode bRemoveBone
BoolProperty: unknown FBoneNode bLockBone
BoolProperty: unknown FBoneNode bRemoveBone
BoolProperty: unknown FBoneNode bLockBone
BoolProperty: unknown FBoneNode bRemoveBone
BoolProperty: unknown FBoneNode bLockBone
BoolProperty: unknown FBoneNode bRemoveBone
BoolProperty: unknown FBoneNode bLockBone
BoolProperty: unknown FBoneNode bRemoveBone
BoolProperty: unknown FBoneNode bLockBone
BoolProperty: unknown FBoneNode bRemoveBone
BoolProperty: unknown FBoneNode bLockBone
BoolProperty: unknown FBoneNode bRemoveBone
BoolProperty: unknown FBoneNode bLockBone
BoolProperty: unknown FBoneNode bRemoveBone
BoolProperty: unknown FBoneNode bLockBone
BoolProperty: unknown FBoneNode bRemoveBone
BoolProperty: unknown FBoneNode bLockBone
BoolProperty: unknown FBoneNode bRemoveBone
BoolProperty: unknown FBoneNode bLockBone
BoolProperty: unknown FBoneNode bRemoveBone
BoolProperty: unknown FBoneNode bLockBone
BoolProperty: unknown FBoneNode bRemoveBone
BoolProperty: unknown FBoneNode bLockBone
BoolProperty: unknown FBoneNode bRemoveBone
BoolProperty: unknown FBoneNode bLockBone
BoolProperty: unknown FBoneNode bRemoveBone
BoolProperty: unknown FBoneNode bLockBone
BoolProperty: unknown FBoneNode bRemoveBone
BoolProperty: unknown FBoneNode bLockBone
BoolProperty: unknown FBoneNode bRemoveBone
BoolProperty: unknown FBoneNode bLockBone
BoolProperty: unknown FBoneNode bRemoveBone
BoolProperty: unknown FBoneNode bLockBone
BoolProperty: unknown FBoneNode bRemoveBone
BoolProperty: unknown FBoneNode bLockBone
BoolProperty: unknown FBoneNode bRemoveBone
BoolProperty: unknown FBoneNode bLockBone
BoolProperty: unknown FBoneNode bRemoveBone
BoolProperty: unknown FBoneNode bLockBone
BoolProperty: unknown FBoneNode bRemoveBone
BoolProperty: unknown FBoneNode bLockBone
BoolProperty: unknown FBoneNode bRemoveBone
BoolProperty: unknown FBoneNode bLockBone
BoolProperty: unknown FBoneNode bRemoveBone
BoolProperty: unknown FBoneNode bLockBone
BoolProperty: unknown FBoneNode bRemoveBone
BoolProperty: unknown FBoneNode bLockBone
BoolProperty: unknown FBoneNode bRemoveBone
BoolProperty: unknown FBoneNode bLockBone
BoolProperty: unknown FBoneNode bRemoveBone
BoolProperty: unknown FBoneNode bLockBone
BoolProperty: unknown FBoneNode bRemoveBone
Exporting objects ...
Exporting AnimSequence4 Direwolf-Cuddle to C:/Users/Nez/Desktop/GitHub/Ark-Survival-Returns/.work/exports/actorx/PrimalEarth/Dinos/Direwolf/Animations/Direwolf-Cuddle.psa
Memory: allocated 586496 bytes in 527 blocks
Loading AnimSequence4 Direwolf-Eat from package PrimalEarth/Dinos/Direwolf/Animations/Direwolf-Eat.uasset
FloatProperty: unknown FAnimNotifyEvent DisplayTime
BoolProperty: unknown FAnimNotifyEvent bIgnoreOnDediServer
Loading Skeleton Direwolf_Skeleton from package PrimalEarth/Dinos/Direwolf/Direwolf_Skeleton.uasset
BoolProperty: unknown FBoneNode bLockBone
BoolProperty: unknown FBoneNode bRemoveBone
BoolProperty: unknown FBoneNode bLockBone
BoolProperty: unknown FBoneNode bRemoveBone
BoolProperty: unknown FBoneNode bLockBone
BoolProperty: unknown FBoneNode bRemoveBone
BoolProperty: unknown FBoneNode bLockBone
BoolProperty: unknown FBoneNode bRemoveBone
BoolProperty: unknown FBoneNode bLockBone
BoolProperty: unknown FBoneNode bRemoveBone
BoolProperty: unknown FBoneNode bLockBone
BoolProperty: unknown FBoneNode bRemoveBone
BoolProperty: unknown FBoneNode bLockBone
BoolProperty: unknown FBoneNode bRemoveBone
BoolProperty: unknown FBoneNode bLockBone
BoolProperty: unknown FBoneNode bRemoveBone
BoolProperty: unknown FBoneNode bLockBone
BoolProperty: unknown FBoneNode bRemoveBone
BoolProperty: unknown FBoneNode bLockBone
BoolProperty: unknown FBoneNode bRemoveBone
BoolProperty: unknown FBoneNode bLockBone
BoolProperty: unknown FBoneNode bRemoveBone
BoolProperty: unknown FBoneNode bLockBone
BoolProperty: unknown FBoneNode bRemoveBone
BoolProperty: unknown FBoneNode bLockBone
BoolProperty: unknown FBoneNode bRemoveBone
BoolProperty: unknown FBoneNode bLockBone
BoolProperty: unknown FBoneNode bRemoveBone
BoolProperty: unknown FBoneNode bLockBone
BoolProperty: unknown FBoneNode bRemoveBone
BoolProperty: unknown FBoneNode bLockBone
BoolProperty: unknown FBoneNode bRemoveBone
BoolProperty: unknown FBoneNode bLockBone
BoolProperty: unknown FBoneNode bRemoveBone
BoolProperty: unknown FBoneNode bLockBone
BoolProperty: unknown FBoneNode bRemoveBone
BoolProperty: unknown FBoneNode bLockBone
BoolProperty: unknown FBoneNode bRemoveBone
BoolProperty: unknown FBoneNode bLockBone
BoolProperty: unknown FBoneNode bRemoveBone
BoolProperty: unknown FBoneNode bLockBone
BoolProperty: unknown FBoneNode bRemoveBone
BoolProperty: unknown FBoneNode bLockBone
BoolProperty: unknown FBoneNode bRemoveBone
BoolProperty: unknown FBoneNode bLockBone
BoolProperty: unknown FBoneNode bRemoveBone
BoolProperty: unknown FBoneNode bLockBone
BoolProperty: unknown FBoneNode bRemoveBone
BoolProperty: unknown FBoneNode bLockBone
BoolProperty: unknown FBoneNode bRemoveBone
BoolProperty: unknown FBoneNode bLockBone
BoolProperty: unknown FBoneNode bRemoveBone
BoolProperty: unknown FBoneNode bLockBone
BoolProperty: unknown FBoneNode bRemoveBone
BoolProperty: unknown FBoneNode bLockBone
BoolProperty: unknown FBoneNode bRemoveBone
BoolProperty: unknown FBoneNode bLockBone
BoolProperty: unknown FBoneNode bRemoveBone
BoolProperty: unknown FBoneNode bLockBone
BoolProperty: unknown FBoneNode bRemoveBone
BoolProperty: unknown FBoneNode bLockBone
BoolProperty: unknown FBoneNode bRemoveBone
BoolProperty: unknown FBoneNode bLockBone
BoolProperty: unknown FBoneNode bRemoveBone
BoolProperty: unknown FBoneNode bLockBone
BoolProperty: unknown FBoneNode bRemoveBone
BoolProperty: unknown FBoneNode bLockBone
BoolProperty: unknown FBoneNode bRemoveBone
BoolProperty: unknown FBoneNode bLockBone
BoolProperty: unknown FBoneNode bRemoveBone
BoolProperty: unknown FBoneNode bLockBone
BoolProperty: unknown FBoneNode bRemoveBone
BoolProperty: unknown FBoneNode bLockBone
BoolProperty: unknown FBoneNode bRemoveBone
BoolProperty: unknown FBoneNode bLockBone
BoolProperty: unknown FBoneNode bRemoveBone
BoolProperty: unknown FBoneNode bLockBone
BoolProperty: unknown FBoneNode bRemoveBone
BoolProperty: unknown FBoneNode bLockBone
BoolProperty: unknown FBoneNode bRemoveBone
BoolProperty: unknown FBoneNode bLockBone
BoolProperty: unknown FBoneNode bRemoveBone
BoolProperty: unknown FBoneNode bLockBone
BoolProperty: unknown FBoneNode bRemoveBone
BoolProperty: unknown FBoneNode bLockBone
BoolProperty: unknown FBoneNode bRemoveBone
BoolProperty: unknown FBoneNode bLockBone
BoolProperty: unknown FBoneNode bRemoveBone
BoolProperty: unknown FBoneNode bLockBone
BoolProperty: unknown FBoneNode bRemoveBone
BoolProperty: unknown FBoneNode bLockBone
BoolProperty: unknown FBoneNode bRemoveBone
BoolProperty: unknown FBoneNode bLockBone
BoolProperty: unknown FBoneNode bRemoveBone
BoolProperty: unknown FBoneNode bLockBone
BoolProperty: unknown FBoneNode bRemoveBone
BoolProperty: unknown FBoneNode bLockBone
BoolProperty: unknown FBoneNode bRemoveBone
BoolProperty: unknown FBoneNode bLockBone
BoolProperty: unknown FBoneNode bRemoveBone
BoolProperty: unknown FBoneNode bLockBone
BoolProperty: unknown FBoneNode bRemoveBone
BoolProperty: unknown FBoneNode bLockBone
BoolProperty: unknown FBoneNode bRemoveBone
BoolProperty: unknown FBoneNode bLockBone
BoolProperty: unknown FBoneNode bRemoveBone
BoolProperty: unknown FBoneNode bLockBone
BoolProperty: unknown FBoneNode bRemoveBone
BoolProperty: unknown FBoneNode bLockBone
BoolProperty: unknown FBoneNode bRemoveBone
BoolProperty: unknown FBoneNode bLockBone
BoolProperty: unknown FBoneNode bRemoveBone
BoolProperty: unknown FBoneNode bLockBone
BoolProperty: unknown FBoneNode bRemoveBone
BoolProperty: unknown FBoneNode bLockBone
BoolProperty: unknown FBoneNode bRemoveBone
BoolProperty: unknown FBoneNode bLockBone
BoolProperty: unknown FBoneNode bRemoveBone
BoolProperty: unknown FBoneNode bLockBone
BoolProperty: unknown FBoneNode bRemoveBone
BoolProperty: unknown FBoneNode bLockBone
BoolProperty: unknown FBoneNode bRemoveBone
BoolProperty: unknown FBoneNode bLockBone
BoolProperty: unknown FBoneNode bRemoveBone
BoolProperty: unknown FBoneNode bLockBone
BoolProperty: unknown FBoneNode bRemoveBone
BoolProperty: unknown FBoneNode bLockBone
BoolProperty: unknown FBoneNode bRemoveBone
BoolProperty: unknown FBoneNode bLockBone
BoolProperty: unknown FBoneNode bRemoveBone
BoolProperty: unknown FBoneNode bLockBone
BoolProperty: unknown FBoneNode bRemoveBone
BoolProperty: unknown FBoneNode bLockBone
BoolProperty: unknown FBoneNode bRemoveBone
BoolProperty: unknown FBoneNode bLockBone
BoolProperty: unknown FBoneNode bRemoveBone
BoolProperty: unknown FBoneNode bLockBone
BoolProperty: unknown FBoneNode bRemoveBone
BoolProperty: unknown FBoneNode bLockBone
BoolProperty: unknown FBoneNode bRemoveBone
BoolProperty: unknown FBoneNode bLockBone
BoolProperty: unknown FBoneNode bRemoveBone
BoolProperty: unknown FBoneNode bLockBone
BoolProperty: unknown FBoneNode bRemoveBone
BoolProperty: unknown FBoneNode bLockBone
BoolProperty: unknown FBoneNode bRemoveBone
BoolProperty: unknown FBoneNode bLockBone
BoolProperty: unknown FBoneNode bRemoveBone
BoolProperty: unknown FBoneNode bLockBone
BoolProperty: unknown FBoneNode bRemoveBone
BoolProperty: unknown FBoneNode bLockBone
BoolProperty: unknown FBoneNode bRemoveBone
BoolProperty: unknown FBoneNode bLockBone
BoolProperty: unknown FBoneNode bRemoveBone
BoolProperty: unknown FBoneNode bLockBone
BoolProperty: unknown FBoneNode bRemoveBone
BoolProperty: unknown FBoneNode bLockBone
BoolProperty: unknown FBoneNode bRemoveBone
BoolProperty: unknown FBoneNode bLockBone
BoolProperty: unknown FBoneNode bRemoveBone
BoolProperty: unknown FBoneNode bLockBone
BoolProperty: unknown FBoneNode bRemoveBone
BoolProperty: unknown FBoneNode bLockBone
BoolProperty: unknown FBoneNode bRemoveBone
BoolProperty: unknown FBoneNode bLockBone
BoolProperty: unknown FBoneNode bRemoveBone
BoolProperty: unknown FBoneNode bLockBone
BoolProperty: unknown FBoneNode bRemoveBone
BoolProperty: unknown FBoneNode bLockBone
BoolProperty: unknown FBoneNode bRemoveBone
BoolProperty: unknown FBoneNode bLockBone
BoolProperty: unknown FBoneNode bRemoveBone
BoolProperty: unknown FBoneNode bLockBone
BoolProperty: unknown FBoneNode bRemoveBone
BoolProperty: unknown FBoneNode bLockBone
BoolProperty: unknown FBoneNode bRemoveBone
BoolProperty: unknown FBoneNode bLockBone
BoolProperty: unknown FBoneNode bRemoveBone
Exporting objects ...
Exporting AnimSequence4 Direwolf-Eat to C:/Users/Nez/Desktop/GitHub/Ark-Survival-Returns/.work/exports/actorx/PrimalEarth/Dinos/Direwolf/Animations/Direwolf-Eat.psa
Memory: allocated 598784 bytes in 530 blocks
Loading AnimSequence4 Direwolf-Howl from package PrimalEarth/Dinos/Direwolf/Animations/Direwolf-Howl.uasset
FloatProperty: unknown FAnimNotifyEvent DisplayTime
BoolProperty: unknown FAnimNotifyEvent bIgnoreOnDediServer
Loading AnimSequence4 Direwolf-Idle from package PrimalEarth/Dinos/Direwolf/Animations/Direwolf-Idle.uasset
FloatProperty: unknown FAnimNotifyEvent DisplayTime
BoolProperty: unknown FAnimNotifyEvent bIgnoreOnDediServer
Loading Skeleton Direwolf_Skeleton from package PrimalEarth/Dinos/Direwolf/Direwolf_Skeleton.uasset
BoolProperty: unknown FBoneNode bLockBone
BoolProperty: unknown FBoneNode bRemoveBone
BoolProperty: unknown FBoneNode bLockBone
BoolProperty: unknown FBoneNode bRemoveBone
BoolProperty: unknown FBoneNode bLockBone
BoolProperty: unknown FBoneNode bRemoveBone
BoolProperty: unknown FBoneNode bLockBone
BoolProperty: unknown FBoneNode bRemoveBone
BoolProperty: unknown FBoneNode bLockBone
BoolProperty: unknown FBoneNode bRemoveBone
BoolProperty: unknown FBoneNode bLockBone
BoolProperty: unknown FBoneNode bRemoveBone
BoolProperty: unknown FBoneNode bLockBone
BoolProperty: unknown FBoneNode bRemoveBone
BoolProperty: unknown FBoneNode bLockBone
BoolProperty: unknown FBoneNode bRemoveBone
BoolProperty: unknown FBoneNode bLockBone
BoolProperty: unknown FBoneNode bRemoveBone
BoolProperty: unknown FBoneNode bLockBone
BoolProperty: unknown FBoneNode bRemoveBone
BoolProperty: unknown FBoneNode bLockBone
BoolProperty: unknown FBoneNode bRemoveBone
BoolProperty: unknown FBoneNode bLockBone
BoolProperty: unknown FBoneNode bRemoveBone
BoolProperty: unknown FBoneNode bLockBone
BoolProperty: unknown FBoneNode bRemoveBone
BoolProperty: unknown FBoneNode bLockBone
BoolProperty: unknown FBoneNode bRemoveBone
BoolProperty: unknown FBoneNode bLockBone
BoolProperty: unknown FBoneNode bRemoveBone
BoolProperty: unknown FBoneNode bLockBone
BoolProperty: unknown FBoneNode bRemoveBone
BoolProperty: unknown FBoneNode bLockBone
BoolProperty: unknown FBoneNode bRemoveBone
BoolProperty: unknown FBoneNode bLockBone
BoolProperty: unknown FBoneNode bRemoveBone
BoolProperty: unknown FBoneNode bLockBone
BoolProperty: unknown FBoneNode bRemoveBone
BoolProperty: unknown FBoneNode bLockBone
BoolProperty: unknown FBoneNode bRemoveBone
BoolProperty: unknown FBoneNode bLockBone
BoolProperty: unknown FBoneNode bRemoveBone
BoolProperty: unknown FBoneNode bLockBone
BoolProperty: unknown FBoneNode bRemoveBone
BoolProperty: unknown FBoneNode bLockBone
BoolProperty: unknown FBoneNode bRemoveBone
BoolProperty: unknown FBoneNode bLockBone
BoolProperty: unknown FBoneNode bRemoveBone
BoolProperty: unknown FBoneNode bLockBone
BoolProperty: unknown FBoneNode bRemoveBone
BoolProperty: unknown FBoneNode bLockBone
BoolProperty: unknown FBoneNode bRemoveBone
BoolProperty: unknown FBoneNode bLockBone
BoolProperty: unknown FBoneNode bRemoveBone
BoolProperty: unknown FBoneNode bLockBone
BoolProperty: unknown FBoneNode bRemoveBone
BoolProperty: unknown FBoneNode bLockBone
BoolProperty: unknown FBoneNode bRemoveBone
BoolProperty: unknown FBoneNode bLockBone
BoolProperty: unknown FBoneNode bRemoveBone
BoolProperty: unknown FBoneNode bLockBone
BoolProperty: unknown FBoneNode bRemoveBone
BoolProperty: unknown FBoneNode bLockBone
BoolProperty: unknown FBoneNode bRemoveBone
BoolProperty: unknown FBoneNode bLockBone
BoolProperty: unknown FBoneNode bRemoveBone
BoolProperty: unknown FBoneNode bLockBone
BoolProperty: unknown FBoneNode bRemoveBone
BoolProperty: unknown FBoneNode bLockBone
BoolProperty: unknown FBoneNode bRemoveBone
BoolProperty: unknown FBoneNode bLockBone
BoolProperty: unknown FBoneNode bRemoveBone
BoolProperty: unknown FBoneNode bLockBone
BoolProperty: unknown FBoneNode bRemoveBone
BoolProperty: unknown FBoneNode bLockBone
BoolProperty: unknown FBoneNode bRemoveBone
BoolProperty: unknown FBoneNode bLockBone
BoolProperty: unknown FBoneNode bRemoveBone
BoolProperty: unknown FBoneNode bLockBone
BoolProperty: unknown FBoneNode bRemoveBone
BoolProperty: unknown FBoneNode bLockBone
BoolProperty: unknown FBoneNode bRemoveBone
BoolProperty: unknown FBoneNode bLockBone
BoolProperty: unknown FBoneNode bRemoveBone
BoolProperty: unknown FBoneNode bLockBone
BoolProperty: unknown FBoneNode bRemoveBone
BoolProperty: unknown FBoneNode bLockBone
BoolProperty: unknown FBoneNode bRemoveBone
BoolProperty: unknown FBoneNode bLockBone
BoolProperty: unknown FBoneNode bRemoveBone
BoolProperty: unknown FBoneNode bLockBone
BoolProperty: unknown FBoneNode bRemoveBone
BoolProperty: unknown FBoneNode bLockBone
BoolProperty: unknown FBoneNode bRemoveBone
BoolProperty: unknown FBoneNode bLockBone
BoolProperty: unknown FBoneNode bRemoveBone
BoolProperty: unknown FBoneNode bLockBone
BoolProperty: unknown FBoneNode bRemoveBone
BoolProperty: unknown FBoneNode bLockBone
BoolProperty: unknown FBoneNode bRemoveBone
BoolProperty: unknown FBoneNode bLockBone
BoolProperty: unknown FBoneNode bRemoveBone
BoolProperty: unknown FBoneNode bLockBone
BoolProperty: unknown FBoneNode bRemoveBone
BoolProperty: unknown FBoneNode bLockBone
BoolProperty: unknown FBoneNode bRemoveBone
BoolProperty: unknown FBoneNode bLockBone
BoolProperty: unknown FBoneNode bRemoveBone
BoolProperty: unknown FBoneNode bLockBone
BoolProperty: unknown FBoneNode bRemoveBone
BoolProperty: unknown FBoneNode bLockBone
BoolProperty: unknown FBoneNode bRemoveBone
BoolProperty: unknown FBoneNode bLockBone
BoolProperty: unknown FBoneNode bRemoveBone
BoolProperty: unknown FBoneNode bLockBone
BoolProperty: unknown FBoneNode bRemoveBone
BoolProperty: unknown FBoneNode bLockBone
BoolProperty: unknown FBoneNode bRemoveBone
BoolProperty: unknown FBoneNode bLockBone
BoolProperty: unknown FBoneNode bRemoveBone
BoolProperty: unknown FBoneNode bLockBone
BoolProperty: unknown FBoneNode bRemoveBone
BoolProperty: unknown FBoneNode bLockBone
BoolProperty: unknown FBoneNode bRemoveBone
BoolProperty: unknown FBoneNode bLockBone
BoolProperty: unknown FBoneNode bRemoveBone
BoolProperty: unknown FBoneNode bLockBone
BoolProperty: unknown FBoneNode bRemoveBone
BoolProperty: unknown FBoneNode bLockBone
BoolProperty: unknown FBoneNode bRemoveBone
BoolProperty: unknown FBoneNode bLockBone
BoolProperty: unknown FBoneNode bRemoveBone
BoolProperty: unknown FBoneNode bLockBone
BoolProperty: unknown FBoneNode bRemoveBone
BoolProperty: unknown FBoneNode bLockBone
BoolProperty: unknown FBoneNode bRemoveBone
BoolProperty: unknown FBoneNode bLockBone
BoolProperty: unknown FBoneNode bRemoveBone
BoolProperty: unknown FBoneNode bLockBone
BoolProperty: unknown FBoneNode bRemoveBone
BoolProperty: unknown FBoneNode bLockBone
BoolProperty: unknown FBoneNode bRemoveBone
BoolProperty: unknown FBoneNode bLockBone
BoolProperty: unknown FBoneNode bRemoveBone
BoolProperty: unknown FBoneNode bLockBone
BoolProperty: unknown FBoneNode bRemoveBone
BoolProperty: unknown FBoneNode bLockBone
BoolProperty: unknown FBoneNode bRemoveBone
BoolProperty: unknown FBoneNode bLockBone
BoolProperty: unknown FBoneNode bRemoveBone
BoolProperty: unknown FBoneNode bLockBone
BoolProperty: unknown FBoneNode bRemoveBone
BoolProperty: unknown FBoneNode bLockBone
BoolProperty: unknown FBoneNode bRemoveBone
BoolProperty: unknown FBoneNode bLockBone
BoolProperty: unknown FBoneNode bRemoveBone
BoolProperty: unknown FBoneNode bLockBone
BoolProperty: unknown FBoneNode bRemoveBone
BoolProperty: unknown FBoneNode bLockBone
BoolProperty: unknown FBoneNode bRemoveBone
BoolProperty: unknown FBoneNode bLockBone
BoolProperty: unknown FBoneNode bRemoveBone
BoolProperty: unknown FBoneNode bLockBone
BoolProperty: unknown FBoneNode bRemoveBone
BoolProperty: unknown FBoneNode bLockBone
BoolProperty: unknown FBoneNode bRemoveBone
BoolProperty: unknown FBoneNode bLockBone
BoolProperty: unknown FBoneNode bRemoveBone
BoolProperty: unknown FBoneNode bLockBone
BoolProperty: unknown FBoneNode bRemoveBone
BoolProperty: unknown FBoneNode bLockBone
BoolProperty: unknown FBoneNode bRemoveBone
BoolProperty: unknown FBoneNode bLockBone
BoolProperty: unknown FBoneNode bRemoveBone
BoolProperty: unknown FBoneNode bLockBone
BoolProperty: unknown FBoneNode bRemoveBone
BoolProperty: unknown FBoneNode bLockBone
BoolProperty: unknown FBoneNode bRemoveBone
Exporting objects ...
Exporting AnimSequence4 Direwolf-Howl to C:/Users/Nez/Desktop/GitHub/Ark-Survival-Returns/.work/exports/actorx/PrimalEarth/Dinos/Direwolf/Animations/Direwolf-Howl.psa
Memory: allocated 611072 bytes in 533 blocks
Loading AnimSequence4 Direwolf-Hurt-Big from package PrimalEarth/Dinos/Direwolf/Animations/Direwolf-Hurt-Big.uasset
Loading AnimSequence4 Direwolf-Idle from package PrimalEarth/Dinos/Direwolf/Animations/Direwolf-Idle.uasset
FloatProperty: unknown FAnimNotifyEvent DisplayTime
BoolProperty: unknown FAnimNotifyEvent bIgnoreOnDediServer
Loading Skeleton Direwolf_Skeleton from package PrimalEarth/Dinos/Direwolf/Direwolf_Skeleton.uasset
BoolProperty: unknown FBoneNode bLockBone
BoolProperty: unknown FBoneNode bRemoveBone
BoolProperty: unknown FBoneNode bLockBone
BoolProperty: unknown FBoneNode bRemoveBone
BoolProperty: unknown FBoneNode bLockBone
BoolProperty: unknown FBoneNode bRemoveBone
BoolProperty: unknown FBoneNode bLockBone
BoolProperty: unknown FBoneNode bRemoveBone
BoolProperty: unknown FBoneNode bLockBone
BoolProperty: unknown FBoneNode bRemoveBone
BoolProperty: unknown FBoneNode bLockBone
BoolProperty: unknown FBoneNode bRemoveBone
BoolProperty: unknown FBoneNode bLockBone
BoolProperty: unknown FBoneNode bRemoveBone
BoolProperty: unknown FBoneNode bLockBone
BoolProperty: unknown FBoneNode bRemoveBone
BoolProperty: unknown FBoneNode bLockBone
BoolProperty: unknown FBoneNode bRemoveBone
BoolProperty: unknown FBoneNode bLockBone
BoolProperty: unknown FBoneNode bRemoveBone
BoolProperty: unknown FBoneNode bLockBone
BoolProperty: unknown FBoneNode bRemoveBone
BoolProperty: unknown FBoneNode bLockBone
BoolProperty: unknown FBoneNode bRemoveBone
BoolProperty: unknown FBoneNode bLockBone
BoolProperty: unknown FBoneNode bRemoveBone
BoolProperty: unknown FBoneNode bLockBone
BoolProperty: unknown FBoneNode bRemoveBone
BoolProperty: unknown FBoneNode bLockBone
BoolProperty: unknown FBoneNode bRemoveBone
BoolProperty: unknown FBoneNode bLockBone
BoolProperty: unknown FBoneNode bRemoveBone
BoolProperty: unknown FBoneNode bLockBone
BoolProperty: unknown FBoneNode bRemoveBone
BoolProperty: unknown FBoneNode bLockBone
BoolProperty: unknown FBoneNode bRemoveBone
BoolProperty: unknown FBoneNode bLockBone
BoolProperty: unknown FBoneNode bRemoveBone
BoolProperty: unknown FBoneNode bLockBone
BoolProperty: unknown FBoneNode bRemoveBone
BoolProperty: unknown FBoneNode bLockBone
BoolProperty: unknown FBoneNode bRemoveBone
BoolProperty: unknown FBoneNode bLockBone
BoolProperty: unknown FBoneNode bRemoveBone
BoolProperty: unknown FBoneNode bLockBone
BoolProperty: unknown FBoneNode bRemoveBone
BoolProperty: unknown FBoneNode bLockBone
BoolProperty: unknown FBoneNode bRemoveBone
BoolProperty: unknown FBoneNode bLockBone
BoolProperty: unknown FBoneNode bRemoveBone
BoolProperty: unknown FBoneNode bLockBone
BoolProperty: unknown FBoneNode bRemoveBone
BoolProperty: unknown FBoneNode bLockBone
BoolProperty: unknown FBoneNode bRemoveBone
BoolProperty: unknown FBoneNode bLockBone
BoolProperty: unknown FBoneNode bRemoveBone
BoolProperty: unknown FBoneNode bLockBone
BoolProperty: unknown FBoneNode bRemoveBone
BoolProperty: unknown FBoneNode bLockBone
BoolProperty: unknown FBoneNode bRemoveBone
BoolProperty: unknown FBoneNode bLockBone
BoolProperty: unknown FBoneNode bRemoveBone
BoolProperty: unknown FBoneNode bLockBone
BoolProperty: unknown FBoneNode bRemoveBone
BoolProperty: unknown FBoneNode bLockBone
BoolProperty: unknown FBoneNode bRemoveBone
BoolProperty: unknown FBoneNode bLockBone
BoolProperty: unknown FBoneNode bRemoveBone
BoolProperty: unknown FBoneNode bLockBone
BoolProperty: unknown FBoneNode bRemoveBone
BoolProperty: unknown FBoneNode bLockBone
BoolProperty: unknown FBoneNode bRemoveBone
BoolProperty: unknown FBoneNode bLockBone
BoolProperty: unknown FBoneNode bRemoveBone
BoolProperty: unknown FBoneNode bLockBone
BoolProperty: unknown FBoneNode bRemoveBone
BoolProperty: unknown FBoneNode bLockBone
BoolProperty: unknown FBoneNode bRemoveBone
BoolProperty: unknown FBoneNode bLockBone
BoolProperty: unknown FBoneNode bRemoveBone
BoolProperty: unknown FBoneNode bLockBone
BoolProperty: unknown FBoneNode bRemoveBone
BoolProperty: unknown FBoneNode bLockBone
BoolProperty: unknown FBoneNode bRemoveBone
BoolProperty: unknown FBoneNode bLockBone
BoolProperty: unknown FBoneNode bRemoveBone
BoolProperty: unknown FBoneNode bLockBone
BoolProperty: unknown FBoneNode bRemoveBone
BoolProperty: unknown FBoneNode bLockBone
BoolProperty: unknown FBoneNode bRemoveBone
BoolProperty: unknown FBoneNode bLockBone
BoolProperty: unknown FBoneNode bRemoveBone
BoolProperty: unknown FBoneNode bLockBone
BoolProperty: unknown FBoneNode bRemoveBone
BoolProperty: unknown FBoneNode bLockBone
BoolProperty: unknown FBoneNode bRemoveBone
BoolProperty: unknown FBoneNode bLockBone
BoolProperty: unknown FBoneNode bRemoveBone
BoolProperty: unknown FBoneNode bLockBone
BoolProperty: unknown FBoneNode bRemoveBone
BoolProperty: unknown FBoneNode bLockBone
BoolProperty: unknown FBoneNode bRemoveBone
BoolProperty: unknown FBoneNode bLockBone
BoolProperty: unknown FBoneNode bRemoveBone
BoolProperty: unknown FBoneNode bLockBone
BoolProperty: unknown FBoneNode bRemoveBone
BoolProperty: unknown FBoneNode bLockBone
BoolProperty: unknown FBoneNode bRemoveBone
BoolProperty: unknown FBoneNode bLockBone
BoolProperty: unknown FBoneNode bRemoveBone
BoolProperty: unknown FBoneNode bLockBone
BoolProperty: unknown FBoneNode bRemoveBone
BoolProperty: unknown FBoneNode bLockBone
BoolProperty: unknown FBoneNode bRemoveBone
BoolProperty: unknown FBoneNode bLockBone
BoolProperty: unknown FBoneNode bRemoveBone
BoolProperty: unknown FBoneNode bLockBone
BoolProperty: unknown FBoneNode bRemoveBone
BoolProperty: unknown FBoneNode bLockBone
BoolProperty: unknown FBoneNode bRemoveBone
BoolProperty: unknown FBoneNode bLockBone
BoolProperty: unknown FBoneNode bRemoveBone
BoolProperty: unknown FBoneNode bLockBone
BoolProperty: unknown FBoneNode bRemoveBone
BoolProperty: unknown FBoneNode bLockBone
BoolProperty: unknown FBoneNode bRemoveBone
BoolProperty: unknown FBoneNode bLockBone
BoolProperty: unknown FBoneNode bRemoveBone
BoolProperty: unknown FBoneNode bLockBone
BoolProperty: unknown FBoneNode bRemoveBone
BoolProperty: unknown FBoneNode bLockBone
BoolProperty: unknown FBoneNode bRemoveBone
BoolProperty: unknown FBoneNode bLockBone
BoolProperty: unknown FBoneNode bRemoveBone
BoolProperty: unknown FBoneNode bLockBone
BoolProperty: unknown FBoneNode bRemoveBone
BoolProperty: unknown FBoneNode bLockBone
BoolProperty: unknown FBoneNode bRemoveBone
BoolProperty: unknown FBoneNode bLockBone
BoolProperty: unknown FBoneNode bRemoveBone
BoolProperty: unknown FBoneNode bLockBone
BoolProperty: unknown FBoneNode bRemoveBone
BoolProperty: unknown FBoneNode bLockBone
BoolProperty: unknown FBoneNode bRemoveBone
BoolProperty: unknown FBoneNode bLockBone
BoolProperty: unknown FBoneNode bRemoveBone
BoolProperty: unknown FBoneNode bLockBone
BoolProperty: unknown FBoneNode bRemoveBone
BoolProperty: unknown FBoneNode bLockBone
BoolProperty: unknown FBoneNode bRemoveBone
BoolProperty: unknown FBoneNode bLockBone
BoolProperty: unknown FBoneNode bRemoveBone
BoolProperty: unknown FBoneNode bLockBone
BoolProperty: unknown FBoneNode bRemoveBone
BoolProperty: unknown FBoneNode bLockBone
BoolProperty: unknown FBoneNode bRemoveBone
BoolProperty: unknown FBoneNode bLockBone
BoolProperty: unknown FBoneNode bRemoveBone
BoolProperty: unknown FBoneNode bLockBone
BoolProperty: unknown FBoneNode bRemoveBone
BoolProperty: unknown FBoneNode bLockBone
BoolProperty: unknown FBoneNode bRemoveBone
BoolProperty: unknown FBoneNode bLockBone
BoolProperty: unknown FBoneNode bRemoveBone
BoolProperty: unknown FBoneNode bLockBone
BoolProperty: unknown FBoneNode bRemoveBone
BoolProperty: unknown FBoneNode bLockBone
BoolProperty: unknown FBoneNode bRemoveBone
BoolProperty: unknown FBoneNode bLockBone
BoolProperty: unknown FBoneNode bRemoveBone
BoolProperty: unknown FBoneNode bLockBone
BoolProperty: unknown FBoneNode bRemoveBone
BoolProperty: unknown FBoneNode bLockBone
BoolProperty: unknown FBoneNode bRemoveBone
BoolProperty: unknown FBoneNode bLockBone
BoolProperty: unknown FBoneNode bRemoveBone
BoolProperty: unknown FBoneNode bLockBone
BoolProperty: unknown FBoneNode bRemoveBone
Exporting objects ...
Exporting AnimSequence4 Direwolf-Hurt-Big to C:/Users/Nez/Desktop/GitHub/Ark-Survival-Returns/.work/exports/actorx/PrimalEarth/Dinos/Direwolf/Animations/Direwolf-Hurt-Big.psa
Memory: allocated 623360 bytes in 536 blocks
Loading AnimSequence4 Direwolf-Idle from package PrimalEarth/Dinos/Direwolf/Animations/Direwolf-Idle.uasset
FloatProperty: unknown FAnimNotifyEvent DisplayTime
BoolProperty: unknown FAnimNotifyEvent bIgnoreOnDediServer
Loading Skeleton Direwolf_Skeleton from package PrimalEarth/Dinos/Direwolf/Direwolf_Skeleton.uasset
BoolProperty: unknown FBoneNode bLockBone
BoolProperty: unknown FBoneNode bRemoveBone
BoolProperty: unknown FBoneNode bLockBone
BoolProperty: unknown FBoneNode bRemoveBone
BoolProperty: unknown FBoneNode bLockBone
BoolProperty: unknown FBoneNode bRemoveBone
BoolProperty: unknown FBoneNode bLockBone
BoolProperty: unknown FBoneNode bRemoveBone
BoolProperty: unknown FBoneNode bLockBone
BoolProperty: unknown FBoneNode bRemoveBone
BoolProperty: unknown FBoneNode bLockBone
BoolProperty: unknown FBoneNode bRemoveBone
BoolProperty: unknown FBoneNode bLockBone
BoolProperty: unknown FBoneNode bRemoveBone
BoolProperty: unknown FBoneNode bLockBone
BoolProperty: unknown FBoneNode bRemoveBone
BoolProperty: unknown FBoneNode bLockBone
BoolProperty: unknown FBoneNode bRemoveBone
BoolProperty: unknown FBoneNode bLockBone
BoolProperty: unknown FBoneNode bRemoveBone
BoolProperty: unknown FBoneNode bLockBone
BoolProperty: unknown FBoneNode bRemoveBone
BoolProperty: unknown FBoneNode bLockBone
BoolProperty: unknown FBoneNode bRemoveBone
BoolProperty: unknown FBoneNode bLockBone
BoolProperty: unknown FBoneNode bRemoveBone
BoolProperty: unknown FBoneNode bLockBone
BoolProperty: unknown FBoneNode bRemoveBone
BoolProperty: unknown FBoneNode bLockBone
BoolProperty: unknown FBoneNode bRemoveBone
BoolProperty: unknown FBoneNode bLockBone
BoolProperty: unknown FBoneNode bRemoveBone
BoolProperty: unknown FBoneNode bLockBone
BoolProperty: unknown FBoneNode bRemoveBone
BoolProperty: unknown FBoneNode bLockBone
BoolProperty: unknown FBoneNode bRemoveBone
BoolProperty: unknown FBoneNode bLockBone
BoolProperty: unknown FBoneNode bRemoveBone
BoolProperty: unknown FBoneNode bLockBone
BoolProperty: unknown FBoneNode bRemoveBone
BoolProperty: unknown FBoneNode bLockBone
BoolProperty: unknown FBoneNode bRemoveBone
BoolProperty: unknown FBoneNode bLockBone
BoolProperty: unknown FBoneNode bRemoveBone
BoolProperty: unknown FBoneNode bLockBone
BoolProperty: unknown FBoneNode bRemoveBone
BoolProperty: unknown FBoneNode bLockBone
BoolProperty: unknown FBoneNode bRemoveBone
BoolProperty: unknown FBoneNode bLockBone
BoolProperty: unknown FBoneNode bRemoveBone
BoolProperty: unknown FBoneNode bLockBone
BoolProperty: unknown FBoneNode bRemoveBone
BoolProperty: unknown FBoneNode bLockBone
BoolProperty: unknown FBoneNode bRemoveBone
BoolProperty: unknown FBoneNode bLockBone
BoolProperty: unknown FBoneNode bRemoveBone
BoolProperty: unknown FBoneNode bLockBone
BoolProperty: unknown FBoneNode bRemoveBone
BoolProperty: unknown FBoneNode bLockBone
BoolProperty: unknown FBoneNode bRemoveBone
BoolProperty: unknown FBoneNode bLockBone
BoolProperty: unknown FBoneNode bRemoveBone
BoolProperty: unknown FBoneNode bLockBone
BoolProperty: unknown FBoneNode bRemoveBone
BoolProperty: unknown FBoneNode bLockBone
BoolProperty: unknown FBoneNode bRemoveBone
BoolProperty: unknown FBoneNode bLockBone
BoolProperty: unknown FBoneNode bRemoveBone
BoolProperty: unknown FBoneNode bLockBone
BoolProperty: unknown FBoneNode bRemoveBone
BoolProperty: unknown FBoneNode bLockBone
BoolProperty: unknown FBoneNode bRemoveBone
BoolProperty: unknown FBoneNode bLockBone
BoolProperty: unknown FBoneNode bRemoveBone
BoolProperty: unknown FBoneNode bLockBone
BoolProperty: unknown FBoneNode bRemoveBone
BoolProperty: unknown FBoneNode bLockBone
BoolProperty: unknown FBoneNode bRemoveBone
BoolProperty: unknown FBoneNode bLockBone
BoolProperty: unknown FBoneNode bRemoveBone
BoolProperty: unknown FBoneNode bLockBone
BoolProperty: unknown FBoneNode bRemoveBone
BoolProperty: unknown FBoneNode bLockBone
BoolProperty: unknown FBoneNode bRemoveBone
BoolProperty: unknown FBoneNode bLockBone
BoolProperty: unknown FBoneNode bRemoveBone
BoolProperty: unknown FBoneNode bLockBone
BoolProperty: unknown FBoneNode bRemoveBone
BoolProperty: unknown FBoneNode bLockBone
BoolProperty: unknown FBoneNode bRemoveBone
BoolProperty: unknown FBoneNode bLockBone
BoolProperty: unknown FBoneNode bRemoveBone
BoolProperty: unknown FBoneNode bLockBone
BoolProperty: unknown FBoneNode bRemoveBone
BoolProperty: unknown FBoneNode bLockBone
BoolProperty: unknown FBoneNode bRemoveBone
BoolProperty: unknown FBoneNode bLockBone
BoolProperty: unknown FBoneNode bRemoveBone
BoolProperty: unknown FBoneNode bLockBone
BoolProperty: unknown FBoneNode bRemoveBone
BoolProperty: unknown FBoneNode bLockBone
BoolProperty: unknown FBoneNode bRemoveBone
BoolProperty: unknown FBoneNode bLockBone
BoolProperty: unknown FBoneNode bRemoveBone
BoolProperty: unknown FBoneNode bLockBone
BoolProperty: unknown FBoneNode bRemoveBone
BoolProperty: unknown FBoneNode bLockBone
BoolProperty: unknown FBoneNode bRemoveBone
BoolProperty: unknown FBoneNode bLockBone
BoolProperty: unknown FBoneNode bRemoveBone
BoolProperty: unknown FBoneNode bLockBone
BoolProperty: unknown FBoneNode bRemoveBone
BoolProperty: unknown FBoneNode bLockBone
BoolProperty: unknown FBoneNode bRemoveBone
BoolProperty: unknown FBoneNode bLockBone
BoolProperty: unknown FBoneNode bRemoveBone
BoolProperty: unknown FBoneNode bLockBone
BoolProperty: unknown FBoneNode bRemoveBone
BoolProperty: unknown FBoneNode bLockBone
BoolProperty: unknown FBoneNode bRemoveBone
BoolProperty: unknown FBoneNode bLockBone
BoolProperty: unknown FBoneNode bRemoveBone
BoolProperty: unknown FBoneNode bLockBone
BoolProperty: unknown FBoneNode bRemoveBone
BoolProperty: unknown FBoneNode bLockBone
BoolProperty: unknown FBoneNode bRemoveBone
BoolProperty: unknown FBoneNode bLockBone
BoolProperty: unknown FBoneNode bRemoveBone
BoolProperty: unknown FBoneNode bLockBone
BoolProperty: unknown FBoneNode bRemoveBone
BoolProperty: unknown FBoneNode bLockBone
BoolProperty: unknown FBoneNode bRemoveBone
BoolProperty: unknown FBoneNode bLockBone
BoolProperty: unknown FBoneNode bRemoveBone
BoolProperty: unknown FBoneNode bLockBone
BoolProperty: unknown FBoneNode bRemoveBone
BoolProperty: unknown FBoneNode bLockBone
BoolProperty: unknown FBoneNode bRemoveBone
BoolProperty: unknown FBoneNode bLockBone
BoolProperty: unknown FBoneNode bRemoveBone
BoolProperty: unknown FBoneNode bLockBone
BoolProperty: unknown FBoneNode bRemoveBone
BoolProperty: unknown FBoneNode bLockBone
BoolProperty: unknown FBoneNode bRemoveBone
BoolProperty: unknown FBoneNode bLockBone
BoolProperty: unknown FBoneNode bRemoveBone
BoolProperty: unknown FBoneNode bLockBone
BoolProperty: unknown FBoneNode bRemoveBone
BoolProperty: unknown FBoneNode bLockBone
BoolProperty: unknown FBoneNode bRemoveBone
BoolProperty: unknown FBoneNode bLockBone
BoolProperty: unknown FBoneNode bRemoveBone
BoolProperty: unknown FBoneNode bLockBone
BoolProperty: unknown FBoneNode bRemoveBone
BoolProperty: unknown FBoneNode bLockBone
BoolProperty: unknown FBoneNode bRemoveBone
BoolProperty: unknown FBoneNode bLockBone
BoolProperty: unknown FBoneNode bRemoveBone
BoolProperty: unknown FBoneNode bLockBone
BoolProperty: unknown FBoneNode bRemoveBone
BoolProperty: unknown FBoneNode bLockBone
BoolProperty: unknown FBoneNode bRemoveBone
BoolProperty: unknown FBoneNode bLockBone
BoolProperty: unknown FBoneNode bRemoveBone
BoolProperty: unknown FBoneNode bLockBone
BoolProperty: unknown FBoneNode bRemoveBone
BoolProperty: unknown FBoneNode bLockBone
BoolProperty: unknown FBoneNode bRemoveBone
BoolProperty: unknown FBoneNode bLockBone
BoolProperty: unknown FBoneNode bRemoveBone
BoolProperty: unknown FBoneNode bLockBone
BoolProperty: unknown FBoneNode bRemoveBone
BoolProperty: unknown FBoneNode bLockBone
BoolProperty: unknown FBoneNode bRemoveBone
BoolProperty: unknown FBoneNode bLockBone
BoolProperty: unknown FBoneNode bRemoveBone
BoolProperty: unknown FBoneNode bLockBone
BoolProperty: unknown FBoneNode bRemoveBone
Exporting objects ...
Loading AnimSequence4 Direwolf-Jump-Idle from package PrimalEarth/Dinos/Direwolf/Animations/Direwolf-Jump-Idle.uasset
Loading Skeleton Direwolf_Skeleton from package PrimalEarth/Dinos/Direwolf/Direwolf_Skeleton.uasset
BoolProperty: unknown FBoneNode bLockBone
BoolProperty: unknown FBoneNode bRemoveBone
BoolProperty: unknown FBoneNode bLockBone
BoolProperty: unknown FBoneNode bRemoveBone
BoolProperty: unknown FBoneNode bLockBone
BoolProperty: unknown FBoneNode bRemoveBone
BoolProperty: unknown FBoneNode bLockBone
BoolProperty: unknown FBoneNode bRemoveBone
BoolProperty: unknown FBoneNode bLockBone
BoolProperty: unknown FBoneNode bRemoveBone
BoolProperty: unknown FBoneNode bLockBone
BoolProperty: unknown FBoneNode bRemoveBone
BoolProperty: unknown FBoneNode bLockBone
BoolProperty: unknown FBoneNode bRemoveBone
BoolProperty: unknown FBoneNode bLockBone
BoolProperty: unknown FBoneNode bRemoveBone
BoolProperty: unknown FBoneNode bLockBone
BoolProperty: unknown FBoneNode bRemoveBone
BoolProperty: unknown FBoneNode bLockBone
BoolProperty: unknown FBoneNode bRemoveBone
BoolProperty: unknown FBoneNode bLockBone
BoolProperty: unknown FBoneNode bRemoveBone
BoolProperty: unknown FBoneNode bLockBone
BoolProperty: unknown FBoneNode bRemoveBone
BoolProperty: unknown FBoneNode bLockBone
BoolProperty: unknown FBoneNode bRemoveBone
BoolProperty: unknown FBoneNode bLockBone
BoolProperty: unknown FBoneNode bRemoveBone
BoolProperty: unknown FBoneNode bLockBone
BoolProperty: unknown FBoneNode bRemoveBone
BoolProperty: unknown FBoneNode bLockBone
BoolProperty: unknown FBoneNode bRemoveBone
BoolProperty: unknown FBoneNode bLockBone
BoolProperty: unknown FBoneNode bRemoveBone
BoolProperty: unknown FBoneNode bLockBone
BoolProperty: unknown FBoneNode bRemoveBone
BoolProperty: unknown FBoneNode bLockBone
BoolProperty: unknown FBoneNode bRemoveBone
BoolProperty: unknown FBoneNode bLockBone
BoolProperty: unknown FBoneNode bRemoveBone
BoolProperty: unknown FBoneNode bLockBone
BoolProperty: unknown FBoneNode bRemoveBone
BoolProperty: unknown FBoneNode bLockBone
BoolProperty: unknown FBoneNode bRemoveBone
BoolProperty: unknown FBoneNode bLockBone
BoolProperty: unknown FBoneNode bRemoveBone
BoolProperty: unknown FBoneNode bLockBone
BoolProperty: unknown FBoneNode bRemoveBone
BoolProperty: unknown FBoneNode bLockBone
BoolProperty: unknown FBoneNode bRemoveBone
BoolProperty: unknown FBoneNode bLockBone
BoolProperty: unknown FBoneNode bRemoveBone
BoolProperty: unknown FBoneNode bLockBone
BoolProperty: unknown FBoneNode bRemoveBone
BoolProperty: unknown FBoneNode bLockBone
BoolProperty: unknown FBoneNode bRemoveBone
BoolProperty: unknown FBoneNode bLockBone
BoolProperty: unknown FBoneNode bRemoveBone
BoolProperty: unknown FBoneNode bLockBone
BoolProperty: unknown FBoneNode bRemoveBone
BoolProperty: unknown FBoneNode bLockBone
BoolProperty: unknown FBoneNode bRemoveBone
BoolProperty: unknown FBoneNode bLockBone
BoolProperty: unknown FBoneNode bRemoveBone
BoolProperty: unknown FBoneNode bLockBone
BoolProperty: unknown FBoneNode bRemoveBone
BoolProperty: unknown FBoneNode bLockBone
BoolProperty: unknown FBoneNode bRemoveBone
BoolProperty: unknown FBoneNode bLockBone
BoolProperty: unknown FBoneNode bRemoveBone
BoolProperty: unknown FBoneNode bLockBone
BoolProperty: unknown FBoneNode bRemoveBone
BoolProperty: unknown FBoneNode bLockBone
BoolProperty: unknown FBoneNode bRemoveBone
BoolProperty: unknown FBoneNode bLockBone
BoolProperty: unknown FBoneNode bRemoveBone
BoolProperty: unknown FBoneNode bLockBone
BoolProperty: unknown FBoneNode bRemoveBone
BoolProperty: unknown FBoneNode bLockBone
BoolProperty: unknown FBoneNode bRemoveBone
BoolProperty: unknown FBoneNode bLockBone
BoolProperty: unknown FBoneNode bRemoveBone
BoolProperty: unknown FBoneNode bLockBone
BoolProperty: unknown FBoneNode bRemoveBone
BoolProperty: unknown FBoneNode bLockBone
BoolProperty: unknown FBoneNode bRemoveBone
BoolProperty: unknown FBoneNode bLockBone
BoolProperty: unknown FBoneNode bRemoveBone
BoolProperty: unknown FBoneNode bLockBone
BoolProperty: unknown FBoneNode bRemoveBone
BoolProperty: unknown FBoneNode bLockBone
BoolProperty: unknown FBoneNode bRemoveBone
BoolProperty: unknown FBoneNode bLockBone
BoolProperty: unknown FBoneNode bRemoveBone
BoolProperty: unknown FBoneNode bLockBone
BoolProperty: unknown FBoneNode bRemoveBone
BoolProperty: unknown FBoneNode bLockBone
BoolProperty: unknown FBoneNode bRemoveBone
BoolProperty: unknown FBoneNode bLockBone
BoolProperty: unknown FBoneNode bRemoveBone
BoolProperty: unknown FBoneNode bLockBone
BoolProperty: unknown FBoneNode bRemoveBone
BoolProperty: unknown FBoneNode bLockBone
BoolProperty: unknown FBoneNode bRemoveBone
BoolProperty: unknown FBoneNode bLockBone
BoolProperty: unknown FBoneNode bRemoveBone
BoolProperty: unknown FBoneNode bLockBone
BoolProperty: unknown FBoneNode bRemoveBone
BoolProperty: unknown FBoneNode bLockBone
BoolProperty: unknown FBoneNode bRemoveBone
BoolProperty: unknown FBoneNode bLockBone
BoolProperty: unknown FBoneNode bRemoveBone
BoolProperty: unknown FBoneNode bLockBone
BoolProperty: unknown FBoneNode bRemoveBone
BoolProperty: unknown FBoneNode bLockBone
BoolProperty: unknown FBoneNode bRemoveBone
BoolProperty: unknown FBoneNode bLockBone
BoolProperty: unknown FBoneNode bRemoveBone
BoolProperty: unknown FBoneNode bLockBone
BoolProperty: unknown FBoneNode bRemoveBone
BoolProperty: unknown FBoneNode bLockBone
BoolProperty: unknown FBoneNode bRemoveBone
BoolProperty: unknown FBoneNode bLockBone
BoolProperty: unknown FBoneNode bRemoveBone
BoolProperty: unknown FBoneNode bLockBone
BoolProperty: unknown FBoneNode bRemoveBone
BoolProperty: unknown FBoneNode bLockBone
BoolProperty: unknown FBoneNode bRemoveBone
BoolProperty: unknown FBoneNode bLockBone
BoolProperty: unknown FBoneNode bRemoveBone
BoolProperty: unknown FBoneNode bLockBone
BoolProperty: unknown FBoneNode bRemoveBone
BoolProperty: unknown FBoneNode bLockBone
BoolProperty: unknown FBoneNode bRemoveBone
BoolProperty: unknown FBoneNode bLockBone
BoolProperty: unknown FBoneNode bRemoveBone
BoolProperty: unknown FBoneNode bLockBone
BoolProperty: unknown FBoneNode bRemoveBone
BoolProperty: unknown FBoneNode bLockBone
BoolProperty: unknown FBoneNode bRemoveBone
BoolProperty: unknown FBoneNode bLockBone
BoolProperty: unknown FBoneNode bRemoveBone
BoolProperty: unknown FBoneNode bLockBone
BoolProperty: unknown FBoneNode bRemoveBone
BoolProperty: unknown FBoneNode bLockBone
BoolProperty: unknown FBoneNode bRemoveBone
BoolProperty: unknown FBoneNode bLockBone
BoolProperty: unknown FBoneNode bRemoveBone
BoolProperty: unknown FBoneNode bLockBone
BoolProperty: unknown FBoneNode bRemoveBone
BoolProperty: unknown FBoneNode bLockBone
BoolProperty: unknown FBoneNode bRemoveBone
BoolProperty: unknown FBoneNode bLockBone
BoolProperty: unknown FBoneNode bRemoveBone
BoolProperty: unknown FBoneNode bLockBone
BoolProperty: unknown FBoneNode bRemoveBone
BoolProperty: unknown FBoneNode bLockBone
BoolProperty: unknown FBoneNode bRemoveBone
BoolProperty: unknown FBoneNode bLockBone
BoolProperty: unknown FBoneNode bRemoveBone
BoolProperty: unknown FBoneNode bLockBone
BoolProperty: unknown FBoneNode bRemoveBone
BoolProperty: unknown FBoneNode bLockBone
BoolProperty: unknown FBoneNode bRemoveBone
BoolProperty: unknown FBoneNode bLockBone
BoolProperty: unknown FBoneNode bRemoveBone
BoolProperty: unknown FBoneNode bLockBone
BoolProperty: unknown FBoneNode bRemoveBone
BoolProperty: unknown FBoneNode bLockBone
BoolProperty: unknown FBoneNode bRemoveBone
BoolProperty: unknown FBoneNode bLockBone
BoolProperty: unknown FBoneNode bRemoveBone
BoolProperty: unknown FBoneNode bLockBone
BoolProperty: unknown FBoneNode bRemoveBone
BoolProperty: unknown FBoneNode bLockBone
BoolProperty: unknown FBoneNode bRemoveBone
BoolProperty: unknown FBoneNode bLockBone
BoolProperty: unknown FBoneNode bRemoveBone
Exporting objects ...
Exporting AnimSequence4 Direwolf-Jump-Idle to C:/Users/Nez/Desktop/GitHub/Ark-Survival-Returns/.work/exports/actorx/PrimalEarth/Dinos/Direwolf/Animations/Direwolf-Jump-Idle.psa
Memory: allocated 635648 bytes in 539 blocks
Loading AnimSequence4 Direwolf-Jump-In from package PrimalEarth/Dinos/Direwolf/Animations/Direwolf-Jump-In.uasset
FloatProperty: unknown FAnimNotifyEvent DisplayTime
BoolProperty: unknown FAnimNotifyEvent bIgnoreOnDediServer
Loading Skeleton Direwolf_Skeleton from package PrimalEarth/Dinos/Direwolf/Direwolf_Skeleton.uasset
BoolProperty: unknown FBoneNode bLockBone
BoolProperty: unknown FBoneNode bRemoveBone
BoolProperty: unknown FBoneNode bLockBone
BoolProperty: unknown FBoneNode bRemoveBone
BoolProperty: unknown FBoneNode bLockBone
BoolProperty: unknown FBoneNode bRemoveBone
BoolProperty: unknown FBoneNode bLockBone
BoolProperty: unknown FBoneNode bRemoveBone
BoolProperty: unknown FBoneNode bLockBone
BoolProperty: unknown FBoneNode bRemoveBone
BoolProperty: unknown FBoneNode bLockBone
BoolProperty: unknown FBoneNode bRemoveBone
BoolProperty: unknown FBoneNode bLockBone
BoolProperty: unknown FBoneNode bRemoveBone
BoolProperty: unknown FBoneNode bLockBone
BoolProperty: unknown FBoneNode bRemoveBone
BoolProperty: unknown FBoneNode bLockBone
BoolProperty: unknown FBoneNode bRemoveBone
BoolProperty: unknown FBoneNode bLockBone
BoolProperty: unknown FBoneNode bRemoveBone
BoolProperty: unknown FBoneNode bLockBone
BoolProperty: unknown FBoneNode bRemoveBone
BoolProperty: unknown FBoneNode bLockBone
BoolProperty: unknown FBoneNode bRemoveBone
BoolProperty: unknown FBoneNode bLockBone
BoolProperty: unknown FBoneNode bRemoveBone
BoolProperty: unknown FBoneNode bLockBone
BoolProperty: unknown FBoneNode bRemoveBone
BoolProperty: unknown FBoneNode bLockBone
BoolProperty: unknown FBoneNode bRemoveBone
BoolProperty: unknown FBoneNode bLockBone
BoolProperty: unknown FBoneNode bRemoveBone
BoolProperty: unknown FBoneNode bLockBone
BoolProperty: unknown FBoneNode bRemoveBone
BoolProperty: unknown FBoneNode bLockBone
BoolProperty: unknown FBoneNode bRemoveBone
BoolProperty: unknown FBoneNode bLockBone
BoolProperty: unknown FBoneNode bRemoveBone
BoolProperty: unknown FBoneNode bLockBone
BoolProperty: unknown FBoneNode bRemoveBone
BoolProperty: unknown FBoneNode bLockBone
BoolProperty: unknown FBoneNode bRemoveBone
BoolProperty: unknown FBoneNode bLockBone
BoolProperty: unknown FBoneNode bRemoveBone
BoolProperty: unknown FBoneNode bLockBone
BoolProperty: unknown FBoneNode bRemoveBone
BoolProperty: unknown FBoneNode bLockBone
BoolProperty: unknown FBoneNode bRemoveBone
BoolProperty: unknown FBoneNode bLockBone
BoolProperty: unknown FBoneNode bRemoveBone
BoolProperty: unknown FBoneNode bLockBone
BoolProperty: unknown FBoneNode bRemoveBone
BoolProperty: unknown FBoneNode bLockBone
BoolProperty: unknown FBoneNode bRemoveBone
BoolProperty: unknown FBoneNode bLockBone
BoolProperty: unknown FBoneNode bRemoveBone
BoolProperty: unknown FBoneNode bLockBone
BoolProperty: unknown FBoneNode bRemoveBone
BoolProperty: unknown FBoneNode bLockBone
BoolProperty: unknown FBoneNode bRemoveBone
BoolProperty: unknown FBoneNode bLockBone
BoolProperty: unknown FBoneNode bRemoveBone
BoolProperty: unknown FBoneNode bLockBone
BoolProperty: unknown FBoneNode bRemoveBone
BoolProperty: unknown FBoneNode bLockBone
BoolProperty: unknown FBoneNode bRemoveBone
BoolProperty: unknown FBoneNode bLockBone
BoolProperty: unknown FBoneNode bRemoveBone
BoolProperty: unknown FBoneNode bLockBone
BoolProperty: unknown FBoneNode bRemoveBone
BoolProperty: unknown FBoneNode bLockBone
BoolProperty: unknown FBoneNode bRemoveBone
BoolProperty: unknown FBoneNode bLockBone
BoolProperty: unknown FBoneNode bRemoveBone
BoolProperty: unknown FBoneNode bLockBone
BoolProperty: unknown FBoneNode bRemoveBone
BoolProperty: unknown FBoneNode bLockBone
BoolProperty: unknown FBoneNode bRemoveBone
BoolProperty: unknown FBoneNode bLockBone
BoolProperty: unknown FBoneNode bRemoveBone
BoolProperty: unknown FBoneNode bLockBone
BoolProperty: unknown FBoneNode bRemoveBone
BoolProperty: unknown FBoneNode bLockBone
BoolProperty: unknown FBoneNode bRemoveBone
BoolProperty: unknown FBoneNode bLockBone
BoolProperty: unknown FBoneNode bRemoveBone
BoolProperty: unknown FBoneNode bLockBone
BoolProperty: unknown FBoneNode bRemoveBone
BoolProperty: unknown FBoneNode bLockBone
BoolProperty: unknown FBoneNode bRemoveBone
BoolProperty: unknown FBoneNode bLockBone
BoolProperty: unknown FBoneNode bRemoveBone
BoolProperty: unknown FBoneNode bLockBone
BoolProperty: unknown FBoneNode bRemoveBone
BoolProperty: unknown FBoneNode bLockBone
BoolProperty: unknown FBoneNode bRemoveBone
BoolProperty: unknown FBoneNode bLockBone
BoolProperty: unknown FBoneNode bRemoveBone
BoolProperty: unknown FBoneNode bLockBone
BoolProperty: unknown FBoneNode bRemoveBone
BoolProperty: unknown FBoneNode bLockBone
BoolProperty: unknown FBoneNode bRemoveBone
BoolProperty: unknown FBoneNode bLockBone
BoolProperty: unknown FBoneNode bRemoveBone
BoolProperty: unknown FBoneNode bLockBone
BoolProperty: unknown FBoneNode bRemoveBone
BoolProperty: unknown FBoneNode bLockBone
BoolProperty: unknown FBoneNode bRemoveBone
BoolProperty: unknown FBoneNode bLockBone
BoolProperty: unknown FBoneNode bRemoveBone
BoolProperty: unknown FBoneNode bLockBone
BoolProperty: unknown FBoneNode bRemoveBone
BoolProperty: unknown FBoneNode bLockBone
BoolProperty: unknown FBoneNode bRemoveBone
BoolProperty: unknown FBoneNode bLockBone
BoolProperty: unknown FBoneNode bRemoveBone
BoolProperty: unknown FBoneNode bLockBone
BoolProperty: unknown FBoneNode bRemoveBone
BoolProperty: unknown FBoneNode bLockBone
BoolProperty: unknown FBoneNode bRemoveBone
BoolProperty: unknown FBoneNode bLockBone
BoolProperty: unknown FBoneNode bRemoveBone
BoolProperty: unknown FBoneNode bLockBone
BoolProperty: unknown FBoneNode bRemoveBone
BoolProperty: unknown FBoneNode bLockBone
BoolProperty: unknown FBoneNode bRemoveBone
BoolProperty: unknown FBoneNode bLockBone
BoolProperty: unknown FBoneNode bRemoveBone
BoolProperty: unknown FBoneNode bLockBone
BoolProperty: unknown FBoneNode bRemoveBone
BoolProperty: unknown FBoneNode bLockBone
BoolProperty: unknown FBoneNode bRemoveBone
BoolProperty: unknown FBoneNode bLockBone
BoolProperty: unknown FBoneNode bRemoveBone
BoolProperty: unknown FBoneNode bLockBone
BoolProperty: unknown FBoneNode bRemoveBone
BoolProperty: unknown FBoneNode bLockBone
BoolProperty: unknown FBoneNode bRemoveBone
BoolProperty: unknown FBoneNode bLockBone
BoolProperty: unknown FBoneNode bRemoveBone
BoolProperty: unknown FBoneNode bLockBone
BoolProperty: unknown FBoneNode bRemoveBone
BoolProperty: unknown FBoneNode bLockBone
BoolProperty: unknown FBoneNode bRemoveBone
BoolProperty: unknown FBoneNode bLockBone
BoolProperty: unknown FBoneNode bRemoveBone
BoolProperty: unknown FBoneNode bLockBone
BoolProperty: unknown FBoneNode bRemoveBone
BoolProperty: unknown FBoneNode bLockBone
BoolProperty: unknown FBoneNode bRemoveBone
BoolProperty: unknown FBoneNode bLockBone
BoolProperty: unknown FBoneNode bRemoveBone
BoolProperty: unknown FBoneNode bLockBone
BoolProperty: unknown FBoneNode bRemoveBone
BoolProperty: unknown FBoneNode bLockBone
BoolProperty: unknown FBoneNode bRemoveBone
BoolProperty: unknown FBoneNode bLockBone
BoolProperty: unknown FBoneNode bRemoveBone
BoolProperty: unknown FBoneNode bLockBone
BoolProperty: unknown FBoneNode bRemoveBone
BoolProperty: unknown FBoneNode bLockBone
BoolProperty: unknown FBoneNode bRemoveBone
BoolProperty: unknown FBoneNode bLockBone
BoolProperty: unknown FBoneNode bRemoveBone
BoolProperty: unknown FBoneNode bLockBone
BoolProperty: unknown FBoneNode bRemoveBone
BoolProperty: unknown FBoneNode bLockBone
BoolProperty: unknown FBoneNode bRemoveBone
BoolProperty: unknown FBoneNode bLockBone
BoolProperty: unknown FBoneNode bRemoveBone
BoolProperty: unknown FBoneNode bLockBone
BoolProperty: unknown FBoneNode bRemoveBone
BoolProperty: unknown FBoneNode bLockBone
BoolProperty: unknown FBoneNode bRemoveBone
BoolProperty: unknown FBoneNode bLockBone
BoolProperty: unknown FBoneNode bRemoveBone
BoolProperty: unknown FBoneNode bLockBone
BoolProperty: unknown FBoneNode bRemoveBone
Exporting objects ...
Exporting AnimSequence4 Direwolf-Jump-In to C:/Users/Nez/Desktop/GitHub/Ark-Survival-Returns/.work/exports/actorx/PrimalEarth/Dinos/Direwolf/Animations/Direwolf-Jump-In.psa
Memory: allocated 647936 bytes in 542 blocks
Loading AnimSequence4 Direwolf-Move-Fwd from package PrimalEarth/Dinos/Direwolf/Animations/Direwolf-Move-Fwd.uasset
FloatProperty: unknown FAnimNotifyEvent DisplayTime
BoolProperty: unknown FAnimNotifyEvent bIgnoreOnDediServer
FloatProperty: unknown FAnimNotifyEvent DisplayTime
BoolProperty: unknown FAnimNotifyEvent bIgnoreOnDediServer
FloatProperty: unknown FAnimNotifyEvent DisplayTime
BoolProperty: unknown FAnimNotifyEvent bIgnoreOnDediServer
FloatProperty: unknown FAnimNotifyEvent DisplayTime
BoolProperty: unknown FAnimNotifyEvent bIgnoreOnDediServer
FloatProperty: unknown FAnimNotifyEvent DisplayTime
BoolProperty: unknown FAnimNotifyEvent bIgnoreOnDediServer
Loading Skeleton Direwolf_Skeleton from package PrimalEarth/Dinos/Direwolf/Direwolf_Skeleton.uasset
BoolProperty: unknown FBoneNode bLockBone
BoolProperty: unknown FBoneNode bRemoveBone
BoolProperty: unknown FBoneNode bLockBone
BoolProperty: unknown FBoneNode bRemoveBone
BoolProperty: unknown FBoneNode bLockBone
BoolProperty: unknown FBoneNode bRemoveBone
BoolProperty: unknown FBoneNode bLockBone
BoolProperty: unknown FBoneNode bRemoveBone
BoolProperty: unknown FBoneNode bLockBone
BoolProperty: unknown FBoneNode bRemoveBone
BoolProperty: unknown FBoneNode bLockBone
BoolProperty: unknown FBoneNode bRemoveBone
BoolProperty: unknown FBoneNode bLockBone
BoolProperty: unknown FBoneNode bRemoveBone
BoolProperty: unknown FBoneNode bLockBone
BoolProperty: unknown FBoneNode bRemoveBone
BoolProperty: unknown FBoneNode bLockBone
BoolProperty: unknown FBoneNode bRemoveBone
BoolProperty: unknown FBoneNode bLockBone
BoolProperty: unknown FBoneNode bRemoveBone
BoolProperty: unknown FBoneNode bLockBone
BoolProperty: unknown FBoneNode bRemoveBone
BoolProperty: unknown FBoneNode bLockBone
BoolProperty: unknown FBoneNode bRemoveBone
BoolProperty: unknown FBoneNode bLockBone
BoolProperty: unknown FBoneNode bRemoveBone
BoolProperty: unknown FBoneNode bLockBone
BoolProperty: unknown FBoneNode bRemoveBone
BoolProperty: unknown FBoneNode bLockBone
BoolProperty: unknown FBoneNode bRemoveBone
BoolProperty: unknown FBoneNode bLockBone
BoolProperty: unknown FBoneNode bRemoveBone
BoolProperty: unknown FBoneNode bLockBone
BoolProperty: unknown FBoneNode bRemoveBone
BoolProperty: unknown FBoneNode bLockBone
BoolProperty: unknown FBoneNode bRemoveBone
BoolProperty: unknown FBoneNode bLockBone
BoolProperty: unknown FBoneNode bRemoveBone
BoolProperty: unknown FBoneNode bLockBone
BoolProperty: unknown FBoneNode bRemoveBone
BoolProperty: unknown FBoneNode bLockBone
BoolProperty: unknown FBoneNode bRemoveBone
BoolProperty: unknown FBoneNode bLockBone
BoolProperty: unknown FBoneNode bRemoveBone
BoolProperty: unknown FBoneNode bLockBone
BoolProperty: unknown FBoneNode bRemoveBone
BoolProperty: unknown FBoneNode bLockBone
BoolProperty: unknown FBoneNode bRemoveBone
BoolProperty: unknown FBoneNode bLockBone
BoolProperty: unknown FBoneNode bRemoveBone
BoolProperty: unknown FBoneNode bLockBone
BoolProperty: unknown FBoneNode bRemoveBone
BoolProperty: unknown FBoneNode bLockBone
BoolProperty: unknown FBoneNode bRemoveBone
BoolProperty: unknown FBoneNode bLockBone
BoolProperty: unknown FBoneNode bRemoveBone
BoolProperty: unknown FBoneNode bLockBone
BoolProperty: unknown FBoneNode bRemoveBone
BoolProperty: unknown FBoneNode bLockBone
BoolProperty: unknown FBoneNode bRemoveBone
BoolProperty: unknown FBoneNode bLockBone
BoolProperty: unknown FBoneNode bRemoveBone
BoolProperty: unknown FBoneNode bLockBone
BoolProperty: unknown FBoneNode bRemoveBone
BoolProperty: unknown FBoneNode bLockBone
BoolProperty: unknown FBoneNode bRemoveBone
BoolProperty: unknown FBoneNode bLockBone
BoolProperty: unknown FBoneNode bRemoveBone
BoolProperty: unknown FBoneNode bLockBone
BoolProperty: unknown FBoneNode bRemoveBone
BoolProperty: unknown FBoneNode bLockBone
BoolProperty: unknown FBoneNode bRemoveBone
BoolProperty: unknown FBoneNode bLockBone
BoolProperty: unknown FBoneNode bRemoveBone
BoolProperty: unknown FBoneNode bLockBone
BoolProperty: unknown FBoneNode bRemoveBone
BoolProperty: unknown FBoneNode bLockBone
BoolProperty: unknown FBoneNode bRemoveBone
BoolProperty: unknown FBoneNode bLockBone
BoolProperty: unknown FBoneNode bRemoveBone
BoolProperty: unknown FBoneNode bLockBone
BoolProperty: unknown FBoneNode bRemoveBone
BoolProperty: unknown FBoneNode bLockBone
BoolProperty: unknown FBoneNode bRemoveBone
BoolProperty: unknown FBoneNode bLockBone
BoolProperty: unknown FBoneNode bRemoveBone
BoolProperty: unknown FBoneNode bLockBone
BoolProperty: unknown FBoneNode bRemoveBone
BoolProperty: unknown FBoneNode bLockBone
BoolProperty: unknown FBoneNode bRemoveBone
BoolProperty: unknown FBoneNode bLockBone
BoolProperty: unknown FBoneNode bRemoveBone
BoolProperty: unknown FBoneNode bLockBone
BoolProperty: unknown FBoneNode bRemoveBone
BoolProperty: unknown FBoneNode bLockBone
BoolProperty: unknown FBoneNode bRemoveBone
BoolProperty: unknown FBoneNode bLockBone
BoolProperty: unknown FBoneNode bRemoveBone
BoolProperty: unknown FBoneNode bLockBone
BoolProperty: unknown FBoneNode bRemoveBone
BoolProperty: unknown FBoneNode bLockBone
BoolProperty: unknown FBoneNode bRemoveBone
BoolProperty: unknown FBoneNode bLockBone
BoolProperty: unknown FBoneNode bRemoveBone
BoolProperty: unknown FBoneNode bLockBone
BoolProperty: unknown FBoneNode bRemoveBone
BoolProperty: unknown FBoneNode bLockBone
BoolProperty: unknown FBoneNode bRemoveBone
BoolProperty: unknown FBoneNode bLockBone
BoolProperty: unknown FBoneNode bRemoveBone
BoolProperty: unknown FBoneNode bLockBone
BoolProperty: unknown FBoneNode bRemoveBone
BoolProperty: unknown FBoneNode bLockBone
BoolProperty: unknown FBoneNode bRemoveBone
BoolProperty: unknown FBoneNode bLockBone
BoolProperty: unknown FBoneNode bRemoveBone
BoolProperty: unknown FBoneNode bLockBone
BoolProperty: unknown FBoneNode bRemoveBone
BoolProperty: unknown FBoneNode bLockBone
BoolProperty: unknown FBoneNode bRemoveBone
BoolProperty: unknown FBoneNode bLockBone
BoolProperty: unknown FBoneNode bRemoveBone
BoolProperty: unknown FBoneNode bLockBone
BoolProperty: unknown FBoneNode bRemoveBone
BoolProperty: unknown FBoneNode bLockBone
BoolProperty: unknown FBoneNode bRemoveBone
BoolProperty: unknown FBoneNode bLockBone
BoolProperty: unknown FBoneNode bRemoveBone
BoolProperty: unknown FBoneNode bLockBone
BoolProperty: unknown FBoneNode bRemoveBone
BoolProperty: unknown FBoneNode bLockBone
BoolProperty: unknown FBoneNode bRemoveBone
BoolProperty: unknown FBoneNode bLockBone
BoolProperty: unknown FBoneNode bRemoveBone
BoolProperty: unknown FBoneNode bLockBone
BoolProperty: unknown FBoneNode bRemoveBone
BoolProperty: unknown FBoneNode bLockBone
BoolProperty: unknown FBoneNode bRemoveBone
BoolProperty: unknown FBoneNode bLockBone
BoolProperty: unknown FBoneNode bRemoveBone
BoolProperty: unknown FBoneNode bLockBone
BoolProperty: unknown FBoneNode bRemoveBone
BoolProperty: unknown FBoneNode bLockBone
BoolProperty: unknown FBoneNode bRemoveBone
BoolProperty: unknown FBoneNode bLockBone
BoolProperty: unknown FBoneNode bRemoveBone
BoolProperty: unknown FBoneNode bLockBone
BoolProperty: unknown FBoneNode bRemoveBone
BoolProperty: unknown FBoneNode bLockBone
BoolProperty: unknown FBoneNode bRemoveBone
BoolProperty: unknown FBoneNode bLockBone
BoolProperty: unknown FBoneNode bRemoveBone
BoolProperty: unknown FBoneNode bLockBone
BoolProperty: unknown FBoneNode bRemoveBone
BoolProperty: unknown FBoneNode bLockBone
BoolProperty: unknown FBoneNode bRemoveBone
BoolProperty: unknown FBoneNode bLockBone
BoolProperty: unknown FBoneNode bRemoveBone
BoolProperty: unknown FBoneNode bLockBone
BoolProperty: unknown FBoneNode bRemoveBone
BoolProperty: unknown FBoneNode bLockBone
BoolProperty: unknown FBoneNode bRemoveBone
BoolProperty: unknown FBoneNode bLockBone
BoolProperty: unknown FBoneNode bRemoveBone
BoolProperty: unknown FBoneNode bLockBone
BoolProperty: unknown FBoneNode bRemoveBone
BoolProperty: unknown FBoneNode bLockBone
BoolProperty: unknown FBoneNode bRemoveBone
BoolProperty: unknown FBoneNode bLockBone
BoolProperty: unknown FBoneNode bRemoveBone
BoolProperty: unknown FBoneNode bLockBone
BoolProperty: unknown FBoneNode bRemoveBone
BoolProperty: unknown FBoneNode bLockBone
BoolProperty: unknown FBoneNode bRemoveBone
BoolProperty: unknown FBoneNode bLockBone
BoolProperty: unknown FBoneNode bRemoveBone
BoolProperty: unknown FBoneNode bLockBone
BoolProperty: unknown FBoneNode bRemoveBone
Exporting objects ...
Exporting AnimSequence4 Direwolf-Move-Fwd to C:/Users/Nez/Desktop/GitHub/Ark-Survival-Returns/.work/exports/actorx/PrimalEarth/Dinos/Direwolf/Animations/Direwolf-Move-Fwd.psa
Memory: allocated 660224 bytes in 545 blocks
Loading AnimSequence4 Direwolf-Move-Lft from package PrimalEarth/Dinos/Direwolf/Animations/Direwolf-Move-Lft.uasset
FloatProperty: unknown FAnimNotifyEvent DisplayTime
BoolProperty: unknown FAnimNotifyEvent bIgnoreOnDediServer
FloatProperty: unknown FAnimNotifyEvent DisplayTime
BoolProperty: unknown FAnimNotifyEvent bIgnoreOnDediServer
FloatProperty: unknown FAnimNotifyEvent DisplayTime
BoolProperty: unknown FAnimNotifyEvent bIgnoreOnDediServer
FloatProperty: unknown FAnimNotifyEvent DisplayTime
BoolProperty: unknown FAnimNotifyEvent bIgnoreOnDediServer
FloatProperty: unknown FAnimNotifyEvent DisplayTime
BoolProperty: unknown FAnimNotifyEvent bIgnoreOnDediServer
Loading Skeleton Direwolf_Skeleton from package PrimalEarth/Dinos/Direwolf/Direwolf_Skeleton.uasset
BoolProperty: unknown FBoneNode bLockBone
BoolProperty: unknown FBoneNode bRemoveBone
BoolProperty: unknown FBoneNode bLockBone
BoolProperty: unknown FBoneNode bRemoveBone
BoolProperty: unknown FBoneNode bLockBone
BoolProperty: unknown FBoneNode bRemoveBone
BoolProperty: unknown FBoneNode bLockBone
BoolProperty: unknown FBoneNode bRemoveBone
BoolProperty: unknown FBoneNode bLockBone
BoolProperty: unknown FBoneNode bRemoveBone
BoolProperty: unknown FBoneNode bLockBone
BoolProperty: unknown FBoneNode bRemoveBone
BoolProperty: unknown FBoneNode bLockBone
BoolProperty: unknown FBoneNode bRemoveBone
BoolProperty: unknown FBoneNode bLockBone
BoolProperty: unknown FBoneNode bRemoveBone
BoolProperty: unknown FBoneNode bLockBone
BoolProperty: unknown FBoneNode bRemoveBone
BoolProperty: unknown FBoneNode bLockBone
BoolProperty: unknown FBoneNode bRemoveBone
BoolProperty: unknown FBoneNode bLockBone
BoolProperty: unknown FBoneNode bRemoveBone
BoolProperty: unknown FBoneNode bLockBone
BoolProperty: unknown FBoneNode bRemoveBone
BoolProperty: unknown FBoneNode bLockBone
BoolProperty: unknown FBoneNode bRemoveBone
BoolProperty: unknown FBoneNode bLockBone
BoolProperty: unknown FBoneNode bRemoveBone
BoolProperty: unknown FBoneNode bLockBone
BoolProperty: unknown FBoneNode bRemoveBone
BoolProperty: unknown FBoneNode bLockBone
BoolProperty: unknown FBoneNode bRemoveBone
BoolProperty: unknown FBoneNode bLockBone
BoolProperty: unknown FBoneNode bRemoveBone
BoolProperty: unknown FBoneNode bLockBone
BoolProperty: unknown FBoneNode bRemoveBone
BoolProperty: unknown FBoneNode bLockBone
BoolProperty: unknown FBoneNode bRemoveBone
BoolProperty: unknown FBoneNode bLockBone
BoolProperty: unknown FBoneNode bRemoveBone
BoolProperty: unknown FBoneNode bLockBone
BoolProperty: unknown FBoneNode bRemoveBone
BoolProperty: unknown FBoneNode bLockBone
BoolProperty: unknown FBoneNode bRemoveBone
BoolProperty: unknown FBoneNode bLockBone
BoolProperty: unknown FBoneNode bRemoveBone
BoolProperty: unknown FBoneNode bLockBone
BoolProperty: unknown FBoneNode bRemoveBone
BoolProperty: unknown FBoneNode bLockBone
BoolProperty: unknown FBoneNode bRemoveBone
BoolProperty: unknown FBoneNode bLockBone
BoolProperty: unknown FBoneNode bRemoveBone
BoolProperty: unknown FBoneNode bLockBone
BoolProperty: unknown FBoneNode bRemoveBone
BoolProperty: unknown FBoneNode bLockBone
BoolProperty: unknown FBoneNode bRemoveBone
BoolProperty: unknown FBoneNode bLockBone
BoolProperty: unknown FBoneNode bRemoveBone
BoolProperty: unknown FBoneNode bLockBone
BoolProperty: unknown FBoneNode bRemoveBone
BoolProperty: unknown FBoneNode bLockBone
BoolProperty: unknown FBoneNode bRemoveBone
BoolProperty: unknown FBoneNode bLockBone
BoolProperty: unknown FBoneNode bRemoveBone
BoolProperty: unknown FBoneNode bLockBone
BoolProperty: unknown FBoneNode bRemoveBone
BoolProperty: unknown FBoneNode bLockBone
BoolProperty: unknown FBoneNode bRemoveBone
BoolProperty: unknown FBoneNode bLockBone
BoolProperty: unknown FBoneNode bRemoveBone
BoolProperty: unknown FBoneNode bLockBone
BoolProperty: unknown FBoneNode bRemoveBone
BoolProperty: unknown FBoneNode bLockBone
BoolProperty: unknown FBoneNode bRemoveBone
BoolProperty: unknown FBoneNode bLockBone
BoolProperty: unknown FBoneNode bRemoveBone
BoolProperty: unknown FBoneNode bLockBone
BoolProperty: unknown FBoneNode bRemoveBone
BoolProperty: unknown FBoneNode bLockBone
BoolProperty: unknown FBoneNode bRemoveBone
BoolProperty: unknown FBoneNode bLockBone
BoolProperty: unknown FBoneNode bRemoveBone
BoolProperty: unknown FBoneNode bLockBone
BoolProperty: unknown FBoneNode bRemoveBone
BoolProperty: unknown FBoneNode bLockBone
BoolProperty: unknown FBoneNode bRemoveBone
BoolProperty: unknown FBoneNode bLockBone
BoolProperty: unknown FBoneNode bRemoveBone
BoolProperty: unknown FBoneNode bLockBone
BoolProperty: unknown FBoneNode bRemoveBone
BoolProperty: unknown FBoneNode bLockBone
BoolProperty: unknown FBoneNode bRemoveBone
BoolProperty: unknown FBoneNode bLockBone
BoolProperty: unknown FBoneNode bRemoveBone
BoolProperty: unknown FBoneNode bLockBone
BoolProperty: unknown FBoneNode bRemoveBone
BoolProperty: unknown FBoneNode bLockBone
BoolProperty: unknown FBoneNode bRemoveBone
BoolProperty: unknown FBoneNode bLockBone
BoolProperty: unknown FBoneNode bRemoveBone
BoolProperty: unknown FBoneNode bLockBone
BoolProperty: unknown FBoneNode bRemoveBone
BoolProperty: unknown FBoneNode bLockBone
BoolProperty: unknown FBoneNode bRemoveBone
BoolProperty: unknown FBoneNode bLockBone
BoolProperty: unknown FBoneNode bRemoveBone
BoolProperty: unknown FBoneNode bLockBone
BoolProperty: unknown FBoneNode bRemoveBone
BoolProperty: unknown FBoneNode bLockBone
BoolProperty: unknown FBoneNode bRemoveBone
BoolProperty: unknown FBoneNode bLockBone
BoolProperty: unknown FBoneNode bRemoveBone
BoolProperty: unknown FBoneNode bLockBone
BoolProperty: unknown FBoneNode bRemoveBone
BoolProperty: unknown FBoneNode bLockBone
BoolProperty: unknown FBoneNode bRemoveBone
BoolProperty: unknown FBoneNode bLockBone
BoolProperty: unknown FBoneNode bRemoveBone
BoolProperty: unknown FBoneNode bLockBone
BoolProperty: unknown FBoneNode bRemoveBone
BoolProperty: unknown FBoneNode bLockBone
BoolProperty: unknown FBoneNode bRemoveBone
BoolProperty: unknown FBoneNode bLockBone
BoolProperty: unknown FBoneNode bRemoveBone
BoolProperty: unknown FBoneNode bLockBone
BoolProperty: unknown FBoneNode bRemoveBone
BoolProperty: unknown FBoneNode bLockBone
BoolProperty: unknown FBoneNode bRemoveBone
BoolProperty: unknown FBoneNode bLockBone
BoolProperty: unknown FBoneNode bRemoveBone
BoolProperty: unknown FBoneNode bLockBone
BoolProperty: unknown FBoneNode bRemoveBone
BoolProperty: unknown FBoneNode bLockBone
BoolProperty: unknown FBoneNode bRemoveBone
BoolProperty: unknown FBoneNode bLockBone
BoolProperty: unknown FBoneNode bRemoveBone
BoolProperty: unknown FBoneNode bLockBone
BoolProperty: unknown FBoneNode bRemoveBone
BoolProperty: unknown FBoneNode bLockBone
BoolProperty: unknown FBoneNode bRemoveBone
BoolProperty: unknown FBoneNode bLockBone
BoolProperty: unknown FBoneNode bRemoveBone
BoolProperty: unknown FBoneNode bLockBone
BoolProperty: unknown FBoneNode bRemoveBone
BoolProperty: unknown FBoneNode bLockBone
BoolProperty: unknown FBoneNode bRemoveBone
BoolProperty: unknown FBoneNode bLockBone
BoolProperty: unknown FBoneNode bRemoveBone
BoolProperty: unknown FBoneNode bLockBone
BoolProperty: unknown FBoneNode bRemoveBone
BoolProperty: unknown FBoneNode bLockBone
BoolProperty: unknown FBoneNode bRemoveBone
BoolProperty: unknown FBoneNode bLockBone
BoolProperty: unknown FBoneNode bRemoveBone
BoolProperty: unknown FBoneNode bLockBone
BoolProperty: unknown FBoneNode bRemoveBone
BoolProperty: unknown FBoneNode bLockBone
BoolProperty: unknown FBoneNode bRemoveBone
BoolProperty: unknown FBoneNode bLockBone
BoolProperty: unknown FBoneNode bRemoveBone
BoolProperty: unknown FBoneNode bLockBone
BoolProperty: unknown FBoneNode bRemoveBone
BoolProperty: unknown FBoneNode bLockBone
BoolProperty: unknown FBoneNode bRemoveBone
BoolProperty: unknown FBoneNode bLockBone
BoolProperty: unknown FBoneNode bRemoveBone
BoolProperty: unknown FBoneNode bLockBone
BoolProperty: unknown FBoneNode bRemoveBone
BoolProperty: unknown FBoneNode bLockBone
BoolProperty: unknown FBoneNode bRemoveBone
BoolProperty: unknown FBoneNode bLockBone
BoolProperty: unknown FBoneNode bRemoveBone
BoolProperty: unknown FBoneNode bLockBone
BoolProperty: unknown FBoneNode bRemoveBone
BoolProperty: unknown FBoneNode bLockBone
BoolProperty: unknown FBoneNode bRemoveBone
BoolProperty: unknown FBoneNode bLockBone
BoolProperty: unknown FBoneNode bRemoveBone
Exporting objects ...
Exporting AnimSequence4 Direwolf-Move-Lft to C:/Users/Nez/Desktop/GitHub/Ark-Survival-Returns/.work/exports/actorx/PrimalEarth/Dinos/Direwolf/Animations/Direwolf-Move-Lft.psa
Memory: allocated 672512 bytes in 548 blocks
Loading AnimSequence4 Direwolf-Move-Rit from package PrimalEarth/Dinos/Direwolf/Animations/Direwolf-Move-Rit.uasset
FloatProperty: unknown FAnimNotifyEvent DisplayTime
BoolProperty: unknown FAnimNotifyEvent bIgnoreOnDediServer
FloatProperty: unknown FAnimNotifyEvent DisplayTime
BoolProperty: unknown FAnimNotifyEvent bIgnoreOnDediServer
FloatProperty: unknown FAnimNotifyEvent DisplayTime
BoolProperty: unknown FAnimNotifyEvent bIgnoreOnDediServer
FloatProperty: unknown FAnimNotifyEvent DisplayTime
BoolProperty: unknown FAnimNotifyEvent bIgnoreOnDediServer
FloatProperty: unknown FAnimNotifyEvent DisplayTime
BoolProperty: unknown FAnimNotifyEvent bIgnoreOnDediServer
Loading Skeleton Direwolf_Skeleton from package PrimalEarth/Dinos/Direwolf/Direwolf_Skeleton.uasset
BoolProperty: unknown FBoneNode bLockBone
BoolProperty: unknown FBoneNode bRemoveBone
BoolProperty: unknown FBoneNode bLockBone
BoolProperty: unknown FBoneNode bRemoveBone
BoolProperty: unknown FBoneNode bLockBone
BoolProperty: unknown FBoneNode bRemoveBone
BoolProperty: unknown FBoneNode bLockBone
BoolProperty: unknown FBoneNode bRemoveBone
BoolProperty: unknown FBoneNode bLockBone
BoolProperty: unknown FBoneNode bRemoveBone
BoolProperty: unknown FBoneNode bLockBone
BoolProperty: unknown FBoneNode bRemoveBone
BoolProperty: unknown FBoneNode bLockBone
BoolProperty: unknown FBoneNode bRemoveBone
BoolProperty: unknown FBoneNode bLockBone
BoolProperty: unknown FBoneNode bRemoveBone
BoolProperty: unknown FBoneNode bLockBone
BoolProperty: unknown FBoneNode bRemoveBone
BoolProperty: unknown FBoneNode bLockBone
BoolProperty: unknown FBoneNode bRemoveBone
BoolProperty: unknown FBoneNode bLockBone
BoolProperty: unknown FBoneNode bRemoveBone
BoolProperty: unknown FBoneNode bLockBone
BoolProperty: unknown FBoneNode bRemoveBone
BoolProperty: unknown FBoneNode bLockBone
BoolProperty: unknown FBoneNode bRemoveBone
BoolProperty: unknown FBoneNode bLockBone
BoolProperty: unknown FBoneNode bRemoveBone
BoolProperty: unknown FBoneNode bLockBone
BoolProperty: unknown FBoneNode bRemoveBone
BoolProperty: unknown FBoneNode bLockBone
BoolProperty: unknown FBoneNode bRemoveBone
BoolProperty: unknown FBoneNode bLockBone
BoolProperty: unknown FBoneNode bRemoveBone
BoolProperty: unknown FBoneNode bLockBone
BoolProperty: unknown FBoneNode bRemoveBone
BoolProperty: unknown FBoneNode bLockBone
BoolProperty: unknown FBoneNode bRemoveBone
BoolProperty: unknown FBoneNode bLockBone
BoolProperty: unknown FBoneNode bRemoveBone
BoolProperty: unknown FBoneNode bLockBone
BoolProperty: unknown FBoneNode bRemoveBone
BoolProperty: unknown FBoneNode bLockBone
BoolProperty: unknown FBoneNode bRemoveBone
BoolProperty: unknown FBoneNode bLockBone
BoolProperty: unknown FBoneNode bRemoveBone
BoolProperty: unknown FBoneNode bLockBone
BoolProperty: unknown FBoneNode bRemoveBone
BoolProperty: unknown FBoneNode bLockBone
BoolProperty: unknown FBoneNode bRemoveBone
BoolProperty: unknown FBoneNode bLockBone
BoolProperty: unknown FBoneNode bRemoveBone
BoolProperty: unknown FBoneNode bLockBone
BoolProperty: unknown FBoneNode bRemoveBone
BoolProperty: unknown FBoneNode bLockBone
BoolProperty: unknown FBoneNode bRemoveBone
BoolProperty: unknown FBoneNode bLockBone
BoolProperty: unknown FBoneNode bRemoveBone
BoolProperty: unknown FBoneNode bLockBone
BoolProperty: unknown FBoneNode bRemoveBone
BoolProperty: unknown FBoneNode bLockBone
BoolProperty: unknown FBoneNode bRemoveBone
BoolProperty: unknown FBoneNode bLockBone
BoolProperty: unknown FBoneNode bRemoveBone
BoolProperty: unknown FBoneNode bLockBone
BoolProperty: unknown FBoneNode bRemoveBone
BoolProperty: unknown FBoneNode bLockBone
BoolProperty: unknown FBoneNode bRemoveBone
BoolProperty: unknown FBoneNode bLockBone
BoolProperty: unknown FBoneNode bRemoveBone
BoolProperty: unknown FBoneNode bLockBone
BoolProperty: unknown FBoneNode bRemoveBone
BoolProperty: unknown FBoneNode bLockBone
BoolProperty: unknown FBoneNode bRemoveBone
BoolProperty: unknown FBoneNode bLockBone
BoolProperty: unknown FBoneNode bRemoveBone
BoolProperty: unknown FBoneNode bLockBone
BoolProperty: unknown FBoneNode bRemoveBone
BoolProperty: unknown FBoneNode bLockBone
BoolProperty: unknown FBoneNode bRemoveBone
BoolProperty: unknown FBoneNode bLockBone
BoolProperty: unknown FBoneNode bRemoveBone
BoolProperty: unknown FBoneNode bLockBone
BoolProperty: unknown FBoneNode bRemoveBone
BoolProperty: unknown FBoneNode bLockBone
BoolProperty: unknown FBoneNode bRemoveBone
BoolProperty: unknown FBoneNode bLockBone
BoolProperty: unknown FBoneNode bRemoveBone
BoolProperty: unknown FBoneNode bLockBone
BoolProperty: unknown FBoneNode bRemoveBone
BoolProperty: unknown FBoneNode bLockBone
BoolProperty: unknown FBoneNode bRemoveBone
BoolProperty: unknown FBoneNode bLockBone
BoolProperty: unknown FBoneNode bRemoveBone
BoolProperty: unknown FBoneNode bLockBone
BoolProperty: unknown FBoneNode bRemoveBone
BoolProperty: unknown FBoneNode bLockBone
BoolProperty: unknown FBoneNode bRemoveBone
BoolProperty: unknown FBoneNode bLockBone
BoolProperty: unknown FBoneNode bRemoveBone
BoolProperty: unknown FBoneNode bLockBone
BoolProperty: unknown FBoneNode bRemoveBone
BoolProperty: unknown FBoneNode bLockBone
BoolProperty: unknown FBoneNode bRemoveBone
BoolProperty: unknown FBoneNode bLockBone
BoolProperty: unknown FBoneNode bRemoveBone
BoolProperty: unknown FBoneNode bLockBone
BoolProperty: unknown FBoneNode bRemoveBone
BoolProperty: unknown FBoneNode bLockBone
BoolProperty: unknown FBoneNode bRemoveBone
BoolProperty: unknown FBoneNode bLockBone
BoolProperty: unknown FBoneNode bRemoveBone
BoolProperty: unknown FBoneNode bLockBone
BoolProperty: unknown FBoneNode bRemoveBone
BoolProperty: unknown FBoneNode bLockBone
BoolProperty: unknown FBoneNode bRemoveBone
BoolProperty: unknown FBoneNode bLockBone
BoolProperty: unknown FBoneNode bRemoveBone
BoolProperty: unknown FBoneNode bLockBone
BoolProperty: unknown FBoneNode bRemoveBone
BoolProperty: unknown FBoneNode bLockBone
BoolProperty: unknown FBoneNode bRemoveBone
BoolProperty: unknown FBoneNode bLockBone
BoolProperty: unknown FBoneNode bRemoveBone
BoolProperty: unknown FBoneNode bLockBone
BoolProperty: unknown FBoneNode bRemoveBone
BoolProperty: unknown FBoneNode bLockBone
BoolProperty: unknown FBoneNode bRemoveBone
BoolProperty: unknown FBoneNode bLockBone
BoolProperty: unknown FBoneNode bRemoveBone
BoolProperty: unknown FBoneNode bLockBone
BoolProperty: unknown FBoneNode bRemoveBone
BoolProperty: unknown FBoneNode bLockBone
BoolProperty: unknown FBoneNode bRemoveBone
BoolProperty: unknown FBoneNode bLockBone
BoolProperty: unknown FBoneNode bRemoveBone
BoolProperty: unknown FBoneNode bLockBone
BoolProperty: unknown FBoneNode bRemoveBone
BoolProperty: unknown FBoneNode bLockBone
BoolProperty: unknown FBoneNode bRemoveBone
BoolProperty: unknown FBoneNode bLockBone
BoolProperty: unknown FBoneNode bRemoveBone
BoolProperty: unknown FBoneNode bLockBone
BoolProperty: unknown FBoneNode bRemoveBone
BoolProperty: unknown FBoneNode bLockBone
BoolProperty: unknown FBoneNode bRemoveBone
BoolProperty: unknown FBoneNode bLockBone
BoolProperty: unknown FBoneNode bRemoveBone
BoolProperty: unknown FBoneNode bLockBone
BoolProperty: unknown FBoneNode bRemoveBone
BoolProperty: unknown FBoneNode bLockBone
BoolProperty: unknown FBoneNode bRemoveBone
BoolProperty: unknown FBoneNode bLockBone
BoolProperty: unknown FBoneNode bRemoveBone
BoolProperty: unknown FBoneNode bLockBone
BoolProperty: unknown FBoneNode bRemoveBone
BoolProperty: unknown FBoneNode bLockBone
BoolProperty: unknown FBoneNode bRemoveBone
BoolProperty: unknown FBoneNode bLockBone
BoolProperty: unknown FBoneNode bRemoveBone
BoolProperty: unknown FBoneNode bLockBone
BoolProperty: unknown FBoneNode bRemoveBone
BoolProperty: unknown FBoneNode bLockBone
BoolProperty: unknown FBoneNode bRemoveBone
BoolProperty: unknown FBoneNode bLockBone
BoolProperty: unknown FBoneNode bRemoveBone
BoolProperty: unknown FBoneNode bLockBone
BoolProperty: unknown FBoneNode bRemoveBone
BoolProperty: unknown FBoneNode bLockBone
BoolProperty: unknown FBoneNode bRemoveBone
BoolProperty: unknown FBoneNode bLockBone
BoolProperty: unknown FBoneNode bRemoveBone
BoolProperty: unknown FBoneNode bLockBone
BoolProperty: unknown FBoneNode bRemoveBone
BoolProperty: unknown FBoneNode bLockBone
BoolProperty: unknown FBoneNode bRemoveBone
BoolProperty: unknown FBoneNode bLockBone
BoolProperty: unknown FBoneNode bRemoveBone
Exporting objects ...
Exporting AnimSequence4 Direwolf-Move-Rit to C:/Users/Nez/Desktop/GitHub/Ark-Survival-Returns/.work/exports/actorx/PrimalEarth/Dinos/Direwolf/Animations/Direwolf-Move-Rit.psa
Memory: allocated 684800 bytes in 551 blocks
Loading AnimSequence4 Direwolf-Poop from package PrimalEarth/Dinos/Direwolf/Animations/Direwolf-Poop.uasset
Loading Skeleton Direwolf_Skeleton from package PrimalEarth/Dinos/Direwolf/Direwolf_Skeleton.uasset
BoolProperty: unknown FBoneNode bLockBone
BoolProperty: unknown FBoneNode bRemoveBone
BoolProperty: unknown FBoneNode bLockBone
BoolProperty: unknown FBoneNode bRemoveBone
BoolProperty: unknown FBoneNode bLockBone
BoolProperty: unknown FBoneNode bRemoveBone
BoolProperty: unknown FBoneNode bLockBone
BoolProperty: unknown FBoneNode bRemoveBone
BoolProperty: unknown FBoneNode bLockBone
BoolProperty: unknown FBoneNode bRemoveBone
BoolProperty: unknown FBoneNode bLockBone
BoolProperty: unknown FBoneNode bRemoveBone
BoolProperty: unknown FBoneNode bLockBone
BoolProperty: unknown FBoneNode bRemoveBone
BoolProperty: unknown FBoneNode bLockBone
BoolProperty: unknown FBoneNode bRemoveBone
BoolProperty: unknown FBoneNode bLockBone
BoolProperty: unknown FBoneNode bRemoveBone
BoolProperty: unknown FBoneNode bLockBone
BoolProperty: unknown FBoneNode bRemoveBone
BoolProperty: unknown FBoneNode bLockBone
BoolProperty: unknown FBoneNode bRemoveBone
BoolProperty: unknown FBoneNode bLockBone
BoolProperty: unknown FBoneNode bRemoveBone
BoolProperty: unknown FBoneNode bLockBone
BoolProperty: unknown FBoneNode bRemoveBone
BoolProperty: unknown FBoneNode bLockBone
BoolProperty: unknown FBoneNode bRemoveBone
BoolProperty: unknown FBoneNode bLockBone
BoolProperty: unknown FBoneNode bRemoveBone
BoolProperty: unknown FBoneNode bLockBone
BoolProperty: unknown FBoneNode bRemoveBone
BoolProperty: unknown FBoneNode bLockBone
BoolProperty: unknown FBoneNode bRemoveBone
BoolProperty: unknown FBoneNode bLockBone
BoolProperty: unknown FBoneNode bRemoveBone
BoolProperty: unknown FBoneNode bLockBone
BoolProperty: unknown FBoneNode bRemoveBone
BoolProperty: unknown FBoneNode bLockBone
BoolProperty: unknown FBoneNode bRemoveBone
BoolProperty: unknown FBoneNode bLockBone
BoolProperty: unknown FBoneNode bRemoveBone
BoolProperty: unknown FBoneNode bLockBone
BoolProperty: unknown FBoneNode bRemoveBone
BoolProperty: unknown FBoneNode bLockBone
BoolProperty: unknown FBoneNode bRemoveBone
BoolProperty: unknown FBoneNode bLockBone
BoolProperty: unknown FBoneNode bRemoveBone
BoolProperty: unknown FBoneNode bLockBone
BoolProperty: unknown FBoneNode bRemoveBone
BoolProperty: unknown FBoneNode bLockBone
BoolProperty: unknown FBoneNode bRemoveBone
BoolProperty: unknown FBoneNode bLockBone
BoolProperty: unknown FBoneNode bRemoveBone
BoolProperty: unknown FBoneNode bLockBone
BoolProperty: unknown FBoneNode bRemoveBone
BoolProperty: unknown FBoneNode bLockBone
BoolProperty: unknown FBoneNode bRemoveBone
BoolProperty: unknown FBoneNode bLockBone
BoolProperty: unknown FBoneNode bRemoveBone
BoolProperty: unknown FBoneNode bLockBone
BoolProperty: unknown FBoneNode bRemoveBone
BoolProperty: unknown FBoneNode bLockBone
BoolProperty: unknown FBoneNode bRemoveBone
BoolProperty: unknown FBoneNode bLockBone
BoolProperty: unknown FBoneNode bRemoveBone
BoolProperty: unknown FBoneNode bLockBone
BoolProperty: unknown FBoneNode bRemoveBone
BoolProperty: unknown FBoneNode bLockBone
BoolProperty: unknown FBoneNode bRemoveBone
BoolProperty: unknown FBoneNode bLockBone
BoolProperty: unknown FBoneNode bRemoveBone
BoolProperty: unknown FBoneNode bLockBone
BoolProperty: unknown FBoneNode bRemoveBone
BoolProperty: unknown FBoneNode bLockBone
BoolProperty: unknown FBoneNode bRemoveBone
BoolProperty: unknown FBoneNode bLockBone
BoolProperty: unknown FBoneNode bRemoveBone
BoolProperty: unknown FBoneNode bLockBone
BoolProperty: unknown FBoneNode bRemoveBone
BoolProperty: unknown FBoneNode bLockBone
BoolProperty: unknown FBoneNode bRemoveBone
BoolProperty: unknown FBoneNode bLockBone
BoolProperty: unknown FBoneNode bRemoveBone
BoolProperty: unknown FBoneNode bLockBone
BoolProperty: unknown FBoneNode bRemoveBone
BoolProperty: unknown FBoneNode bLockBone
BoolProperty: unknown FBoneNode bRemoveBone
BoolProperty: unknown FBoneNode bLockBone
BoolProperty: unknown FBoneNode bRemoveBone
BoolProperty: unknown FBoneNode bLockBone
BoolProperty: unknown FBoneNode bRemoveBone
BoolProperty: unknown FBoneNode bLockBone
BoolProperty: unknown FBoneNode bRemoveBone
BoolProperty: unknown FBoneNode bLockBone
BoolProperty: unknown FBoneNode bRemoveBone
BoolProperty: unknown FBoneNode bLockBone
BoolProperty: unknown FBoneNode bRemoveBone
BoolProperty: unknown FBoneNode bLockBone
BoolProperty: unknown FBoneNode bRemoveBone
BoolProperty: unknown FBoneNode bLockBone
BoolProperty: unknown FBoneNode bRemoveBone
BoolProperty: unknown FBoneNode bLockBone
BoolProperty: unknown FBoneNode bRemoveBone
BoolProperty: unknown FBoneNode bLockBone
BoolProperty: unknown FBoneNode bRemoveBone
BoolProperty: unknown FBoneNode bLockBone
BoolProperty: unknown FBoneNode bRemoveBone
BoolProperty: unknown FBoneNode bLockBone
BoolProperty: unknown FBoneNode bRemoveBone
BoolProperty: unknown FBoneNode bLockBone
BoolProperty: unknown FBoneNode bRemoveBone
BoolProperty: unknown FBoneNode bLockBone
BoolProperty: unknown FBoneNode bRemoveBone
BoolProperty: unknown FBoneNode bLockBone
BoolProperty: unknown FBoneNode bRemoveBone
BoolProperty: unknown FBoneNode bLockBone
BoolProperty: unknown FBoneNode bRemoveBone
BoolProperty: unknown FBoneNode bLockBone
BoolProperty: unknown FBoneNode bRemoveBone
BoolProperty: unknown FBoneNode bLockBone
BoolProperty: unknown FBoneNode bRemoveBone
BoolProperty: unknown FBoneNode bLockBone
BoolProperty: unknown FBoneNode bRemoveBone
BoolProperty: unknown FBoneNode bLockBone
BoolProperty: unknown FBoneNode bRemoveBone
BoolProperty: unknown FBoneNode bLockBone
BoolProperty: unknown FBoneNode bRemoveBone
BoolProperty: unknown FBoneNode bLockBone
BoolProperty: unknown FBoneNode bRemoveBone
BoolProperty: unknown FBoneNode bLockBone
BoolProperty: unknown FBoneNode bRemoveBone
BoolProperty: unknown FBoneNode bLockBone
BoolProperty: unknown FBoneNode bRemoveBone
BoolProperty: unknown FBoneNode bLockBone
BoolProperty: unknown FBoneNode bRemoveBone
BoolProperty: unknown FBoneNode bLockBone
BoolProperty: unknown FBoneNode bRemoveBone
BoolProperty: unknown FBoneNode bLockBone
BoolProperty: unknown FBoneNode bRemoveBone
BoolProperty: unknown FBoneNode bLockBone
BoolProperty: unknown FBoneNode bRemoveBone
BoolProperty: unknown FBoneNode bLockBone
BoolProperty: unknown FBoneNode bRemoveBone
BoolProperty: unknown FBoneNode bLockBone
BoolProperty: unknown FBoneNode bRemoveBone
BoolProperty: unknown FBoneNode bLockBone
BoolProperty: unknown FBoneNode bRemoveBone
BoolProperty: unknown FBoneNode bLockBone
BoolProperty: unknown FBoneNode bRemoveBone
BoolProperty: unknown FBoneNode bLockBone
BoolProperty: unknown FBoneNode bRemoveBone
BoolProperty: unknown FBoneNode bLockBone
BoolProperty: unknown FBoneNode bRemoveBone
BoolProperty: unknown FBoneNode bLockBone
BoolProperty: unknown FBoneNode bRemoveBone
BoolProperty: unknown FBoneNode bLockBone
BoolProperty: unknown FBoneNode bRemoveBone
BoolProperty: unknown FBoneNode bLockBone
BoolProperty: unknown FBoneNode bRemoveBone
BoolProperty: unknown FBoneNode bLockBone
BoolProperty: unknown FBoneNode bRemoveBone
BoolProperty: unknown FBoneNode bLockBone
BoolProperty: unknown FBoneNode bRemoveBone
BoolProperty: unknown FBoneNode bLockBone
BoolProperty: unknown FBoneNode bRemoveBone
BoolProperty: unknown FBoneNode bLockBone
BoolProperty: unknown FBoneNode bRemoveBone
BoolProperty: unknown FBoneNode bLockBone
BoolProperty: unknown FBoneNode bRemoveBone
BoolProperty: unknown FBoneNode bLockBone
BoolProperty: unknown FBoneNode bRemoveBone
BoolProperty: unknown FBoneNode bLockBone
BoolProperty: unknown FBoneNode bRemoveBone
BoolProperty: unknown FBoneNode bLockBone
BoolProperty: unknown FBoneNode bRemoveBone
BoolProperty: unknown FBoneNode bLockBone
BoolProperty: unknown FBoneNode bRemoveBone
Exporting objects ...
Exporting AnimSequence4 Direwolf-Poop to C:/Users/Nez/Desktop/GitHub/Ark-Survival-Returns/.work/exports/actorx/PrimalEarth/Dinos/Direwolf/Animations/Direwolf-Poop.psa
Memory: allocated 697088 bytes in 554 blocks
Loading AnimSequence4 Direwolf-Sniff from package PrimalEarth/Dinos/Direwolf/Animations/Direwolf-Sniff.uasset
FloatProperty: unknown FAnimNotifyEvent DisplayTime
BoolProperty: unknown FAnimNotifyEvent bIgnoreOnDediServer
FloatProperty: unknown FAnimNotifyEvent DisplayTime
BoolProperty: unknown FAnimNotifyEvent bIgnoreOnDediServer
Loading Skeleton Direwolf_Skeleton from package PrimalEarth/Dinos/Direwolf/Direwolf_Skeleton.uasset
BoolProperty: unknown FBoneNode bLockBone
BoolProperty: unknown FBoneNode bRemoveBone
BoolProperty: unknown FBoneNode bLockBone
BoolProperty: unknown FBoneNode bRemoveBone
BoolProperty: unknown FBoneNode bLockBone
BoolProperty: unknown FBoneNode bRemoveBone
BoolProperty: unknown FBoneNode bLockBone
BoolProperty: unknown FBoneNode bRemoveBone
BoolProperty: unknown FBoneNode bLockBone
BoolProperty: unknown FBoneNode bRemoveBone
BoolProperty: unknown FBoneNode bLockBone
BoolProperty: unknown FBoneNode bRemoveBone
BoolProperty: unknown FBoneNode bLockBone
BoolProperty: unknown FBoneNode bRemoveBone
BoolProperty: unknown FBoneNode bLockBone
BoolProperty: unknown FBoneNode bRemoveBone
BoolProperty: unknown FBoneNode bLockBone
BoolProperty: unknown FBoneNode bRemoveBone
BoolProperty: unknown FBoneNode bLockBone
BoolProperty: unknown FBoneNode bRemoveBone
BoolProperty: unknown FBoneNode bLockBone
BoolProperty: unknown FBoneNode bRemoveBone
BoolProperty: unknown FBoneNode bLockBone
BoolProperty: unknown FBoneNode bRemoveBone
BoolProperty: unknown FBoneNode bLockBone
BoolProperty: unknown FBoneNode bRemoveBone
BoolProperty: unknown FBoneNode bLockBone
BoolProperty: unknown FBoneNode bRemoveBone
BoolProperty: unknown FBoneNode bLockBone
BoolProperty: unknown FBoneNode bRemoveBone
BoolProperty: unknown FBoneNode bLockBone
BoolProperty: unknown FBoneNode bRemoveBone
BoolProperty: unknown FBoneNode bLockBone
BoolProperty: unknown FBoneNode bRemoveBone
BoolProperty: unknown FBoneNode bLockBone
BoolProperty: unknown FBoneNode bRemoveBone
BoolProperty: unknown FBoneNode bLockBone
BoolProperty: unknown FBoneNode bRemoveBone
BoolProperty: unknown FBoneNode bLockBone
BoolProperty: unknown FBoneNode bRemoveBone
BoolProperty: unknown FBoneNode bLockBone
BoolProperty: unknown FBoneNode bRemoveBone
BoolProperty: unknown FBoneNode bLockBone
BoolProperty: unknown FBoneNode bRemoveBone
BoolProperty: unknown FBoneNode bLockBone
BoolProperty: unknown FBoneNode bRemoveBone
BoolProperty: unknown FBoneNode bLockBone
BoolProperty: unknown FBoneNode bRemoveBone
BoolProperty: unknown FBoneNode bLockBone
BoolProperty: unknown FBoneNode bRemoveBone
BoolProperty: unknown FBoneNode bLockBone
BoolProperty: unknown FBoneNode bRemoveBone
BoolProperty: unknown FBoneNode bLockBone
BoolProperty: unknown FBoneNode bRemoveBone
BoolProperty: unknown FBoneNode bLockBone
BoolProperty: unknown FBoneNode bRemoveBone
BoolProperty: unknown FBoneNode bLockBone
BoolProperty: unknown FBoneNode bRemoveBone
BoolProperty: unknown FBoneNode bLockBone
BoolProperty: unknown FBoneNode bRemoveBone
BoolProperty: unknown FBoneNode bLockBone
BoolProperty: unknown FBoneNode bRemoveBone
BoolProperty: unknown FBoneNode bLockBone
BoolProperty: unknown FBoneNode bRemoveBone
BoolProperty: unknown FBoneNode bLockBone
BoolProperty: unknown FBoneNode bRemoveBone
BoolProperty: unknown FBoneNode bLockBone
BoolProperty: unknown FBoneNode bRemoveBone
BoolProperty: unknown FBoneNode bLockBone
BoolProperty: unknown FBoneNode bRemoveBone
BoolProperty: unknown FBoneNode bLockBone
BoolProperty: unknown FBoneNode bRemoveBone
BoolProperty: unknown FBoneNode bLockBone
BoolProperty: unknown FBoneNode bRemoveBone
BoolProperty: unknown FBoneNode bLockBone
BoolProperty: unknown FBoneNode bRemoveBone
BoolProperty: unknown FBoneNode bLockBone
BoolProperty: unknown FBoneNode bRemoveBone
BoolProperty: unknown FBoneNode bLockBone
BoolProperty: unknown FBoneNode bRemoveBone
BoolProperty: unknown FBoneNode bLockBone
BoolProperty: unknown FBoneNode bRemoveBone
BoolProperty: unknown FBoneNode bLockBone
BoolProperty: unknown FBoneNode bRemoveBone
BoolProperty: unknown FBoneNode bLockBone
BoolProperty: unknown FBoneNode bRemoveBone
BoolProperty: unknown FBoneNode bLockBone
BoolProperty: unknown FBoneNode bRemoveBone
BoolProperty: unknown FBoneNode bLockBone
BoolProperty: unknown FBoneNode bRemoveBone
BoolProperty: unknown FBoneNode bLockBone
BoolProperty: unknown FBoneNode bRemoveBone
BoolProperty: unknown FBoneNode bLockBone
BoolProperty: unknown FBoneNode bRemoveBone
BoolProperty: unknown FBoneNode bLockBone
BoolProperty: unknown FBoneNode bRemoveBone
BoolProperty: unknown FBoneNode bLockBone
BoolProperty: unknown FBoneNode bRemoveBone
BoolProperty: unknown FBoneNode bLockBone
BoolProperty: unknown FBoneNode bRemoveBone
BoolProperty: unknown FBoneNode bLockBone
BoolProperty: unknown FBoneNode bRemoveBone
BoolProperty: unknown FBoneNode bLockBone
BoolProperty: unknown FBoneNode bRemoveBone
BoolProperty: unknown FBoneNode bLockBone
BoolProperty: unknown FBoneNode bRemoveBone
BoolProperty: unknown FBoneNode bLockBone
BoolProperty: unknown FBoneNode bRemoveBone
BoolProperty: unknown FBoneNode bLockBone
BoolProperty: unknown FBoneNode bRemoveBone
BoolProperty: unknown FBoneNode bLockBone
BoolProperty: unknown FBoneNode bRemoveBone
BoolProperty: unknown FBoneNode bLockBone
BoolProperty: unknown FBoneNode bRemoveBone
BoolProperty: unknown FBoneNode bLockBone
BoolProperty: unknown FBoneNode bRemoveBone
BoolProperty: unknown FBoneNode bLockBone
BoolProperty: unknown FBoneNode bRemoveBone
BoolProperty: unknown FBoneNode bLockBone
BoolProperty: unknown FBoneNode bRemoveBone
BoolProperty: unknown FBoneNode bLockBone
BoolProperty: unknown FBoneNode bRemoveBone
BoolProperty: unknown FBoneNode bLockBone
BoolProperty: unknown FBoneNode bRemoveBone
BoolProperty: unknown FBoneNode bLockBone
BoolProperty: unknown FBoneNode bRemoveBone
BoolProperty: unknown FBoneNode bLockBone
BoolProperty: unknown FBoneNode bRemoveBone
BoolProperty: unknown FBoneNode bLockBone
BoolProperty: unknown FBoneNode bRemoveBone
BoolProperty: unknown FBoneNode bLockBone
BoolProperty: unknown FBoneNode bRemoveBone
BoolProperty: unknown FBoneNode bLockBone
BoolProperty: unknown FBoneNode bRemoveBone
BoolProperty: unknown FBoneNode bLockBone
BoolProperty: unknown FBoneNode bRemoveBone
BoolProperty: unknown FBoneNode bLockBone
BoolProperty: unknown FBoneNode bRemoveBone
BoolProperty: unknown FBoneNode bLockBone
BoolProperty: unknown FBoneNode bRemoveBone
BoolProperty: unknown FBoneNode bLockBone
BoolProperty: unknown FBoneNode bRemoveBone
BoolProperty: unknown FBoneNode bLockBone
BoolProperty: unknown FBoneNode bRemoveBone
BoolProperty: unknown FBoneNode bLockBone
BoolProperty: unknown FBoneNode bRemoveBone
BoolProperty: unknown FBoneNode bLockBone
BoolProperty: unknown FBoneNode bRemoveBone
BoolProperty: unknown FBoneNode bLockBone
BoolProperty: unknown FBoneNode bRemoveBone
BoolProperty: unknown FBoneNode bLockBone
BoolProperty: unknown FBoneNode bRemoveBone
BoolProperty: unknown FBoneNode bLockBone
BoolProperty: unknown FBoneNode bRemoveBone
BoolProperty: unknown FBoneNode bLockBone
BoolProperty: unknown FBoneNode bRemoveBone
BoolProperty: unknown FBoneNode bLockBone
BoolProperty: unknown FBoneNode bRemoveBone
BoolProperty: unknown FBoneNode bLockBone
BoolProperty: unknown FBoneNode bRemoveBone
BoolProperty: unknown FBoneNode bLockBone
BoolProperty: unknown FBoneNode bRemoveBone
BoolProperty: unknown FBoneNode bLockBone
BoolProperty: unknown FBoneNode bRemoveBone
BoolProperty: unknown FBoneNode bLockBone
BoolProperty: unknown FBoneNode bRemoveBone
BoolProperty: unknown FBoneNode bLockBone
BoolProperty: unknown FBoneNode bRemoveBone
BoolProperty: unknown FBoneNode bLockBone
BoolProperty: unknown FBoneNode bRemoveBone
BoolProperty: unknown FBoneNode bLockBone
BoolProperty: unknown FBoneNode bRemoveBone
BoolProperty: unknown FBoneNode bLockBone
BoolProperty: unknown FBoneNode bRemoveBone
BoolProperty: unknown FBoneNode bLockBone
BoolProperty: unknown FBoneNode bRemoveBone
BoolProperty: unknown FBoneNode bLockBone
BoolProperty: unknown FBoneNode bRemoveBone
Exporting objects ...
Exporting AnimSequence4 Direwolf-Sniff to C:/Users/Nez/Desktop/GitHub/Ark-Survival-Returns/.work/exports/actorx/PrimalEarth/Dinos/Direwolf/Animations/Direwolf-Sniff.psa
Memory: allocated 709376 bytes in 557 blocks
Loading AnimSequence4 Direwolf-Startled from package PrimalEarth/Dinos/Direwolf/Animations/Direwolf-Startled.uasset
FloatProperty: unknown FAnimNotifyEvent DisplayTime
BoolProperty: unknown FAnimNotifyEvent bIgnoreOnDediServer
Loading Skeleton Direwolf_Skeleton from package PrimalEarth/Dinos/Direwolf/Direwolf_Skeleton.uasset
BoolProperty: unknown FBoneNode bLockBone
BoolProperty: unknown FBoneNode bRemoveBone
BoolProperty: unknown FBoneNode bLockBone
BoolProperty: unknown FBoneNode bRemoveBone
BoolProperty: unknown FBoneNode bLockBone
BoolProperty: unknown FBoneNode bRemoveBone
BoolProperty: unknown FBoneNode bLockBone
BoolProperty: unknown FBoneNode bRemoveBone
BoolProperty: unknown FBoneNode bLockBone
BoolProperty: unknown FBoneNode bRemoveBone
BoolProperty: unknown FBoneNode bLockBone
BoolProperty: unknown FBoneNode bRemoveBone
BoolProperty: unknown FBoneNode bLockBone
BoolProperty: unknown FBoneNode bRemoveBone
BoolProperty: unknown FBoneNode bLockBone
BoolProperty: unknown FBoneNode bRemoveBone
BoolProperty: unknown FBoneNode bLockBone
BoolProperty: unknown FBoneNode bRemoveBone
BoolProperty: unknown FBoneNode bLockBone
BoolProperty: unknown FBoneNode bRemoveBone
BoolProperty: unknown FBoneNode bLockBone
BoolProperty: unknown FBoneNode bRemoveBone
BoolProperty: unknown FBoneNode bLockBone
BoolProperty: unknown FBoneNode bRemoveBone
BoolProperty: unknown FBoneNode bLockBone
BoolProperty: unknown FBoneNode bRemoveBone
BoolProperty: unknown FBoneNode bLockBone
BoolProperty: unknown FBoneNode bRemoveBone
BoolProperty: unknown FBoneNode bLockBone
BoolProperty: unknown FBoneNode bRemoveBone
BoolProperty: unknown FBoneNode bLockBone
BoolProperty: unknown FBoneNode bRemoveBone
BoolProperty: unknown FBoneNode bLockBone
BoolProperty: unknown FBoneNode bRemoveBone
BoolProperty: unknown FBoneNode bLockBone
BoolProperty: unknown FBoneNode bRemoveBone
BoolProperty: unknown FBoneNode bLockBone
BoolProperty: unknown FBoneNode bRemoveBone
BoolProperty: unknown FBoneNode bLockBone
BoolProperty: unknown FBoneNode bRemoveBone
BoolProperty: unknown FBoneNode bLockBone
BoolProperty: unknown FBoneNode bRemoveBone
BoolProperty: unknown FBoneNode bLockBone
BoolProperty: unknown FBoneNode bRemoveBone
BoolProperty: unknown FBoneNode bLockBone
BoolProperty: unknown FBoneNode bRemoveBone
BoolProperty: unknown FBoneNode bLockBone
BoolProperty: unknown FBoneNode bRemoveBone
BoolProperty: unknown FBoneNode bLockBone
BoolProperty: unknown FBoneNode bRemoveBone
BoolProperty: unknown FBoneNode bLockBone
BoolProperty: unknown FBoneNode bRemoveBone
BoolProperty: unknown FBoneNode bLockBone
BoolProperty: unknown FBoneNode bRemoveBone
BoolProperty: unknown FBoneNode bLockBone
BoolProperty: unknown FBoneNode bRemoveBone
BoolProperty: unknown FBoneNode bLockBone
BoolProperty: unknown FBoneNode bRemoveBone
BoolProperty: unknown FBoneNode bLockBone
BoolProperty: unknown FBoneNode bRemoveBone
BoolProperty: unknown FBoneNode bLockBone
BoolProperty: unknown FBoneNode bRemoveBone
BoolProperty: unknown FBoneNode bLockBone
BoolProperty: unknown FBoneNode bRemoveBone
BoolProperty: unknown FBoneNode bLockBone
BoolProperty: unknown FBoneNode bRemoveBone
BoolProperty: unknown FBoneNode bLockBone
BoolProperty: unknown FBoneNode bRemoveBone
BoolProperty: unknown FBoneNode bLockBone
BoolProperty: unknown FBoneNode bRemoveBone
BoolProperty: unknown FBoneNode bLockBone
BoolProperty: unknown FBoneNode bRemoveBone
BoolProperty: unknown FBoneNode bLockBone
BoolProperty: unknown FBoneNode bRemoveBone
BoolProperty: unknown FBoneNode bLockBone
BoolProperty: unknown FBoneNode bRemoveBone
BoolProperty: unknown FBoneNode bLockBone
BoolProperty: unknown FBoneNode bRemoveBone
BoolProperty: unknown FBoneNode bLockBone
BoolProperty: unknown FBoneNode bRemoveBone
BoolProperty: unknown FBoneNode bLockBone
BoolProperty: unknown FBoneNode bRemoveBone
BoolProperty: unknown FBoneNode bLockBone
BoolProperty: unknown FBoneNode bRemoveBone
BoolProperty: unknown FBoneNode bLockBone
BoolProperty: unknown FBoneNode bRemoveBone
BoolProperty: unknown FBoneNode bLockBone
BoolProperty: unknown FBoneNode bRemoveBone
BoolProperty: unknown FBoneNode bLockBone
BoolProperty: unknown FBoneNode bRemoveBone
BoolProperty: unknown FBoneNode bLockBone
BoolProperty: unknown FBoneNode bRemoveBone
BoolProperty: unknown FBoneNode bLockBone
BoolProperty: unknown FBoneNode bRemoveBone
BoolProperty: unknown FBoneNode bLockBone
BoolProperty: unknown FBoneNode bRemoveBone
BoolProperty: unknown FBoneNode bLockBone
BoolProperty: unknown FBoneNode bRemoveBone
BoolProperty: unknown FBoneNode bLockBone
BoolProperty: unknown FBoneNode bRemoveBone
BoolProperty: unknown FBoneNode bLockBone
BoolProperty: unknown FBoneNode bRemoveBone
BoolProperty: unknown FBoneNode bLockBone
BoolProperty: unknown FBoneNode bRemoveBone
BoolProperty: unknown FBoneNode bLockBone
BoolProperty: unknown FBoneNode bRemoveBone
BoolProperty: unknown FBoneNode bLockBone
BoolProperty: unknown FBoneNode bRemoveBone
BoolProperty: unknown FBoneNode bLockBone
BoolProperty: unknown FBoneNode bRemoveBone
BoolProperty: unknown FBoneNode bLockBone
BoolProperty: unknown FBoneNode bRemoveBone
BoolProperty: unknown FBoneNode bLockBone
BoolProperty: unknown FBoneNode bRemoveBone
BoolProperty: unknown FBoneNode bLockBone
BoolProperty: unknown FBoneNode bRemoveBone
BoolProperty: unknown FBoneNode bLockBone
BoolProperty: unknown FBoneNode bRemoveBone
BoolProperty: unknown FBoneNode bLockBone
BoolProperty: unknown FBoneNode bRemoveBone
BoolProperty: unknown FBoneNode bLockBone
BoolProperty: unknown FBoneNode bRemoveBone
BoolProperty: unknown FBoneNode bLockBone
BoolProperty: unknown FBoneNode bRemoveBone
BoolProperty: unknown FBoneNode bLockBone
BoolProperty: unknown FBoneNode bRemoveBone
BoolProperty: unknown FBoneNode bLockBone
BoolProperty: unknown FBoneNode bRemoveBone
BoolProperty: unknown FBoneNode bLockBone
BoolProperty: unknown FBoneNode bRemoveBone
BoolProperty: unknown FBoneNode bLockBone
BoolProperty: unknown FBoneNode bRemoveBone
BoolProperty: unknown FBoneNode bLockBone
BoolProperty: unknown FBoneNode bRemoveBone
BoolProperty: unknown FBoneNode bLockBone
BoolProperty: unknown FBoneNode bRemoveBone
BoolProperty: unknown FBoneNode bLockBone
BoolProperty: unknown FBoneNode bRemoveBone
BoolProperty: unknown FBoneNode bLockBone
BoolProperty: unknown FBoneNode bRemoveBone
BoolProperty: unknown FBoneNode bLockBone
BoolProperty: unknown FBoneNode bRemoveBone
BoolProperty: unknown FBoneNode bLockBone
BoolProperty: unknown FBoneNode bRemoveBone
BoolProperty: unknown FBoneNode bLockBone
BoolProperty: unknown FBoneNode bRemoveBone
BoolProperty: unknown FBoneNode bLockBone
BoolProperty: unknown FBoneNode bRemoveBone
BoolProperty: unknown FBoneNode bLockBone
BoolProperty: unknown FBoneNode bRemoveBone
BoolProperty: unknown FBoneNode bLockBone
BoolProperty: unknown FBoneNode bRemoveBone
BoolProperty: unknown FBoneNode bLockBone
BoolProperty: unknown FBoneNode bRemoveBone
BoolProperty: unknown FBoneNode bLockBone
BoolProperty: unknown FBoneNode bRemoveBone
BoolProperty: unknown FBoneNode bLockBone
BoolProperty: unknown FBoneNode bRemoveBone
BoolProperty: unknown FBoneNode bLockBone
BoolProperty: unknown FBoneNode bRemoveBone
BoolProperty: unknown FBoneNode bLockBone
BoolProperty: unknown FBoneNode bRemoveBone
BoolProperty: unknown FBoneNode bLockBone
BoolProperty: unknown FBoneNode bRemoveBone
BoolProperty: unknown FBoneNode bLockBone
BoolProperty: unknown FBoneNode bRemoveBone
BoolProperty: unknown FBoneNode bLockBone
BoolProperty: unknown FBoneNode bRemoveBone
BoolProperty: unknown FBoneNode bLockBone
BoolProperty: unknown FBoneNode bRemoveBone
BoolProperty: unknown FBoneNode bLockBone
BoolProperty: unknown FBoneNode bRemoveBone
BoolProperty: unknown FBoneNode bLockBone
BoolProperty: unknown FBoneNode bRemoveBone
BoolProperty: unknown FBoneNode bLockBone
BoolProperty: unknown FBoneNode bRemoveBone
BoolProperty: unknown FBoneNode bLockBone
BoolProperty: unknown FBoneNode bRemoveBone
Exporting objects ...
Exporting AnimSequence4 Direwolf-Startled to C:/Users/Nez/Desktop/GitHub/Ark-Survival-Returns/.work/exports/actorx/PrimalEarth/Dinos/Direwolf/Animations/Direwolf-Startled.psa
Memory: allocated 721664 bytes in 560 blocks
Loading AnimSequence4 Direwolf-Swim-Fwd from package PrimalEarth/Dinos/Direwolf/Animations/Direwolf-Swim-Fwd.uasset
FloatProperty: unknown FAnimNotifyEvent DisplayTime
BoolProperty: unknown FAnimNotifyEvent bIgnoreOnDediServer
Loading Skeleton Direwolf_Skeleton from package PrimalEarth/Dinos/Direwolf/Direwolf_Skeleton.uasset
BoolProperty: unknown FBoneNode bLockBone
BoolProperty: unknown FBoneNode bRemoveBone
BoolProperty: unknown FBoneNode bLockBone
BoolProperty: unknown FBoneNode bRemoveBone
BoolProperty: unknown FBoneNode bLockBone
BoolProperty: unknown FBoneNode bRemoveBone
BoolProperty: unknown FBoneNode bLockBone
BoolProperty: unknown FBoneNode bRemoveBone
BoolProperty: unknown FBoneNode bLockBone
BoolProperty: unknown FBoneNode bRemoveBone
BoolProperty: unknown FBoneNode bLockBone
BoolProperty: unknown FBoneNode bRemoveBone
BoolProperty: unknown FBoneNode bLockBone
BoolProperty: unknown FBoneNode bRemoveBone
BoolProperty: unknown FBoneNode bLockBone
BoolProperty: unknown FBoneNode bRemoveBone
BoolProperty: unknown FBoneNode bLockBone
BoolProperty: unknown FBoneNode bRemoveBone
BoolProperty: unknown FBoneNode bLockBone
BoolProperty: unknown FBoneNode bRemoveBone
BoolProperty: unknown FBoneNode bLockBone
BoolProperty: unknown FBoneNode bRemoveBone
BoolProperty: unknown FBoneNode bLockBone
BoolProperty: unknown FBoneNode bRemoveBone
BoolProperty: unknown FBoneNode bLockBone
BoolProperty: unknown FBoneNode bRemoveBone
BoolProperty: unknown FBoneNode bLockBone
BoolProperty: unknown FBoneNode bRemoveBone
BoolProperty: unknown FBoneNode bLockBone
BoolProperty: unknown FBoneNode bRemoveBone
BoolProperty: unknown FBoneNode bLockBone
BoolProperty: unknown FBoneNode bRemoveBone
BoolProperty: unknown FBoneNode bLockBone
BoolProperty: unknown FBoneNode bRemoveBone
BoolProperty: unknown FBoneNode bLockBone
BoolProperty: unknown FBoneNode bRemoveBone
BoolProperty: unknown FBoneNode bLockBone
BoolProperty: unknown FBoneNode bRemoveBone
BoolProperty: unknown FBoneNode bLockBone
BoolProperty: unknown FBoneNode bRemoveBone
BoolProperty: unknown FBoneNode bLockBone
BoolProperty: unknown FBoneNode bRemoveBone
BoolProperty: unknown FBoneNode bLockBone
BoolProperty: unknown FBoneNode bRemoveBone
BoolProperty: unknown FBoneNode bLockBone
BoolProperty: unknown FBoneNode bRemoveBone
BoolProperty: unknown FBoneNode bLockBone
BoolProperty: unknown FBoneNode bRemoveBone
BoolProperty: unknown FBoneNode bLockBone
BoolProperty: unknown FBoneNode bRemoveBone
BoolProperty: unknown FBoneNode bLockBone
BoolProperty: unknown FBoneNode bRemoveBone
BoolProperty: unknown FBoneNode bLockBone
BoolProperty: unknown FBoneNode bRemoveBone
BoolProperty: unknown FBoneNode bLockBone
BoolProperty: unknown FBoneNode bRemoveBone
BoolProperty: unknown FBoneNode bLockBone
BoolProperty: unknown FBoneNode bRemoveBone
BoolProperty: unknown FBoneNode bLockBone
BoolProperty: unknown FBoneNode bRemoveBone
BoolProperty: unknown FBoneNode bLockBone
BoolProperty: unknown FBoneNode bRemoveBone
BoolProperty: unknown FBoneNode bLockBone
BoolProperty: unknown FBoneNode bRemoveBone
BoolProperty: unknown FBoneNode bLockBone
BoolProperty: unknown FBoneNode bRemoveBone
BoolProperty: unknown FBoneNode bLockBone
BoolProperty: unknown FBoneNode bRemoveBone
BoolProperty: unknown FBoneNode bLockBone
BoolProperty: unknown FBoneNode bRemoveBone
BoolProperty: unknown FBoneNode bLockBone
BoolProperty: unknown FBoneNode bRemoveBone
BoolProperty: unknown FBoneNode bLockBone
BoolProperty: unknown FBoneNode bRemoveBone
BoolProperty: unknown FBoneNode bLockBone
BoolProperty: unknown FBoneNode bRemoveBone
BoolProperty: unknown FBoneNode bLockBone
BoolProperty: unknown FBoneNode bRemoveBone
BoolProperty: unknown FBoneNode bLockBone
BoolProperty: unknown FBoneNode bRemoveBone
BoolProperty: unknown FBoneNode bLockBone
BoolProperty: unknown FBoneNode bRemoveBone
BoolProperty: unknown FBoneNode bLockBone
BoolProperty: unknown FBoneNode bRemoveBone
BoolProperty: unknown FBoneNode bLockBone
BoolProperty: unknown FBoneNode bRemoveBone
BoolProperty: unknown FBoneNode bLockBone
BoolProperty: unknown FBoneNode bRemoveBone
BoolProperty: unknown FBoneNode bLockBone
BoolProperty: unknown FBoneNode bRemoveBone
BoolProperty: unknown FBoneNode bLockBone
BoolProperty: unknown FBoneNode bRemoveBone
BoolProperty: unknown FBoneNode bLockBone
BoolProperty: unknown FBoneNode bRemoveBone
BoolProperty: unknown FBoneNode bLockBone
BoolProperty: unknown FBoneNode bRemoveBone
BoolProperty: unknown FBoneNode bLockBone
BoolProperty: unknown FBoneNode bRemoveBone
BoolProperty: unknown FBoneNode bLockBone
BoolProperty: unknown FBoneNode bRemoveBone
BoolProperty: unknown FBoneNode bLockBone
BoolProperty: unknown FBoneNode bRemoveBone
BoolProperty: unknown FBoneNode bLockBone
BoolProperty: unknown FBoneNode bRemoveBone
BoolProperty: unknown FBoneNode bLockBone
BoolProperty: unknown FBoneNode bRemoveBone
BoolProperty: unknown FBoneNode bLockBone
BoolProperty: unknown FBoneNode bRemoveBone
BoolProperty: unknown FBoneNode bLockBone
BoolProperty: unknown FBoneNode bRemoveBone
BoolProperty: unknown FBoneNode bLockBone
BoolProperty: unknown FBoneNode bRemoveBone
BoolProperty: unknown FBoneNode bLockBone
BoolProperty: unknown FBoneNode bRemoveBone
BoolProperty: unknown FBoneNode bLockBone
BoolProperty: unknown FBoneNode bRemoveBone
BoolProperty: unknown FBoneNode bLockBone
BoolProperty: unknown FBoneNode bRemoveBone
BoolProperty: unknown FBoneNode bLockBone
BoolProperty: unknown FBoneNode bRemoveBone
BoolProperty: unknown FBoneNode bLockBone
BoolProperty: unknown FBoneNode bRemoveBone
BoolProperty: unknown FBoneNode bLockBone
BoolProperty: unknown FBoneNode bRemoveBone
BoolProperty: unknown FBoneNode bLockBone
BoolProperty: unknown FBoneNode bRemoveBone
BoolProperty: unknown FBoneNode bLockBone
BoolProperty: unknown FBoneNode bRemoveBone
BoolProperty: unknown FBoneNode bLockBone
BoolProperty: unknown FBoneNode bRemoveBone
BoolProperty: unknown FBoneNode bLockBone
BoolProperty: unknown FBoneNode bRemoveBone
BoolProperty: unknown FBoneNode bLockBone
BoolProperty: unknown FBoneNode bRemoveBone
BoolProperty: unknown FBoneNode bLockBone
BoolProperty: unknown FBoneNode bRemoveBone
BoolProperty: unknown FBoneNode bLockBone
BoolProperty: unknown FBoneNode bRemoveBone
BoolProperty: unknown FBoneNode bLockBone
BoolProperty: unknown FBoneNode bRemoveBone
BoolProperty: unknown FBoneNode bLockBone
BoolProperty: unknown FBoneNode bRemoveBone
BoolProperty: unknown FBoneNode bLockBone
BoolProperty: unknown FBoneNode bRemoveBone
BoolProperty: unknown FBoneNode bLockBone
BoolProperty: unknown FBoneNode bRemoveBone
BoolProperty: unknown FBoneNode bLockBone
BoolProperty: unknown FBoneNode bRemoveBone
BoolProperty: unknown FBoneNode bLockBone
BoolProperty: unknown FBoneNode bRemoveBone
BoolProperty: unknown FBoneNode bLockBone
BoolProperty: unknown FBoneNode bRemoveBone
BoolProperty: unknown FBoneNode bLockBone
BoolProperty: unknown FBoneNode bRemoveBone
BoolProperty: unknown FBoneNode bLockBone
BoolProperty: unknown FBoneNode bRemoveBone
BoolProperty: unknown FBoneNode bLockBone
BoolProperty: unknown FBoneNode bRemoveBone
BoolProperty: unknown FBoneNode bLockBone
BoolProperty: unknown FBoneNode bRemoveBone
BoolProperty: unknown FBoneNode bLockBone
BoolProperty: unknown FBoneNode bRemoveBone
BoolProperty: unknown FBoneNode bLockBone
BoolProperty: unknown FBoneNode bRemoveBone
BoolProperty: unknown FBoneNode bLockBone
BoolProperty: unknown FBoneNode bRemoveBone
BoolProperty: unknown FBoneNode bLockBone
BoolProperty: unknown FBoneNode bRemoveBone
BoolProperty: unknown FBoneNode bLockBone
BoolProperty: unknown FBoneNode bRemoveBone
BoolProperty: unknown FBoneNode bLockBone
BoolProperty: unknown FBoneNode bRemoveBone
BoolProperty: unknown FBoneNode bLockBone
BoolProperty: unknown FBoneNode bRemoveBone
BoolProperty: unknown FBoneNode bLockBone
BoolProperty: unknown FBoneNode bRemoveBone
BoolProperty: unknown FBoneNode bLockBone
BoolProperty: unknown FBoneNode bRemoveBone
Exporting objects ...
Exporting AnimSequence4 Direwolf-Swim-Fwd to C:/Users/Nez/Desktop/GitHub/Ark-Survival-Returns/.work/exports/actorx/PrimalEarth/Dinos/Direwolf/Animations/Direwolf-Swim-Fwd.psa
Memory: allocated 733952 bytes in 563 blocks
Loading AnimSequence4 Direwolf-Swim-Idle from package PrimalEarth/Dinos/Direwolf/Animations/Direwolf-Swim-Idle.uasset
FloatProperty: unknown FAnimNotifyEvent DisplayTime
BoolProperty: unknown FAnimNotifyEvent bIgnoreOnDediServer
Loading Skeleton Direwolf_Skeleton from package PrimalEarth/Dinos/Direwolf/Direwolf_Skeleton.uasset
BoolProperty: unknown FBoneNode bLockBone
BoolProperty: unknown FBoneNode bRemoveBone
BoolProperty: unknown FBoneNode bLockBone
BoolProperty: unknown FBoneNode bRemoveBone
BoolProperty: unknown FBoneNode bLockBone
BoolProperty: unknown FBoneNode bRemoveBone
BoolProperty: unknown FBoneNode bLockBone
BoolProperty: unknown FBoneNode bRemoveBone
BoolProperty: unknown FBoneNode bLockBone
BoolProperty: unknown FBoneNode bRemoveBone
BoolProperty: unknown FBoneNode bLockBone
BoolProperty: unknown FBoneNode bRemoveBone
BoolProperty: unknown FBoneNode bLockBone
BoolProperty: unknown FBoneNode bRemoveBone
BoolProperty: unknown FBoneNode bLockBone
BoolProperty: unknown FBoneNode bRemoveBone
BoolProperty: unknown FBoneNode bLockBone
BoolProperty: unknown FBoneNode bRemoveBone
BoolProperty: unknown FBoneNode bLockBone
BoolProperty: unknown FBoneNode bRemoveBone
BoolProperty: unknown FBoneNode bLockBone
BoolProperty: unknown FBoneNode bRemoveBone
BoolProperty: unknown FBoneNode bLockBone
BoolProperty: unknown FBoneNode bRemoveBone
BoolProperty: unknown FBoneNode bLockBone
BoolProperty: unknown FBoneNode bRemoveBone
BoolProperty: unknown FBoneNode bLockBone
BoolProperty: unknown FBoneNode bRemoveBone
BoolProperty: unknown FBoneNode bLockBone
BoolProperty: unknown FBoneNode bRemoveBone
BoolProperty: unknown FBoneNode bLockBone
BoolProperty: unknown FBoneNode bRemoveBone
BoolProperty: unknown FBoneNode bLockBone
BoolProperty: unknown FBoneNode bRemoveBone
BoolProperty: unknown FBoneNode bLockBone
BoolProperty: unknown FBoneNode bRemoveBone
BoolProperty: unknown FBoneNode bLockBone
BoolProperty: unknown FBoneNode bRemoveBone
BoolProperty: unknown FBoneNode bLockBone
BoolProperty: unknown FBoneNode bRemoveBone
BoolProperty: unknown FBoneNode bLockBone
BoolProperty: unknown FBoneNode bRemoveBone
BoolProperty: unknown FBoneNode bLockBone
BoolProperty: unknown FBoneNode bRemoveBone
BoolProperty: unknown FBoneNode bLockBone
BoolProperty: unknown FBoneNode bRemoveBone
BoolProperty: unknown FBoneNode bLockBone
BoolProperty: unknown FBoneNode bRemoveBone
BoolProperty: unknown FBoneNode bLockBone
BoolProperty: unknown FBoneNode bRemoveBone
BoolProperty: unknown FBoneNode bLockBone
BoolProperty: unknown FBoneNode bRemoveBone
BoolProperty: unknown FBoneNode bLockBone
BoolProperty: unknown FBoneNode bRemoveBone
BoolProperty: unknown FBoneNode bLockBone
BoolProperty: unknown FBoneNode bRemoveBone
BoolProperty: unknown FBoneNode bLockBone
BoolProperty: unknown FBoneNode bRemoveBone
BoolProperty: unknown FBoneNode bLockBone
BoolProperty: unknown FBoneNode bRemoveBone
BoolProperty: unknown FBoneNode bLockBone
BoolProperty: unknown FBoneNode bRemoveBone
BoolProperty: unknown FBoneNode bLockBone
BoolProperty: unknown FBoneNode bRemoveBone
BoolProperty: unknown FBoneNode bLockBone
BoolProperty: unknown FBoneNode bRemoveBone
BoolProperty: unknown FBoneNode bLockBone
BoolProperty: unknown FBoneNode bRemoveBone
BoolProperty: unknown FBoneNode bLockBone
BoolProperty: unknown FBoneNode bRemoveBone
BoolProperty: unknown FBoneNode bLockBone
BoolProperty: unknown FBoneNode bRemoveBone
BoolProperty: unknown FBoneNode bLockBone
BoolProperty: unknown FBoneNode bRemoveBone
BoolProperty: unknown FBoneNode bLockBone
BoolProperty: unknown FBoneNode bRemoveBone
BoolProperty: unknown FBoneNode bLockBone
BoolProperty: unknown FBoneNode bRemoveBone
BoolProperty: unknown FBoneNode bLockBone
BoolProperty: unknown FBoneNode bRemoveBone
BoolProperty: unknown FBoneNode bLockBone
BoolProperty: unknown FBoneNode bRemoveBone
BoolProperty: unknown FBoneNode bLockBone
BoolProperty: unknown FBoneNode bRemoveBone
BoolProperty: unknown FBoneNode bLockBone
BoolProperty: unknown FBoneNode bRemoveBone
BoolProperty: unknown FBoneNode bLockBone
BoolProperty: unknown FBoneNode bRemoveBone
BoolProperty: unknown FBoneNode bLockBone
BoolProperty: unknown FBoneNode bRemoveBone
BoolProperty: unknown FBoneNode bLockBone
BoolProperty: unknown FBoneNode bRemoveBone
BoolProperty: unknown FBoneNode bLockBone
BoolProperty: unknown FBoneNode bRemoveBone
BoolProperty: unknown FBoneNode bLockBone
BoolProperty: unknown FBoneNode bRemoveBone
BoolProperty: unknown FBoneNode bLockBone
BoolProperty: unknown FBoneNode bRemoveBone
BoolProperty: unknown FBoneNode bLockBone
BoolProperty: unknown FBoneNode bRemoveBone
BoolProperty: unknown FBoneNode bLockBone
BoolProperty: unknown FBoneNode bRemoveBone
BoolProperty: unknown FBoneNode bLockBone
BoolProperty: unknown FBoneNode bRemoveBone
BoolProperty: unknown FBoneNode bLockBone
BoolProperty: unknown FBoneNode bRemoveBone
BoolProperty: unknown FBoneNode bLockBone
BoolProperty: unknown FBoneNode bRemoveBone
BoolProperty: unknown FBoneNode bLockBone
BoolProperty: unknown FBoneNode bRemoveBone
BoolProperty: unknown FBoneNode bLockBone
BoolProperty: unknown FBoneNode bRemoveBone
BoolProperty: unknown FBoneNode bLockBone
BoolProperty: unknown FBoneNode bRemoveBone
BoolProperty: unknown FBoneNode bLockBone
BoolProperty: unknown FBoneNode bRemoveBone
BoolProperty: unknown FBoneNode bLockBone
BoolProperty: unknown FBoneNode bRemoveBone
BoolProperty: unknown FBoneNode bLockBone
BoolProperty: unknown FBoneNode bRemoveBone
BoolProperty: unknown FBoneNode bLockBone
BoolProperty: unknown FBoneNode bRemoveBone
BoolProperty: unknown FBoneNode bLockBone
BoolProperty: unknown FBoneNode bRemoveBone
BoolProperty: unknown FBoneNode bLockBone
BoolProperty: unknown FBoneNode bRemoveBone
BoolProperty: unknown FBoneNode bLockBone
BoolProperty: unknown FBoneNode bRemoveBone
BoolProperty: unknown FBoneNode bLockBone
BoolProperty: unknown FBoneNode bRemoveBone
BoolProperty: unknown FBoneNode bLockBone
BoolProperty: unknown FBoneNode bRemoveBone
BoolProperty: unknown FBoneNode bLockBone
BoolProperty: unknown FBoneNode bRemoveBone
BoolProperty: unknown FBoneNode bLockBone
BoolProperty: unknown FBoneNode bRemoveBone
BoolProperty: unknown FBoneNode bLockBone
BoolProperty: unknown FBoneNode bRemoveBone
BoolProperty: unknown FBoneNode bLockBone
BoolProperty: unknown FBoneNode bRemoveBone
BoolProperty: unknown FBoneNode bLockBone
BoolProperty: unknown FBoneNode bRemoveBone
BoolProperty: unknown FBoneNode bLockBone
BoolProperty: unknown FBoneNode bRemoveBone
BoolProperty: unknown FBoneNode bLockBone
BoolProperty: unknown FBoneNode bRemoveBone
BoolProperty: unknown FBoneNode bLockBone
BoolProperty: unknown FBoneNode bRemoveBone
BoolProperty: unknown FBoneNode bLockBone
BoolProperty: unknown FBoneNode bRemoveBone
BoolProperty: unknown FBoneNode bLockBone
BoolProperty: unknown FBoneNode bRemoveBone
BoolProperty: unknown FBoneNode bLockBone
BoolProperty: unknown FBoneNode bRemoveBone
BoolProperty: unknown FBoneNode bLockBone
BoolProperty: unknown FBoneNode bRemoveBone
BoolProperty: unknown FBoneNode bLockBone
BoolProperty: unknown FBoneNode bRemoveBone
BoolProperty: unknown FBoneNode bLockBone
BoolProperty: unknown FBoneNode bRemoveBone
BoolProperty: unknown FBoneNode bLockBone
BoolProperty: unknown FBoneNode bRemoveBone
BoolProperty: unknown FBoneNode bLockBone
BoolProperty: unknown FBoneNode bRemoveBone
BoolProperty: unknown FBoneNode bLockBone
BoolProperty: unknown FBoneNode bRemoveBone
BoolProperty: unknown FBoneNode bLockBone
BoolProperty: unknown FBoneNode bRemoveBone
BoolProperty: unknown FBoneNode bLockBone
BoolProperty: unknown FBoneNode bRemoveBone
BoolProperty: unknown FBoneNode bLockBone
BoolProperty: unknown FBoneNode bRemoveBone
BoolProperty: unknown FBoneNode bLockBone
BoolProperty: unknown FBoneNode bRemoveBone
BoolProperty: unknown FBoneNode bLockBone
BoolProperty: unknown FBoneNode bRemoveBone
BoolProperty: unknown FBoneNode bLockBone
BoolProperty: unknown FBoneNode bRemoveBone
Exporting objects ...
Exporting AnimSequence4 Direwolf-Swim-Idle to C:/Users/Nez/Desktop/GitHub/Ark-Survival-Returns/.work/exports/actorx/PrimalEarth/Dinos/Direwolf/Animations/Direwolf-Swim-Idle.psa
Memory: allocated 746240 bytes in 566 blocks
Loading AnimSequence4 Direwolf-Torpid-Eat from package PrimalEarth/Dinos/Direwolf/Animations/Direwolf-Torpid-Eat.uasset
FloatProperty: unknown FAnimNotifyEvent DisplayTime
BoolProperty: unknown FAnimNotifyEvent bIgnoreOnDediServer
Loading Skeleton Direwolf_Skeleton from package PrimalEarth/Dinos/Direwolf/Direwolf_Skeleton.uasset
BoolProperty: unknown FBoneNode bLockBone
BoolProperty: unknown FBoneNode bRemoveBone
BoolProperty: unknown FBoneNode bLockBone
BoolProperty: unknown FBoneNode bRemoveBone
BoolProperty: unknown FBoneNode bLockBone
BoolProperty: unknown FBoneNode bRemoveBone
BoolProperty: unknown FBoneNode bLockBone
BoolProperty: unknown FBoneNode bRemoveBone
BoolProperty: unknown FBoneNode bLockBone
BoolProperty: unknown FBoneNode bRemoveBone
BoolProperty: unknown FBoneNode bLockBone
BoolProperty: unknown FBoneNode bRemoveBone
BoolProperty: unknown FBoneNode bLockBone
BoolProperty: unknown FBoneNode bRemoveBone
BoolProperty: unknown FBoneNode bLockBone
BoolProperty: unknown FBoneNode bRemoveBone
BoolProperty: unknown FBoneNode bLockBone
BoolProperty: unknown FBoneNode bRemoveBone
BoolProperty: unknown FBoneNode bLockBone
BoolProperty: unknown FBoneNode bRemoveBone
BoolProperty: unknown FBoneNode bLockBone
BoolProperty: unknown FBoneNode bRemoveBone
BoolProperty: unknown FBoneNode bLockBone
BoolProperty: unknown FBoneNode bRemoveBone
BoolProperty: unknown FBoneNode bLockBone
BoolProperty: unknown FBoneNode bRemoveBone
BoolProperty: unknown FBoneNode bLockBone
BoolProperty: unknown FBoneNode bRemoveBone
BoolProperty: unknown FBoneNode bLockBone
BoolProperty: unknown FBoneNode bRemoveBone
BoolProperty: unknown FBoneNode bLockBone
BoolProperty: unknown FBoneNode bRemoveBone
BoolProperty: unknown FBoneNode bLockBone
BoolProperty: unknown FBoneNode bRemoveBone
BoolProperty: unknown FBoneNode bLockBone
BoolProperty: unknown FBoneNode bRemoveBone
BoolProperty: unknown FBoneNode bLockBone
BoolProperty: unknown FBoneNode bRemoveBone
BoolProperty: unknown FBoneNode bLockBone
BoolProperty: unknown FBoneNode bRemoveBone
BoolProperty: unknown FBoneNode bLockBone
BoolProperty: unknown FBoneNode bRemoveBone
BoolProperty: unknown FBoneNode bLockBone
BoolProperty: unknown FBoneNode bRemoveBone
BoolProperty: unknown FBoneNode bLockBone
BoolProperty: unknown FBoneNode bRemoveBone
BoolProperty: unknown FBoneNode bLockBone
BoolProperty: unknown FBoneNode bRemoveBone
BoolProperty: unknown FBoneNode bLockBone
BoolProperty: unknown FBoneNode bRemoveBone
BoolProperty: unknown FBoneNode bLockBone
BoolProperty: unknown FBoneNode bRemoveBone
BoolProperty: unknown FBoneNode bLockBone
BoolProperty: unknown FBoneNode bRemoveBone
BoolProperty: unknown FBoneNode bLockBone
BoolProperty: unknown FBoneNode bRemoveBone
BoolProperty: unknown FBoneNode bLockBone
BoolProperty: unknown FBoneNode bRemoveBone
BoolProperty: unknown FBoneNode bLockBone
BoolProperty: unknown FBoneNode bRemoveBone
BoolProperty: unknown FBoneNode bLockBone
BoolProperty: unknown FBoneNode bRemoveBone
BoolProperty: unknown FBoneNode bLockBone
BoolProperty: unknown FBoneNode bRemoveBone
BoolProperty: unknown FBoneNode bLockBone
BoolProperty: unknown FBoneNode bRemoveBone
BoolProperty: unknown FBoneNode bLockBone
BoolProperty: unknown FBoneNode bRemoveBone
BoolProperty: unknown FBoneNode bLockBone
BoolProperty: unknown FBoneNode bRemoveBone
BoolProperty: unknown FBoneNode bLockBone
BoolProperty: unknown FBoneNode bRemoveBone
BoolProperty: unknown FBoneNode bLockBone
BoolProperty: unknown FBoneNode bRemoveBone
BoolProperty: unknown FBoneNode bLockBone
BoolProperty: unknown FBoneNode bRemoveBone
BoolProperty: unknown FBoneNode bLockBone
BoolProperty: unknown FBoneNode bRemoveBone
BoolProperty: unknown FBoneNode bLockBone
BoolProperty: unknown FBoneNode bRemoveBone
BoolProperty: unknown FBoneNode bLockBone
BoolProperty: unknown FBoneNode bRemoveBone
BoolProperty: unknown FBoneNode bLockBone
BoolProperty: unknown FBoneNode bRemoveBone
BoolProperty: unknown FBoneNode bLockBone
BoolProperty: unknown FBoneNode bRemoveBone
BoolProperty: unknown FBoneNode bLockBone
BoolProperty: unknown FBoneNode bRemoveBone
BoolProperty: unknown FBoneNode bLockBone
BoolProperty: unknown FBoneNode bRemoveBone
BoolProperty: unknown FBoneNode bLockBone
BoolProperty: unknown FBoneNode bRemoveBone
BoolProperty: unknown FBoneNode bLockBone
BoolProperty: unknown FBoneNode bRemoveBone
BoolProperty: unknown FBoneNode bLockBone
BoolProperty: unknown FBoneNode bRemoveBone
BoolProperty: unknown FBoneNode bLockBone
BoolProperty: unknown FBoneNode bRemoveBone
BoolProperty: unknown FBoneNode bLockBone
BoolProperty: unknown FBoneNode bRemoveBone
BoolProperty: unknown FBoneNode bLockBone
BoolProperty: unknown FBoneNode bRemoveBone
BoolProperty: unknown FBoneNode bLockBone
BoolProperty: unknown FBoneNode bRemoveBone
BoolProperty: unknown FBoneNode bLockBone
BoolProperty: unknown FBoneNode bRemoveBone
BoolProperty: unknown FBoneNode bLockBone
BoolProperty: unknown FBoneNode bRemoveBone
BoolProperty: unknown FBoneNode bLockBone
BoolProperty: unknown FBoneNode bRemoveBone
BoolProperty: unknown FBoneNode bLockBone
BoolProperty: unknown FBoneNode bRemoveBone
BoolProperty: unknown FBoneNode bLockBone
BoolProperty: unknown FBoneNode bRemoveBone
BoolProperty: unknown FBoneNode bLockBone
BoolProperty: unknown FBoneNode bRemoveBone
BoolProperty: unknown FBoneNode bLockBone
BoolProperty: unknown FBoneNode bRemoveBone
BoolProperty: unknown FBoneNode bLockBone
BoolProperty: unknown FBoneNode bRemoveBone
BoolProperty: unknown FBoneNode bLockBone
BoolProperty: unknown FBoneNode bRemoveBone
BoolProperty: unknown FBoneNode bLockBone
BoolProperty: unknown FBoneNode bRemoveBone
BoolProperty: unknown FBoneNode bLockBone
BoolProperty: unknown FBoneNode bRemoveBone
BoolProperty: unknown FBoneNode bLockBone
BoolProperty: unknown FBoneNode bRemoveBone
BoolProperty: unknown FBoneNode bLockBone
BoolProperty: unknown FBoneNode bRemoveBone
BoolProperty: unknown FBoneNode bLockBone
BoolProperty: unknown FBoneNode bRemoveBone
BoolProperty: unknown FBoneNode bLockBone
BoolProperty: unknown FBoneNode bRemoveBone
BoolProperty: unknown FBoneNode bLockBone
BoolProperty: unknown FBoneNode bRemoveBone
BoolProperty: unknown FBoneNode bLockBone
BoolProperty: unknown FBoneNode bRemoveBone
BoolProperty: unknown FBoneNode bLockBone
BoolProperty: unknown FBoneNode bRemoveBone
BoolProperty: unknown FBoneNode bLockBone
BoolProperty: unknown FBoneNode bRemoveBone
BoolProperty: unknown FBoneNode bLockBone
BoolProperty: unknown FBoneNode bRemoveBone
BoolProperty: unknown FBoneNode bLockBone
BoolProperty: unknown FBoneNode bRemoveBone
BoolProperty: unknown FBoneNode bLockBone
BoolProperty: unknown FBoneNode bRemoveBone
BoolProperty: unknown FBoneNode bLockBone
BoolProperty: unknown FBoneNode bRemoveBone
BoolProperty: unknown FBoneNode bLockBone
BoolProperty: unknown FBoneNode bRemoveBone
BoolProperty: unknown FBoneNode bLockBone
BoolProperty: unknown FBoneNode bRemoveBone
BoolProperty: unknown FBoneNode bLockBone
BoolProperty: unknown FBoneNode bRemoveBone
BoolProperty: unknown FBoneNode bLockBone
BoolProperty: unknown FBoneNode bRemoveBone
BoolProperty: unknown FBoneNode bLockBone
BoolProperty: unknown FBoneNode bRemoveBone
BoolProperty: unknown FBoneNode bLockBone
BoolProperty: unknown FBoneNode bRemoveBone
BoolProperty: unknown FBoneNode bLockBone
BoolProperty: unknown FBoneNode bRemoveBone
BoolProperty: unknown FBoneNode bLockBone
BoolProperty: unknown FBoneNode bRemoveBone
BoolProperty: unknown FBoneNode bLockBone
BoolProperty: unknown FBoneNode bRemoveBone
BoolProperty: unknown FBoneNode bLockBone
BoolProperty: unknown FBoneNode bRemoveBone
BoolProperty: unknown FBoneNode bLockBone
BoolProperty: unknown FBoneNode bRemoveBone
BoolProperty: unknown FBoneNode bLockBone
BoolProperty: unknown FBoneNode bRemoveBone
BoolProperty: unknown FBoneNode bLockBone
BoolProperty: unknown FBoneNode bRemoveBone
BoolProperty: unknown FBoneNode bLockBone
BoolProperty: unknown FBoneNode bRemoveBone
Exporting objects ...
Exporting AnimSequence4 Direwolf-Torpid-Eat to C:/Users/Nez/Desktop/GitHub/Ark-Survival-Returns/.work/exports/actorx/PrimalEarth/Dinos/Direwolf/Animations/Direwolf-Torpid-Eat.psa
Memory: allocated 758528 bytes in 569 blocks
Loading AnimSequence4 Direwolf-Torpid-Idle from package PrimalEarth/Dinos/Direwolf/Animations/Direwolf-Torpid-Idle.uasset
FloatProperty: unknown FAnimNotifyEvent DisplayTime
BoolProperty: unknown FAnimNotifyEvent bIgnoreOnDediServer
Loading Skeleton Direwolf_Skeleton from package PrimalEarth/Dinos/Direwolf/Direwolf_Skeleton.uasset
BoolProperty: unknown FBoneNode bLockBone
BoolProperty: unknown FBoneNode bRemoveBone
BoolProperty: unknown FBoneNode bLockBone
BoolProperty: unknown FBoneNode bRemoveBone
BoolProperty: unknown FBoneNode bLockBone
BoolProperty: unknown FBoneNode bRemoveBone
BoolProperty: unknown FBoneNode bLockBone
BoolProperty: unknown FBoneNode bRemoveBone
BoolProperty: unknown FBoneNode bLockBone
BoolProperty: unknown FBoneNode bRemoveBone
BoolProperty: unknown FBoneNode bLockBone
BoolProperty: unknown FBoneNode bRemoveBone
BoolProperty: unknown FBoneNode bLockBone
BoolProperty: unknown FBoneNode bRemoveBone
BoolProperty: unknown FBoneNode bLockBone
BoolProperty: unknown FBoneNode bRemoveBone
BoolProperty: unknown FBoneNode bLockBone
BoolProperty: unknown FBoneNode bRemoveBone
BoolProperty: unknown FBoneNode bLockBone
BoolProperty: unknown FBoneNode bRemoveBone
BoolProperty: unknown FBoneNode bLockBone
BoolProperty: unknown FBoneNode bRemoveBone
BoolProperty: unknown FBoneNode bLockBone
BoolProperty: unknown FBoneNode bRemoveBone
BoolProperty: unknown FBoneNode bLockBone
BoolProperty: unknown FBoneNode bRemoveBone
BoolProperty: unknown FBoneNode bLockBone
BoolProperty: unknown FBoneNode bRemoveBone
BoolProperty: unknown FBoneNode bLockBone
BoolProperty: unknown FBoneNode bRemoveBone
BoolProperty: unknown FBoneNode bLockBone
BoolProperty: unknown FBoneNode bRemoveBone
BoolProperty: unknown FBoneNode bLockBone
BoolProperty: unknown FBoneNode bRemoveBone
BoolProperty: unknown FBoneNode bLockBone
BoolProperty: unknown FBoneNode bRemoveBone
BoolProperty: unknown FBoneNode bLockBone
BoolProperty: unknown FBoneNode bRemoveBone
BoolProperty: unknown FBoneNode bLockBone
BoolProperty: unknown FBoneNode bRemoveBone
BoolProperty: unknown FBoneNode bLockBone
BoolProperty: unknown FBoneNode bRemoveBone
BoolProperty: unknown FBoneNode bLockBone
BoolProperty: unknown FBoneNode bRemoveBone
BoolProperty: unknown FBoneNode bLockBone
BoolProperty: unknown FBoneNode bRemoveBone
BoolProperty: unknown FBoneNode bLockBone
BoolProperty: unknown FBoneNode bRemoveBone
BoolProperty: unknown FBoneNode bLockBone
BoolProperty: unknown FBoneNode bRemoveBone
BoolProperty: unknown FBoneNode bLockBone
BoolProperty: unknown FBoneNode bRemoveBone
BoolProperty: unknown FBoneNode bLockBone
BoolProperty: unknown FBoneNode bRemoveBone
BoolProperty: unknown FBoneNode bLockBone
BoolProperty: unknown FBoneNode bRemoveBone
BoolProperty: unknown FBoneNode bLockBone
BoolProperty: unknown FBoneNode bRemoveBone
BoolProperty: unknown FBoneNode bLockBone
BoolProperty: unknown FBoneNode bRemoveBone
BoolProperty: unknown FBoneNode bLockBone
BoolProperty: unknown FBoneNode bRemoveBone
BoolProperty: unknown FBoneNode bLockBone
BoolProperty: unknown FBoneNode bRemoveBone
BoolProperty: unknown FBoneNode bLockBone
BoolProperty: unknown FBoneNode bRemoveBone
BoolProperty: unknown FBoneNode bLockBone
BoolProperty: unknown FBoneNode bRemoveBone
BoolProperty: unknown FBoneNode bLockBone
BoolProperty: unknown FBoneNode bRemoveBone
BoolProperty: unknown FBoneNode bLockBone
BoolProperty: unknown FBoneNode bRemoveBone
BoolProperty: unknown FBoneNode bLockBone
BoolProperty: unknown FBoneNode bRemoveBone
BoolProperty: unknown FBoneNode bLockBone
BoolProperty: unknown FBoneNode bRemoveBone
BoolProperty: unknown FBoneNode bLockBone
BoolProperty: unknown FBoneNode bRemoveBone
BoolProperty: unknown FBoneNode bLockBone
BoolProperty: unknown FBoneNode bRemoveBone
BoolProperty: unknown FBoneNode bLockBone
BoolProperty: unknown FBoneNode bRemoveBone
BoolProperty: unknown FBoneNode bLockBone
BoolProperty: unknown FBoneNode bRemoveBone
BoolProperty: unknown FBoneNode bLockBone
BoolProperty: unknown FBoneNode bRemoveBone
BoolProperty: unknown FBoneNode bLockBone
BoolProperty: unknown FBoneNode bRemoveBone
BoolProperty: unknown FBoneNode bLockBone
BoolProperty: unknown FBoneNode bRemoveBone
BoolProperty: unknown FBoneNode bLockBone
BoolProperty: unknown FBoneNode bRemoveBone
BoolProperty: unknown FBoneNode bLockBone
BoolProperty: unknown FBoneNode bRemoveBone
BoolProperty: unknown FBoneNode bLockBone
BoolProperty: unknown FBoneNode bRemoveBone
BoolProperty: unknown FBoneNode bLockBone
BoolProperty: unknown FBoneNode bRemoveBone
BoolProperty: unknown FBoneNode bLockBone
BoolProperty: unknown FBoneNode bRemoveBone
BoolProperty: unknown FBoneNode bLockBone
BoolProperty: unknown FBoneNode bRemoveBone
BoolProperty: unknown FBoneNode bLockBone
BoolProperty: unknown FBoneNode bRemoveBone
BoolProperty: unknown FBoneNode bLockBone
BoolProperty: unknown FBoneNode bRemoveBone
BoolProperty: unknown FBoneNode bLockBone
BoolProperty: unknown FBoneNode bRemoveBone
BoolProperty: unknown FBoneNode bLockBone
BoolProperty: unknown FBoneNode bRemoveBone
BoolProperty: unknown FBoneNode bLockBone
BoolProperty: unknown FBoneNode bRemoveBone
BoolProperty: unknown FBoneNode bLockBone
BoolProperty: unknown FBoneNode bRemoveBone
BoolProperty: unknown FBoneNode bLockBone
BoolProperty: unknown FBoneNode bRemoveBone
BoolProperty: unknown FBoneNode bLockBone
BoolProperty: unknown FBoneNode bRemoveBone
BoolProperty: unknown FBoneNode bLockBone
BoolProperty: unknown FBoneNode bRemoveBone
BoolProperty: unknown FBoneNode bLockBone
BoolProperty: unknown FBoneNode bRemoveBone
BoolProperty: unknown FBoneNode bLockBone
BoolProperty: unknown FBoneNode bRemoveBone
BoolProperty: unknown FBoneNode bLockBone
BoolProperty: unknown FBoneNode bRemoveBone
BoolProperty: unknown FBoneNode bLockBone
BoolProperty: unknown FBoneNode bRemoveBone
BoolProperty: unknown FBoneNode bLockBone
BoolProperty: unknown FBoneNode bRemoveBone
BoolProperty: unknown FBoneNode bLockBone
BoolProperty: unknown FBoneNode bRemoveBone
BoolProperty: unknown FBoneNode bLockBone
BoolProperty: unknown FBoneNode bRemoveBone
BoolProperty: unknown FBoneNode bLockBone
BoolProperty: unknown FBoneNode bRemoveBone
BoolProperty: unknown FBoneNode bLockBone
BoolProperty: unknown FBoneNode bRemoveBone
BoolProperty: unknown FBoneNode bLockBone
BoolProperty: unknown FBoneNode bRemoveBone
BoolProperty: unknown FBoneNode bLockBone
BoolProperty: unknown FBoneNode bRemoveBone
BoolProperty: unknown FBoneNode bLockBone
BoolProperty: unknown FBoneNode bRemoveBone
BoolProperty: unknown FBoneNode bLockBone
BoolProperty: unknown FBoneNode bRemoveBone
BoolProperty: unknown FBoneNode bLockBone
BoolProperty: unknown FBoneNode bRemoveBone
BoolProperty: unknown FBoneNode bLockBone
BoolProperty: unknown FBoneNode bRemoveBone
BoolProperty: unknown FBoneNode bLockBone
BoolProperty: unknown FBoneNode bRemoveBone
BoolProperty: unknown FBoneNode bLockBone
BoolProperty: unknown FBoneNode bRemoveBone
BoolProperty: unknown FBoneNode bLockBone
BoolProperty: unknown FBoneNode bRemoveBone
BoolProperty: unknown FBoneNode bLockBone
BoolProperty: unknown FBoneNode bRemoveBone
BoolProperty: unknown FBoneNode bLockBone
BoolProperty: unknown FBoneNode bRemoveBone
BoolProperty: unknown FBoneNode bLockBone
BoolProperty: unknown FBoneNode bRemoveBone
BoolProperty: unknown FBoneNode bLockBone
BoolProperty: unknown FBoneNode bRemoveBone
BoolProperty: unknown FBoneNode bLockBone
BoolProperty: unknown FBoneNode bRemoveBone
BoolProperty: unknown FBoneNode bLockBone
BoolProperty: unknown FBoneNode bRemoveBone
BoolProperty: unknown FBoneNode bLockBone
BoolProperty: unknown FBoneNode bRemoveBone
BoolProperty: unknown FBoneNode bLockBone
BoolProperty: unknown FBoneNode bRemoveBone
BoolProperty: unknown FBoneNode bLockBone
BoolProperty: unknown FBoneNode bRemoveBone
BoolProperty: unknown FBoneNode bLockBone
BoolProperty: unknown FBoneNode bRemoveBone
BoolProperty: unknown FBoneNode bLockBone
BoolProperty: unknown FBoneNode bRemoveBone
Exporting objects ...
Exporting AnimSequence4 Direwolf-Torpid-Idle to C:/Users/Nez/Desktop/GitHub/Ark-Survival-Returns/.work/exports/actorx/PrimalEarth/Dinos/Direwolf/Animations/Direwolf-Torpid-Idle.psa
Memory: allocated 770816 bytes in 572 blocks
Loading AnimSequence4 Direwolf-Torpid-In from package PrimalEarth/Dinos/Direwolf/Animations/Direwolf-Torpid-In.uasset
FloatProperty: unknown FAnimNotifyEvent DisplayTime
BoolProperty: unknown FAnimNotifyEvent bIgnoreOnDediServer
FloatProperty: unknown FAnimNotifyEvent DisplayTime
BoolProperty: unknown FAnimNotifyEvent bIgnoreOnDediServer
Loading Skeleton Direwolf_Skeleton from package PrimalEarth/Dinos/Direwolf/Direwolf_Skeleton.uasset
BoolProperty: unknown FBoneNode bLockBone
BoolProperty: unknown FBoneNode bRemoveBone
BoolProperty: unknown FBoneNode bLockBone
BoolProperty: unknown FBoneNode bRemoveBone
BoolProperty: unknown FBoneNode bLockBone
BoolProperty: unknown FBoneNode bRemoveBone
BoolProperty: unknown FBoneNode bLockBone
BoolProperty: unknown FBoneNode bRemoveBone
BoolProperty: unknown FBoneNode bLockBone
BoolProperty: unknown FBoneNode bRemoveBone
BoolProperty: unknown FBoneNode bLockBone
BoolProperty: unknown FBoneNode bRemoveBone
BoolProperty: unknown FBoneNode bLockBone
BoolProperty: unknown FBoneNode bRemoveBone
BoolProperty: unknown FBoneNode bLockBone
BoolProperty: unknown FBoneNode bRemoveBone
BoolProperty: unknown FBoneNode bLockBone
BoolProperty: unknown FBoneNode bRemoveBone
BoolProperty: unknown FBoneNode bLockBone
BoolProperty: unknown FBoneNode bRemoveBone
BoolProperty: unknown FBoneNode bLockBone
BoolProperty: unknown FBoneNode bRemoveBone
BoolProperty: unknown FBoneNode bLockBone
BoolProperty: unknown FBoneNode bRemoveBone
BoolProperty: unknown FBoneNode bLockBone
BoolProperty: unknown FBoneNode bRemoveBone
BoolProperty: unknown FBoneNode bLockBone
BoolProperty: unknown FBoneNode bRemoveBone
BoolProperty: unknown FBoneNode bLockBone
BoolProperty: unknown FBoneNode bRemoveBone
BoolProperty: unknown FBoneNode bLockBone
BoolProperty: unknown FBoneNode bRemoveBone
BoolProperty: unknown FBoneNode bLockBone
BoolProperty: unknown FBoneNode bRemoveBone
BoolProperty: unknown FBoneNode bLockBone
BoolProperty: unknown FBoneNode bRemoveBone
BoolProperty: unknown FBoneNode bLockBone
BoolProperty: unknown FBoneNode bRemoveBone
BoolProperty: unknown FBoneNode bLockBone
BoolProperty: unknown FBoneNode bRemoveBone
BoolProperty: unknown FBoneNode bLockBone
BoolProperty: unknown FBoneNode bRemoveBone
BoolProperty: unknown FBoneNode bLockBone
BoolProperty: unknown FBoneNode bRemoveBone
BoolProperty: unknown FBoneNode bLockBone
BoolProperty: unknown FBoneNode bRemoveBone
BoolProperty: unknown FBoneNode bLockBone
BoolProperty: unknown FBoneNode bRemoveBone
BoolProperty: unknown FBoneNode bLockBone
BoolProperty: unknown FBoneNode bRemoveBone
BoolProperty: unknown FBoneNode bLockBone
BoolProperty: unknown FBoneNode bRemoveBone
BoolProperty: unknown FBoneNode bLockBone
BoolProperty: unknown FBoneNode bRemoveBone
BoolProperty: unknown FBoneNode bLockBone
BoolProperty: unknown FBoneNode bRemoveBone
BoolProperty: unknown FBoneNode bLockBone
BoolProperty: unknown FBoneNode bRemoveBone
BoolProperty: unknown FBoneNode bLockBone
BoolProperty: unknown FBoneNode bRemoveBone
BoolProperty: unknown FBoneNode bLockBone
BoolProperty: unknown FBoneNode bRemoveBone
BoolProperty: unknown FBoneNode bLockBone
BoolProperty: unknown FBoneNode bRemoveBone
BoolProperty: unknown FBoneNode bLockBone
BoolProperty: unknown FBoneNode bRemoveBone
BoolProperty: unknown FBoneNode bLockBone
BoolProperty: unknown FBoneNode bRemoveBone
BoolProperty: unknown FBoneNode bLockBone
BoolProperty: unknown FBoneNode bRemoveBone
BoolProperty: unknown FBoneNode bLockBone
BoolProperty: unknown FBoneNode bRemoveBone
BoolProperty: unknown FBoneNode bLockBone
BoolProperty: unknown FBoneNode bRemoveBone
BoolProperty: unknown FBoneNode bLockBone
BoolProperty: unknown FBoneNode bRemoveBone
BoolProperty: unknown FBoneNode bLockBone
BoolProperty: unknown FBoneNode bRemoveBone
BoolProperty: unknown FBoneNode bLockBone
BoolProperty: unknown FBoneNode bRemoveBone
BoolProperty: unknown FBoneNode bLockBone
BoolProperty: unknown FBoneNode bRemoveBone
BoolProperty: unknown FBoneNode bLockBone
BoolProperty: unknown FBoneNode bRemoveBone
BoolProperty: unknown FBoneNode bLockBone
BoolProperty: unknown FBoneNode bRemoveBone
BoolProperty: unknown FBoneNode bLockBone
BoolProperty: unknown FBoneNode bRemoveBone
BoolProperty: unknown FBoneNode bLockBone
BoolProperty: unknown FBoneNode bRemoveBone
BoolProperty: unknown FBoneNode bLockBone
BoolProperty: unknown FBoneNode bRemoveBone
BoolProperty: unknown FBoneNode bLockBone
BoolProperty: unknown FBoneNode bRemoveBone
BoolProperty: unknown FBoneNode bLockBone
BoolProperty: unknown FBoneNode bRemoveBone
BoolProperty: unknown FBoneNode bLockBone
BoolProperty: unknown FBoneNode bRemoveBone
BoolProperty: unknown FBoneNode bLockBone
BoolProperty: unknown FBoneNode bRemoveBone
BoolProperty: unknown FBoneNode bLockBone
BoolProperty: unknown FBoneNode bRemoveBone
BoolProperty: unknown FBoneNode bLockBone
BoolProperty: unknown FBoneNode bRemoveBone
BoolProperty: unknown FBoneNode bLockBone
BoolProperty: unknown FBoneNode bRemoveBone
BoolProperty: unknown FBoneNode bLockBone
BoolProperty: unknown FBoneNode bRemoveBone
BoolProperty: unknown FBoneNode bLockBone
BoolProperty: unknown FBoneNode bRemoveBone
BoolProperty: unknown FBoneNode bLockBone
BoolProperty: unknown FBoneNode bRemoveBone
BoolProperty: unknown FBoneNode bLockBone
BoolProperty: unknown FBoneNode bRemoveBone
BoolProperty: unknown FBoneNode bLockBone
BoolProperty: unknown FBoneNode bRemoveBone
BoolProperty: unknown FBoneNode bLockBone
BoolProperty: unknown FBoneNode bRemoveBone
BoolProperty: unknown FBoneNode bLockBone
BoolProperty: unknown FBoneNode bRemoveBone
BoolProperty: unknown FBoneNode bLockBone
BoolProperty: unknown FBoneNode bRemoveBone
BoolProperty: unknown FBoneNode bLockBone
BoolProperty: unknown FBoneNode bRemoveBone
BoolProperty: unknown FBoneNode bLockBone
BoolProperty: unknown FBoneNode bRemoveBone
BoolProperty: unknown FBoneNode bLockBone
BoolProperty: unknown FBoneNode bRemoveBone
BoolProperty: unknown FBoneNode bLockBone
BoolProperty: unknown FBoneNode bRemoveBone
BoolProperty: unknown FBoneNode bLockBone
BoolProperty: unknown FBoneNode bRemoveBone
BoolProperty: unknown FBoneNode bLockBone
BoolProperty: unknown FBoneNode bRemoveBone
BoolProperty: unknown FBoneNode bLockBone
BoolProperty: unknown FBoneNode bRemoveBone
BoolProperty: unknown FBoneNode bLockBone
BoolProperty: unknown FBoneNode bRemoveBone
BoolProperty: unknown FBoneNode bLockBone
BoolProperty: unknown FBoneNode bRemoveBone
BoolProperty: unknown FBoneNode bLockBone
BoolProperty: unknown FBoneNode bRemoveBone
BoolProperty: unknown FBoneNode bLockBone
BoolProperty: unknown FBoneNode bRemoveBone
BoolProperty: unknown FBoneNode bLockBone
BoolProperty: unknown FBoneNode bRemoveBone
BoolProperty: unknown FBoneNode bLockBone
BoolProperty: unknown FBoneNode bRemoveBone
BoolProperty: unknown FBoneNode bLockBone
BoolProperty: unknown FBoneNode bRemoveBone
BoolProperty: unknown FBoneNode bLockBone
BoolProperty: unknown FBoneNode bRemoveBone
BoolProperty: unknown FBoneNode bLockBone
BoolProperty: unknown FBoneNode bRemoveBone
BoolProperty: unknown FBoneNode bLockBone
BoolProperty: unknown FBoneNode bRemoveBone
BoolProperty: unknown FBoneNode bLockBone
BoolProperty: unknown FBoneNode bRemoveBone
BoolProperty: unknown FBoneNode bLockBone
BoolProperty: unknown FBoneNode bRemoveBone
BoolProperty: unknown FBoneNode bLockBone
BoolProperty: unknown FBoneNode bRemoveBone
BoolProperty: unknown FBoneNode bLockBone
BoolProperty: unknown FBoneNode bRemoveBone
BoolProperty: unknown FBoneNode bLockBone
BoolProperty: unknown FBoneNode bRemoveBone
BoolProperty: unknown FBoneNode bLockBone
BoolProperty: unknown FBoneNode bRemoveBone
BoolProperty: unknown FBoneNode bLockBone
BoolProperty: unknown FBoneNode bRemoveBone
BoolProperty: unknown FBoneNode bLockBone
BoolProperty: unknown FBoneNode bRemoveBone
BoolProperty: unknown FBoneNode bLockBone
BoolProperty: unknown FBoneNode bRemoveBone
BoolProperty: unknown FBoneNode bLockBone
BoolProperty: unknown FBoneNode bRemoveBone
BoolProperty: unknown FBoneNode bLockBone
BoolProperty: unknown FBoneNode bRemoveBone
Exporting objects ...
Exporting AnimSequence4 Direwolf-Torpid-In to C:/Users/Nez/Desktop/GitHub/Ark-Survival-Returns/.work/exports/actorx/PrimalEarth/Dinos/Direwolf/Animations/Direwolf-Torpid-In.psa
Memory: allocated 783104 bytes in 575 blocks
Loading AnimSequence4 Direwolf-Torpid-Out-Tamed from package PrimalEarth/Dinos/Direwolf/Animations/Direwolf-Torpid-Out-Tamed.uasset
FloatProperty: unknown FAnimNotifyEvent DisplayTime
BoolProperty: unknown FAnimNotifyEvent bIgnoreOnDediServer
FloatProperty: unknown FAnimNotifyEvent DisplayTime
BoolProperty: unknown FAnimNotifyEvent bIgnoreOnDediServer
FloatProperty: unknown FAnimNotifyEvent DisplayTime
BoolProperty: unknown FAnimNotifyEvent bIgnoreOnDediServer
FloatProperty: unknown FAnimNotifyEvent DisplayTime
BoolProperty: unknown FAnimNotifyEvent bIgnoreOnDediServer
FloatProperty: unknown FAnimNotifyEvent DisplayTime
BoolProperty: unknown FAnimNotifyEvent bIgnoreOnDediServer
Loading Skeleton Direwolf_Skeleton from package PrimalEarth/Dinos/Direwolf/Direwolf_Skeleton.uasset
BoolProperty: unknown FBoneNode bLockBone
BoolProperty: unknown FBoneNode bRemoveBone
BoolProperty: unknown FBoneNode bLockBone
BoolProperty: unknown FBoneNode bRemoveBone
BoolProperty: unknown FBoneNode bLockBone
BoolProperty: unknown FBoneNode bRemoveBone
BoolProperty: unknown FBoneNode bLockBone
BoolProperty: unknown FBoneNode bRemoveBone
BoolProperty: unknown FBoneNode bLockBone
BoolProperty: unknown FBoneNode bRemoveBone
BoolProperty: unknown FBoneNode bLockBone
BoolProperty: unknown FBoneNode bRemoveBone
BoolProperty: unknown FBoneNode bLockBone
BoolProperty: unknown FBoneNode bRemoveBone
BoolProperty: unknown FBoneNode bLockBone
BoolProperty: unknown FBoneNode bRemoveBone
BoolProperty: unknown FBoneNode bLockBone
BoolProperty: unknown FBoneNode bRemoveBone
BoolProperty: unknown FBoneNode bLockBone
BoolProperty: unknown FBoneNode bRemoveBone
BoolProperty: unknown FBoneNode bLockBone
BoolProperty: unknown FBoneNode bRemoveBone
BoolProperty: unknown FBoneNode bLockBone
BoolProperty: unknown FBoneNode bRemoveBone
BoolProperty: unknown FBoneNode bLockBone
BoolProperty: unknown FBoneNode bRemoveBone
BoolProperty: unknown FBoneNode bLockBone
BoolProperty: unknown FBoneNode bRemoveBone
BoolProperty: unknown FBoneNode bLockBone
BoolProperty: unknown FBoneNode bRemoveBone
BoolProperty: unknown FBoneNode bLockBone
BoolProperty: unknown FBoneNode bRemoveBone
BoolProperty: unknown FBoneNode bLockBone
BoolProperty: unknown FBoneNode bRemoveBone
BoolProperty: unknown FBoneNode bLockBone
BoolProperty: unknown FBoneNode bRemoveBone
BoolProperty: unknown FBoneNode bLockBone
BoolProperty: unknown FBoneNode bRemoveBone
BoolProperty: unknown FBoneNode bLockBone
BoolProperty: unknown FBoneNode bRemoveBone
BoolProperty: unknown FBoneNode bLockBone
BoolProperty: unknown FBoneNode bRemoveBone
BoolProperty: unknown FBoneNode bLockBone
BoolProperty: unknown FBoneNode bRemoveBone
BoolProperty: unknown FBoneNode bLockBone
BoolProperty: unknown FBoneNode bRemoveBone
BoolProperty: unknown FBoneNode bLockBone
BoolProperty: unknown FBoneNode bRemoveBone
BoolProperty: unknown FBoneNode bLockBone
BoolProperty: unknown FBoneNode bRemoveBone
BoolProperty: unknown FBoneNode bLockBone
BoolProperty: unknown FBoneNode bRemoveBone
BoolProperty: unknown FBoneNode bLockBone
BoolProperty: unknown FBoneNode bRemoveBone
BoolProperty: unknown FBoneNode bLockBone
BoolProperty: unknown FBoneNode bRemoveBone
BoolProperty: unknown FBoneNode bLockBone
BoolProperty: unknown FBoneNode bRemoveBone
BoolProperty: unknown FBoneNode bLockBone
BoolProperty: unknown FBoneNode bRemoveBone
BoolProperty: unknown FBoneNode bLockBone
BoolProperty: unknown FBoneNode bRemoveBone
BoolProperty: unknown FBoneNode bLockBone
BoolProperty: unknown FBoneNode bRemoveBone
BoolProperty: unknown FBoneNode bLockBone
BoolProperty: unknown FBoneNode bRemoveBone
BoolProperty: unknown FBoneNode bLockBone
BoolProperty: unknown FBoneNode bRemoveBone
BoolProperty: unknown FBoneNode bLockBone
BoolProperty: unknown FBoneNode bRemoveBone
BoolProperty: unknown FBoneNode bLockBone
BoolProperty: unknown FBoneNode bRemoveBone
BoolProperty: unknown FBoneNode bLockBone
BoolProperty: unknown FBoneNode bRemoveBone
BoolProperty: unknown FBoneNode bLockBone
BoolProperty: unknown FBoneNode bRemoveBone
BoolProperty: unknown FBoneNode bLockBone
BoolProperty: unknown FBoneNode bRemoveBone
BoolProperty: unknown FBoneNode bLockBone
BoolProperty: unknown FBoneNode bRemoveBone
BoolProperty: unknown FBoneNode bLockBone
BoolProperty: unknown FBoneNode bRemoveBone
BoolProperty: unknown FBoneNode bLockBone
BoolProperty: unknown FBoneNode bRemoveBone
BoolProperty: unknown FBoneNode bLockBone
BoolProperty: unknown FBoneNode bRemoveBone
BoolProperty: unknown FBoneNode bLockBone
BoolProperty: unknown FBoneNode bRemoveBone
BoolProperty: unknown FBoneNode bLockBone
BoolProperty: unknown FBoneNode bRemoveBone
BoolProperty: unknown FBoneNode bLockBone
BoolProperty: unknown FBoneNode bRemoveBone
BoolProperty: unknown FBoneNode bLockBone
BoolProperty: unknown FBoneNode bRemoveBone
BoolProperty: unknown FBoneNode bLockBone
BoolProperty: unknown FBoneNode bRemoveBone
BoolProperty: unknown FBoneNode bLockBone
BoolProperty: unknown FBoneNode bRemoveBone
BoolProperty: unknown FBoneNode bLockBone
BoolProperty: unknown FBoneNode bRemoveBone
BoolProperty: unknown FBoneNode bLockBone
BoolProperty: unknown FBoneNode bRemoveBone
BoolProperty: unknown FBoneNode bLockBone
BoolProperty: unknown FBoneNode bRemoveBone
BoolProperty: unknown FBoneNode bLockBone
BoolProperty: unknown FBoneNode bRemoveBone
BoolProperty: unknown FBoneNode bLockBone
BoolProperty: unknown FBoneNode bRemoveBone
BoolProperty: unknown FBoneNode bLockBone
BoolProperty: unknown FBoneNode bRemoveBone
BoolProperty: unknown FBoneNode bLockBone
BoolProperty: unknown FBoneNode bRemoveBone
BoolProperty: unknown FBoneNode bLockBone
BoolProperty: unknown FBoneNode bRemoveBone
BoolProperty: unknown FBoneNode bLockBone
BoolProperty: unknown FBoneNode bRemoveBone
BoolProperty: unknown FBoneNode bLockBone
BoolProperty: unknown FBoneNode bRemoveBone
BoolProperty: unknown FBoneNode bLockBone
BoolProperty: unknown FBoneNode bRemoveBone
BoolProperty: unknown FBoneNode bLockBone
BoolProperty: unknown FBoneNode bRemoveBone
BoolProperty: unknown FBoneNode bLockBone
BoolProperty: unknown FBoneNode bRemoveBone
BoolProperty: unknown FBoneNode bLockBone
BoolProperty: unknown FBoneNode bRemoveBone
BoolProperty: unknown FBoneNode bLockBone
BoolProperty: unknown FBoneNode bRemoveBone
BoolProperty: unknown FBoneNode bLockBone
BoolProperty: unknown FBoneNode bRemoveBone
BoolProperty: unknown FBoneNode bLockBone
BoolProperty: unknown FBoneNode bRemoveBone
BoolProperty: unknown FBoneNode bLockBone
BoolProperty: unknown FBoneNode bRemoveBone
BoolProperty: unknown FBoneNode bLockBone
BoolProperty: unknown FBoneNode bRemoveBone
BoolProperty: unknown FBoneNode bLockBone
BoolProperty: unknown FBoneNode bRemoveBone
BoolProperty: unknown FBoneNode bLockBone
BoolProperty: unknown FBoneNode bRemoveBone
BoolProperty: unknown FBoneNode bLockBone
BoolProperty: unknown FBoneNode bRemoveBone
BoolProperty: unknown FBoneNode bLockBone
BoolProperty: unknown FBoneNode bRemoveBone
BoolProperty: unknown FBoneNode bLockBone
BoolProperty: unknown FBoneNode bRemoveBone
BoolProperty: unknown FBoneNode bLockBone
BoolProperty: unknown FBoneNode bRemoveBone
BoolProperty: unknown FBoneNode bLockBone
BoolProperty: unknown FBoneNode bRemoveBone
BoolProperty: unknown FBoneNode bLockBone
BoolProperty: unknown FBoneNode bRemoveBone
BoolProperty: unknown FBoneNode bLockBone
BoolProperty: unknown FBoneNode bRemoveBone
BoolProperty: unknown FBoneNode bLockBone
BoolProperty: unknown FBoneNode bRemoveBone
BoolProperty: unknown FBoneNode bLockBone
BoolProperty: unknown FBoneNode bRemoveBone
BoolProperty: unknown FBoneNode bLockBone
BoolProperty: unknown FBoneNode bRemoveBone
BoolProperty: unknown FBoneNode bLockBone
BoolProperty: unknown FBoneNode bRemoveBone
BoolProperty: unknown FBoneNode bLockBone
BoolProperty: unknown FBoneNode bRemoveBone
BoolProperty: unknown FBoneNode bLockBone
BoolProperty: unknown FBoneNode bRemoveBone
BoolProperty: unknown FBoneNode bLockBone
BoolProperty: unknown FBoneNode bRemoveBone
BoolProperty: unknown FBoneNode bLockBone
BoolProperty: unknown FBoneNode bRemoveBone
BoolProperty: unknown FBoneNode bLockBone
BoolProperty: unknown FBoneNode bRemoveBone
BoolProperty: unknown FBoneNode bLockBone
BoolProperty: unknown FBoneNode bRemoveBone
BoolProperty: unknown FBoneNode bLockBone
BoolProperty: unknown FBoneNode bRemoveBone
BoolProperty: unknown FBoneNode bLockBone
BoolProperty: unknown FBoneNode bRemoveBone
Exporting objects ...
Exporting AnimSequence4 Direwolf-Torpid-Out-Tamed to C:/Users/Nez/Desktop/GitHub/Ark-Survival-Returns/.work/exports/actorx/PrimalEarth/Dinos/Direwolf/Animations/Direwolf-Torpid-Out-Tamed.psa
Memory: allocated 795392 bytes in 578 blocks
Loading AnimSequence4 Direwolf-Torpid-Out-Wild from package PrimalEarth/Dinos/Direwolf/Animations/Direwolf-Torpid-Out-Wild.uasset
FloatProperty: unknown FAnimNotifyEvent DisplayTime
BoolProperty: unknown FAnimNotifyEvent bIgnoreOnDediServer
FloatProperty: unknown FAnimNotifyEvent DisplayTime
BoolProperty: unknown FAnimNotifyEvent bIgnoreOnDediServer
FloatProperty: unknown FAnimNotifyEvent DisplayTime
BoolProperty: unknown FAnimNotifyEvent bIgnoreOnDediServer
FloatProperty: unknown FAnimNotifyEvent DisplayTime
BoolProperty: unknown FAnimNotifyEvent bIgnoreOnDediServer
FloatProperty: unknown FAnimNotifyEvent DisplayTime
BoolProperty: unknown FAnimNotifyEvent bIgnoreOnDediServer
Loading Skeleton Direwolf_Skeleton from package PrimalEarth/Dinos/Direwolf/Direwolf_Skeleton.uasset
BoolProperty: unknown FBoneNode bLockBone
BoolProperty: unknown FBoneNode bRemoveBone
BoolProperty: unknown FBoneNode bLockBone
BoolProperty: unknown FBoneNode bRemoveBone
BoolProperty: unknown FBoneNode bLockBone
BoolProperty: unknown FBoneNode bRemoveBone
BoolProperty: unknown FBoneNode bLockBone
BoolProperty: unknown FBoneNode bRemoveBone
BoolProperty: unknown FBoneNode bLockBone
BoolProperty: unknown FBoneNode bRemoveBone
BoolProperty: unknown FBoneNode bLockBone
BoolProperty: unknown FBoneNode bRemoveBone
BoolProperty: unknown FBoneNode bLockBone
BoolProperty: unknown FBoneNode bRemoveBone
BoolProperty: unknown FBoneNode bLockBone
BoolProperty: unknown FBoneNode bRemoveBone
BoolProperty: unknown FBoneNode bLockBone
BoolProperty: unknown FBoneNode bRemoveBone
BoolProperty: unknown FBoneNode bLockBone
BoolProperty: unknown FBoneNode bRemoveBone
BoolProperty: unknown FBoneNode bLockBone
BoolProperty: unknown FBoneNode bRemoveBone
BoolProperty: unknown FBoneNode bLockBone
BoolProperty: unknown FBoneNode bRemoveBone
BoolProperty: unknown FBoneNode bLockBone
BoolProperty: unknown FBoneNode bRemoveBone
BoolProperty: unknown FBoneNode bLockBone
BoolProperty: unknown FBoneNode bRemoveBone
BoolProperty: unknown FBoneNode bLockBone
BoolProperty: unknown FBoneNode bRemoveBone
BoolProperty: unknown FBoneNode bLockBone
BoolProperty: unknown FBoneNode bRemoveBone
BoolProperty: unknown FBoneNode bLockBone
BoolProperty: unknown FBoneNode bRemoveBone
BoolProperty: unknown FBoneNode bLockBone
BoolProperty: unknown FBoneNode bRemoveBone
BoolProperty: unknown FBoneNode bLockBone
BoolProperty: unknown FBoneNode bRemoveBone
BoolProperty: unknown FBoneNode bLockBone
BoolProperty: unknown FBoneNode bRemoveBone
BoolProperty: unknown FBoneNode bLockBone
BoolProperty: unknown FBoneNode bRemoveBone
BoolProperty: unknown FBoneNode bLockBone
BoolProperty: unknown FBoneNode bRemoveBone
BoolProperty: unknown FBoneNode bLockBone
BoolProperty: unknown FBoneNode bRemoveBone
BoolProperty: unknown FBoneNode bLockBone
BoolProperty: unknown FBoneNode bRemoveBone
BoolProperty: unknown FBoneNode bLockBone
BoolProperty: unknown FBoneNode bRemoveBone
BoolProperty: unknown FBoneNode bLockBone
BoolProperty: unknown FBoneNode bRemoveBone
BoolProperty: unknown FBoneNode bLockBone
BoolProperty: unknown FBoneNode bRemoveBone
BoolProperty: unknown FBoneNode bLockBone
BoolProperty: unknown FBoneNode bRemoveBone
BoolProperty: unknown FBoneNode bLockBone
BoolProperty: unknown FBoneNode bRemoveBone
BoolProperty: unknown FBoneNode bLockBone
BoolProperty: unknown FBoneNode bRemoveBone
BoolProperty: unknown FBoneNode bLockBone
BoolProperty: unknown FBoneNode bRemoveBone
BoolProperty: unknown FBoneNode bLockBone
BoolProperty: unknown FBoneNode bRemoveBone
BoolProperty: unknown FBoneNode bLockBone
BoolProperty: unknown FBoneNode bRemoveBone
BoolProperty: unknown FBoneNode bLockBone
BoolProperty: unknown FBoneNode bRemoveBone
BoolProperty: unknown FBoneNode bLockBone
BoolProperty: unknown FBoneNode bRemoveBone
BoolProperty: unknown FBoneNode bLockBone
BoolProperty: unknown FBoneNode bRemoveBone
BoolProperty: unknown FBoneNode bLockBone
BoolProperty: unknown FBoneNode bRemoveBone
BoolProperty: unknown FBoneNode bLockBone
BoolProperty: unknown FBoneNode bRemoveBone
BoolProperty: unknown FBoneNode bLockBone
BoolProperty: unknown FBoneNode bRemoveBone
BoolProperty: unknown FBoneNode bLockBone
BoolProperty: unknown FBoneNode bRemoveBone
BoolProperty: unknown FBoneNode bLockBone
BoolProperty: unknown FBoneNode bRemoveBone
BoolProperty: unknown FBoneNode bLockBone
BoolProperty: unknown FBoneNode bRemoveBone
BoolProperty: unknown FBoneNode bLockBone
BoolProperty: unknown FBoneNode bRemoveBone
BoolProperty: unknown FBoneNode bLockBone
BoolProperty: unknown FBoneNode bRemoveBone
BoolProperty: unknown FBoneNode bLockBone
BoolProperty: unknown FBoneNode bRemoveBone
BoolProperty: unknown FBoneNode bLockBone
BoolProperty: unknown FBoneNode bRemoveBone
BoolProperty: unknown FBoneNode bLockBone
BoolProperty: unknown FBoneNode bRemoveBone
BoolProperty: unknown FBoneNode bLockBone
BoolProperty: unknown FBoneNode bRemoveBone
BoolProperty: unknown FBoneNode bLockBone
BoolProperty: unknown FBoneNode bRemoveBone
BoolProperty: unknown FBoneNode bLockBone
BoolProperty: unknown FBoneNode bRemoveBone
BoolProperty: unknown FBoneNode bLockBone
BoolProperty: unknown FBoneNode bRemoveBone
BoolProperty: unknown FBoneNode bLockBone
BoolProperty: unknown FBoneNode bRemoveBone
BoolProperty: unknown FBoneNode bLockBone
BoolProperty: unknown FBoneNode bRemoveBone
BoolProperty: unknown FBoneNode bLockBone
BoolProperty: unknown FBoneNode bRemoveBone
BoolProperty: unknown FBoneNode bLockBone
BoolProperty: unknown FBoneNode bRemoveBone
BoolProperty: unknown FBoneNode bLockBone
BoolProperty: unknown FBoneNode bRemoveBone
BoolProperty: unknown FBoneNode bLockBone
BoolProperty: unknown FBoneNode bRemoveBone
BoolProperty: unknown FBoneNode bLockBone
BoolProperty: unknown FBoneNode bRemoveBone
BoolProperty: unknown FBoneNode bLockBone
BoolProperty: unknown FBoneNode bRemoveBone
BoolProperty: unknown FBoneNode bLockBone
BoolProperty: unknown FBoneNode bRemoveBone
BoolProperty: unknown FBoneNode bLockBone
BoolProperty: unknown FBoneNode bRemoveBone
BoolProperty: unknown FBoneNode bLockBone
BoolProperty: unknown FBoneNode bRemoveBone
BoolProperty: unknown FBoneNode bLockBone
BoolProperty: unknown FBoneNode bRemoveBone
BoolProperty: unknown FBoneNode bLockBone
BoolProperty: unknown FBoneNode bRemoveBone
BoolProperty: unknown FBoneNode bLockBone
BoolProperty: unknown FBoneNode bRemoveBone
BoolProperty: unknown FBoneNode bLockBone
BoolProperty: unknown FBoneNode bRemoveBone
BoolProperty: unknown FBoneNode bLockBone
BoolProperty: unknown FBoneNode bRemoveBone
BoolProperty: unknown FBoneNode bLockBone
BoolProperty: unknown FBoneNode bRemoveBone
BoolProperty: unknown FBoneNode bLockBone
BoolProperty: unknown FBoneNode bRemoveBone
BoolProperty: unknown FBoneNode bLockBone
BoolProperty: unknown FBoneNode bRemoveBone
BoolProperty: unknown FBoneNode bLockBone
BoolProperty: unknown FBoneNode bRemoveBone
BoolProperty: unknown FBoneNode bLockBone
BoolProperty: unknown FBoneNode bRemoveBone
BoolProperty: unknown FBoneNode bLockBone
BoolProperty: unknown FBoneNode bRemoveBone
BoolProperty: unknown FBoneNode bLockBone
BoolProperty: unknown FBoneNode bRemoveBone
BoolProperty: unknown FBoneNode bLockBone
BoolProperty: unknown FBoneNode bRemoveBone
BoolProperty: unknown FBoneNode bLockBone
BoolProperty: unknown FBoneNode bRemoveBone
BoolProperty: unknown FBoneNode bLockBone
BoolProperty: unknown FBoneNode bRemoveBone
BoolProperty: unknown FBoneNode bLockBone
BoolProperty: unknown FBoneNode bRemoveBone
BoolProperty: unknown FBoneNode bLockBone
BoolProperty: unknown FBoneNode bRemoveBone
BoolProperty: unknown FBoneNode bLockBone
BoolProperty: unknown FBoneNode bRemoveBone
BoolProperty: unknown FBoneNode bLockBone
BoolProperty: unknown FBoneNode bRemoveBone
BoolProperty: unknown FBoneNode bLockBone
BoolProperty: unknown FBoneNode bRemoveBone
BoolProperty: unknown FBoneNode bLockBone
BoolProperty: unknown FBoneNode bRemoveBone
BoolProperty: unknown FBoneNode bLockBone
BoolProperty: unknown FBoneNode bRemoveBone
BoolProperty: unknown FBoneNode bLockBone
BoolProperty: unknown FBoneNode bRemoveBone
BoolProperty: unknown FBoneNode bLockBone
BoolProperty: unknown FBoneNode bRemoveBone
BoolProperty: unknown FBoneNode bLockBone
BoolProperty: unknown FBoneNode bRemoveBone
BoolProperty: unknown FBoneNode bLockBone
BoolProperty: unknown FBoneNode bRemoveBone
BoolProperty: unknown FBoneNode bLockBone
BoolProperty: unknown FBoneNode bRemoveBone
Exporting objects ...
Exporting AnimSequence4 Direwolf-Torpid-Out-Wild to C:/Users/Nez/Desktop/GitHub/Ark-Survival-Returns/.work/exports/actorx/PrimalEarth/Dinos/Direwolf/Animations/Direwolf-Torpid-Out-Wild.psa
Memory: allocated 807680 bytes in 581 blocks
Exported 34/34 objects in 0.2 sec
