Found 2058 game files (0 skipped) in 79 folders at path "C:/Users/Nez/Desktop/GitHub/Ark-Survival-Returns/.work/normalized"
Scanned game directory in 0.0 sec, 2260 allocs, 0.00 MBytes serialized in 0 calls.
Loading package: Mods/Additions_Pack/Deinosuchus/Dino/Animation/Deinosuchus_Aim_Center.uasset Ver: 404/10 Engine: 0 Names: 43 Exports: 1 Imports: 6 Game: 1000051
Loading package: Mods/Additions_Pack/Deinosuchus/Dino/Animation/Deinosuchus_Aim_Down.uasset Ver: 404/10 Engine: 0 Names: 43 Exports: 1 Imports: 6 Game: 1000051
Loading package: Mods/Additions_Pack/Deinosuchus/Dino/Animation/Deinosuchus_Aim_DownLeft.uasset Ver: 404/10 Engine: 0 Names: 43 Exports: 1 Imports: 6 Game: 1000051
Loading package: Mods/Additions_Pack/Deinosuchus/Dino/Animation/Deinosuchus_Aim_DownRight.uasset Ver: 404/10 Engine: 0 Names: 43 Exports: 1 Imports: 6 Game: 1000051
Loading package: Mods/Additions_Pack/Deinosuchus/Dino/Animation/Deinosuchus_Aim_Left.uasset Ver: 404/10 Engine: 0 Names: 43 Exports: 1 Imports: 6 Game: 1000051
Loading package: Mods/Additions_Pack/Deinosuchus/Dino/Animation/Deinosuchus_Aim_Right.uasset Ver: 404/10 Engine: 0 Names: 43 Exports: 1 Imports: 6 Game: 1000051
Loading package: Mods/Additions_Pack/Deinosuchus/Dino/Animation/Deinosuchus_Aim_Up.uasset Ver: 404/10 Engine: 0 Names: 43 Exports: 1 Imports: 6 Game: 1000051
Loading package: Mods/Additions_Pack/Deinosuchus/Dino/Animation/Deinosuchus_Aim_UpLeft.uasset Ver: 404/10 Engine: 0 Names: 43 Exports: 1 Imports: 6 Game: 1000051
Loading package: Mods/Additions_Pack/Deinosuchus/Dino/Animation/Deinosuchus_Aim_UpRight.uasset Ver: 404/10 Engine: 0 Names: 43 Exports: 1 Imports: 6 Game: 1000051
Loading package: Mods/Additions_Pack/Deinosuchus/Dino/Animation/Deinosuchus_AimOffset.uasset Ver: 404/10 Engine: 0 Names: 49 Exports: 1 Imports: 22 Game: 1000051
Loading package: Mods/Additions_Pack/Deinosuchus/Dino/Animation/Deinosuchus_AimOffset_Deathroll.uasset Ver: 404/10 Engine: 0 Names: 33 Exports: 1 Imports: 6 Game: 1000051
Loading package: Mods/Additions_Pack/Deinosuchus/Dino/Animation/Deinosuchus_Attack_Bellow_Idle.uasset Ver: 404/10 Engine: 0 Names: 43 Exports: 1 Imports: 6 Game: 1000051
Loading package: Mods/Additions_Pack/Deinosuchus/Dino/Animation/Deinosuchus_Attack_Bellow_Idle_Montage.uasset Ver: 404/10 Engine: 0 Names: 55 Exports: 2 Imports: 10 Game: 1000051
Loading package: Mods/Additions_Pack/Deinosuchus/Dino/Animation/Deinosuchus_Attack_Bellow_Moving.uasset Ver: 404/10 Engine: 0 Names: 43 Exports: 1 Imports: 6 Game: 1000051
Loading package: Mods/Additions_Pack/Deinosuchus/Dino/Animation/Deinosuchus_Attack_Bellow_Moving_Montage.uasset Ver: 404/10 Engine: 0 Names: 55 Exports: 2 Imports: 10 Game: 1000051
Loading package: Mods/Additions_Pack/Deinosuchus/Dino/Animation/Deinosuchus_Attack_Bite.uasset Ver: 404/10 Engine: 0 Names: 43 Exports: 1 Imports: 6 Game: 1000051
Loading package: Mods/Additions_Pack/Deinosuchus/Dino/Animation/Deinosuchus_Attack_Bite_Montage.uasset Ver: 404/10 Engine: 0 Names: 62 Exports: 4 Imports: 14 Game: 1000051
Loading package: Mods/Additions_Pack/Deinosuchus/Dino/Animation/Deinosuchus_Attack_Bite_Moving.uasset Ver: 404/10 Engine: 0 Names: 43 Exports: 1 Imports: 6 Game: 1000051
Loading package: Mods/Additions_Pack/Deinosuchus/Dino/Animation/Deinosuchus_Attack_Bite_Moving_Montage.uasset Ver: 404/10 Engine: 0 Names: 62 Exports: 4 Imports: 14 Game: 1000051
Loading package: Mods/Additions_Pack/Deinosuchus/Dino/Animation/Deinosuchus_Attack_Bite_TurnLeft.uasset Ver: 404/10 Engine: 0 Names: 43 Exports: 1 Imports: 6 Game: 1000051
Loading package: Mods/Additions_Pack/Deinosuchus/Dino/Animation/Deinosuchus_Attack_Bite_TurnLeft_Montage.uasset Ver: 404/10 Engine: 0 Names: 66 Exports: 4 Imports: 14 Game: 1000051
Loading package: Mods/Additions_Pack/Deinosuchus/Dino/Animation/Deinosuchus_Attack_Bite_TurnRight.uasset Ver: 404/10 Engine: 0 Names: 43 Exports: 1 Imports: 6 Game: 1000051
Loading package: Mods/Additions_Pack/Deinosuchus/Dino/Animation/Deinosuchus_Attack_Bite_TurnRight_Montage.uasset Ver: 404/10 Engine: 0 Names: 65 Exports: 4 Imports: 14 Game: 1000051
Loading package: Mods/Additions_Pack/Deinosuchus/Dino/Animation/Deinosuchus_Attack_Deathroll.uasset Ver: 404/10 Engine: 0 Names: 48 Exports: 1 Imports: 4 Game: 1000051
Loading package: Mods/Additions_Pack/Deinosuchus/Dino/Animation/Deinosuchus_Attack_Deathroll_Montage.uasset Ver: 404/10 Engine: 0 Names: 65 Exports: 4 Imports: 16 Game: 1000051
Loading package: Mods/Additions_Pack/Deinosuchus/Dino/Animation/Deinosuchus_Attack_Deathroll_Start.uasset Ver: 404/10 Engine: 0 Names: 34 Exports: 1 Imports: 4 Game: 1000051
Loading package: Mods/Additions_Pack/Deinosuchus/Dino/Animation/Deinosuchus_Attack_GigaBite_Charge.uasset Ver: 404/10 Engine: 0 Names: 43 Exports: 1 Imports: 6 Game: 1000051
Loading package: Mods/Additions_Pack/Deinosuchus/Dino/Animation/Deinosuchus_Attack_GigaBite_Charge_Montage.uasset Ver: 404/10 Engine: 0 Names: 73 Exports: 5 Imports: 16 Game: 1000051
Loading package: Mods/Additions_Pack/Deinosuchus/Dino/Animation/Deinosuchus_Attack_GigaBite_FullSnap.uasset Ver: 404/10 Engine: 0 Names: 43 Exports: 1 Imports: 6 Game: 1000051
Loading package: Mods/Additions_Pack/Deinosuchus/Dino/Animation/Deinosuchus_Attack_GigaBite_FullSnap_Montage.uasset Ver: 404/10 Engine: 0 Names: 76 Exports: 5 Imports: 18 Game: 1000051
Loading package: Mods/Additions_Pack/Deinosuchus/Dino/Animation/Deinosuchus_Attack_GigaBite_Hold.uasset Ver: 404/10 Engine: 0 Names: 43 Exports: 1 Imports: 6 Game: 1000051
Loading package: Mods/Additions_Pack/Deinosuchus/Dino/Animation/Deinosuchus_Attack_Hiss.uasset Ver: 404/10 Engine: 0 Names: 43 Exports: 1 Imports: 6 Game: 1000051
Loading package: Mods/Additions_Pack/Deinosuchus/Dino/Animation/Deinosuchus_Attack_Hiss_Montage.uasset Ver: 404/10 Engine: 0 Names: 56 Exports: 2 Imports: 10 Game: 1000051
Loading package: Mods/Additions_Pack/Deinosuchus/Dino/Animation/Deinosuchus_Attack_SwimBite.uasset Ver: 404/10 Engine: 0 Names: 40 Exports: 1 Imports: 6 Game: 1000051
Loading package: Mods/Additions_Pack/Deinosuchus/Dino/Animation/Deinosuchus_Attack_SwimBite_Montage.uasset Ver: 404/10 Engine: 0 Names: 66 Exports: 4 Imports: 14 Game: 1000051
Loading package: Mods/Additions_Pack/Deinosuchus/Dino/Animation/Deinosuchus_Attack_TailWhip_Left.uasset Ver: 404/10 Engine: 0 Names: 34 Exports: 1 Imports: 4 Game: 1000051
Loading package: Mods/Additions_Pack/Deinosuchus/Dino/Animation/Deinosuchus_Attack_TailWhip_Left_Montage.uasset Ver: 404/10 Engine: 0 Names: 74 Exports: 6 Imports: 20 Game: 1000051
Loading package: Mods/Additions_Pack/Deinosuchus/Dino/Animation/Deinosuchus_Attack_TailWhip_Right.uasset Ver: 404/10 Engine: 0 Names: 34 Exports: 1 Imports: 4 Game: 1000051
Loading package: Mods/Additions_Pack/Deinosuchus/Dino/Animation/Deinosuchus_Attack_TailWhip_Right_Montage.uasset Ver: 404/10 Engine: 0 Names: 75 Exports: 6 Imports: 20 Game: 1000051
Loading package: Mods/Additions_Pack/Deinosuchus/Dino/Animation/Deinosuchus_Basking_End.uasset Ver: 404/10 Engine: 0 Names: 43 Exports: 1 Imports: 6 Game: 1000051
Loading package: Mods/Additions_Pack/Deinosuchus/Dino/Animation/Deinosuchus_Basking_End_Montage.uasset Ver: 404/10 Engine: 0 Names: 37 Exports: 1 Imports: 6 Game: 1000051
Loading package: Mods/Additions_Pack/Deinosuchus/Dino/Animation/Deinosuchus_Basking_Idle.uasset Ver: 404/10 Engine: 0 Names: 43 Exports: 1 Imports: 6 Game: 1000051
Loading package: Mods/Additions_Pack/Deinosuchus/Dino/Animation/Deinosuchus_Basking_Montage.uasset Ver: 404/10 Engine: 0 Names: 59 Exports: 2 Imports: 12 Game: 1000051
Loading package: Mods/Additions_Pack/Deinosuchus/Dino/Animation/Deinosuchus_Basking_Start.uasset Ver: 404/10 Engine: 0 Names: 43 Exports: 1 Imports: 6 Game: 1000051
Loading package: Mods/Additions_Pack/Deinosuchus/Dino/Animation/Deinosuchus_Blink.uasset Ver: 404/10 Engine: 0 Names: 43 Exports: 1 Imports: 6 Game: 1000051
Loading package: Mods/Additions_Pack/Deinosuchus/Dino/Animation/Deinosuchus_Charge_FWD.uasset Ver: 404/10 Engine: 0 Names: 51 Exports: 5 Imports: 6 Game: 1000051
Loading package: Mods/Additions_Pack/Deinosuchus/Dino/Animation/Deinosuchus_Charge_LEFT.uasset Ver: 404/10 Engine: 0 Names: 51 Exports: 5 Imports: 6 Game: 1000051
Loading package: Mods/Additions_Pack/Deinosuchus/Dino/Animation/Deinosuchus_Charge_RIGHT.uasset Ver: 404/10 Engine: 0 Names: 51 Exports: 5 Imports: 6 Game: 1000051
Loading package: Mods/Additions_Pack/Deinosuchus/Dino/Animation/Deinosuchus_Eat.uasset Ver: 404/10 Engine: 0 Names: 43 Exports: 1 Imports: 6 Game: 1000051
Loading package: Mods/Additions_Pack/Deinosuchus/Dino/Animation/Deinosuchus_Eat_Montage.uasset Ver: 404/10 Engine: 0 Names: 73 Exports: 9 Imports: 16 Game: 1000051
Loading package: Mods/Additions_Pack/Deinosuchus/Dino/Animation/Deinosuchus_GigaBite_NotMax_Montage.uasset Ver: 404/10 Engine: 0 Names: 64 Exports: 4 Imports: 14 Game: 1000051
Loading package: Mods/Additions_Pack/Deinosuchus/Dino/Animation/Deinosuchus_Idle.uasset Ver: 404/10 Engine: 0 Names: 34 Exports: 1 Imports: 4 Game: 1000051
Loading package: Mods/Additions_Pack/Deinosuchus/Dino/Animation/Deinosuchus_Move_FWD.uasset Ver: 404/10 Engine: 0 Names: 51 Exports: 5 Imports: 6 Game: 1000051
Loading package: Mods/Additions_Pack/Deinosuchus/Dino/Animation/Deinosuchus_Move_Left.uasset Ver: 404/10 Engine: 0 Names: 51 Exports: 5 Imports: 6 Game: 1000051
Loading package: Mods/Additions_Pack/Deinosuchus/Dino/Animation/Deinosuchus_Move_Right.uasset Ver: 404/10 Engine: 0 Names: 51 Exports: 5 Imports: 6 Game: 1000051
Loading package: Mods/Additions_Pack/Deinosuchus/Dino/Animation/Deinosuchus_Move_TurnLeft.uasset Ver: 404/10 Engine: 0 Names: 51 Exports: 5 Imports: 6 Game: 1000051
Loading package: Mods/Additions_Pack/Deinosuchus/Dino/Animation/Deinosuchus_Move_TurnRight.uasset Ver: 404/10 Engine: 0 Names: 51 Exports: 5 Imports: 6 Game: 1000051
Loading package: Mods/Additions_Pack/Deinosuchus/Dino/Animation/Deinosuchus_Swim_Charge_FWD.uasset Ver: 404/10 Engine: 0 Names: 35 Exports: 1 Imports: 4 Game: 1000051
Loading package: Mods/Additions_Pack/Deinosuchus/Dino/Animation/Deinosuchus_Swim_Charge_LEFT.uasset Ver: 404/10 Engine: 0 Names: 35 Exports: 1 Imports: 4 Game: 1000051
Loading package: Mods/Additions_Pack/Deinosuchus/Dino/Animation/Deinosuchus_Swim_Charge_RIGHT.uasset Ver: 404/10 Engine: 0 Names: 35 Exports: 1 Imports: 4 Game: 1000051
Loading package: Mods/Additions_Pack/Deinosuchus/Dino/Animation/Deinosuchus_Swim_Idle.uasset Ver: 404/10 Engine: 0 Names: 35 Exports: 1 Imports: 4 Game: 1000051
Loading package: Mods/Additions_Pack/Deinosuchus/Dino/Animation/Deinosuchus_Swim_Move_FWD.uasset Ver: 404/10 Engine: 0 Names: 61 Exports: 3 Imports: 10 Game: 1000051
Loading package: Mods/Additions_Pack/Deinosuchus/Dino/Animation/Deinosuchus_Swim_Move_LEFT.uasset Ver: 404/10 Engine: 0 Names: 35 Exports: 1 Imports: 4 Game: 1000051
Loading package: Mods/Additions_Pack/Deinosuchus/Dino/Animation/Deinosuchus_Swim_Move_RIGHT.uasset Ver: 404/10 Engine: 0 Names: 35 Exports: 1 Imports: 4 Game: 1000051
Loading package: Mods/Additions_Pack/Deinosuchus/Dino/Animation/Deinosuchus_Torp_In.uasset Ver: 404/10 Engine: 0 Names: 43 Exports: 1 Imports: 6 Game: 1000051
Loading package: Mods/Additions_Pack/Deinosuchus/Dino/Animation/Deinosuchus_Torp_In_Montage.uasset Ver: 404/10 Engine: 0 Names: 71 Exports: 4 Imports: 16 Game: 1000051
Loaded in 0.2 sec, 1351 allocs, 0.25 MBytes serialized in 66 calls.
Loading AnimSequence4 Deinosuchus_Aim_Center from package Mods/Additions_Pack/Deinosuchus/Dino/Animation/Deinosuchus_Aim_Center.uasset
Loading package: Mods/Additions_Pack/Deinosuchus/Dino/Deinosuchus_TLC_Rig_Skeleton.uasset Ver: 404/10 Engine: 0 Names: 120 Exports: 20 Imports: 3 Game: 1000051
Loading AnimSequence4 Deinosuchus_Idle from package Mods/Additions_Pack/Deinosuchus/Dino/Animation/Deinosuchus_Idle.uasset
Loading Skeleton Deinosuchus_TLC_Rig_Skeleton from package Mods/Additions_Pack/Deinosuchus/Dino/Deinosuchus_TLC_Rig_Skeleton.uasset
BoolProperty: unknown FBoneNode bLockBone
BoolProperty: unknown FBoneNode bRemoveBone
BoolProperty: unknown FBoneNode bLockBone
BoolProperty: unknown FBoneNode bRemoveBone
BoolProperty: unknown FBoneNode bLockBone
BoolProperty: unknown FBoneNode bRemoveBone
BoolProperty: unknown FBoneNode bLockBone
BoolProperty: unknown FBoneNode bRemoveBone
BoolProperty: unknown FBoneNode bLockBone
BoolProperty: unknown FBoneNode bRemoveBone
BoolProperty: unknown FBoneNode bLockBone
BoolProperty: unknown FBoneNode bRemoveBone
BoolProperty: unknown FBoneNode bLockBone
BoolProperty: unknown FBoneNode bRemoveBone
BoolProperty: unknown FBoneNode bLockBone
BoolProperty: unknown FBoneNode bRemoveBone
BoolProperty: unknown FBoneNode bLockBone
BoolProperty: unknown FBoneNode bRemoveBone
BoolProperty: unknown FBoneNode bLockBone
BoolProperty: unknown FBoneNode bRemoveBone
BoolProperty: unknown FBoneNode bLockBone
BoolProperty: unknown FBoneNode bRemoveBone
BoolProperty: unknown FBoneNode bLockBone
BoolProperty: unknown FBoneNode bRemoveBone
BoolProperty: unknown FBoneNode bLockBone
BoolProperty: unknown FBoneNode bRemoveBone
BoolProperty: unknown FBoneNode bLockBone
BoolProperty: unknown FBoneNode bRemoveBone
BoolProperty: unknown FBoneNode bLockBone
BoolProperty: unknown FBoneNode bRemoveBone
BoolProperty: unknown FBoneNode bLockBone
BoolProperty: unknown FBoneNode bRemoveBone
BoolProperty: unknown FBoneNode bLockBone
BoolProperty: unknown FBoneNode bRemoveBone
BoolProperty: unknown FBoneNode bLockBone
BoolProperty: unknown FBoneNode bRemoveBone
BoolProperty: unknown FBoneNode bLockBone
BoolProperty: unknown FBoneNode bRemoveBone
BoolProperty: unknown FBoneNode bLockBone
BoolProperty: unknown FBoneNode bRemoveBone
BoolProperty: unknown FBoneNode bLockBone
BoolProperty: unknown FBoneNode bRemoveBone
BoolProperty: unknown FBoneNode bLockBone
BoolProperty: unknown FBoneNode bRemoveBone
BoolProperty: unknown FBoneNode bLockBone
BoolProperty: unknown FBoneNode bRemoveBone
BoolProperty: unknown FBoneNode bLockBone
BoolProperty: unknown FBoneNode bRemoveBone
BoolProperty: unknown FBoneNode bLockBone
BoolProperty: unknown FBoneNode bRemoveBone
BoolProperty: unknown FBoneNode bLockBone
BoolProperty: unknown FBoneNode bRemoveBone
BoolProperty: unknown FBoneNode bLockBone
BoolProperty: unknown FBoneNode bRemoveBone
BoolProperty: unknown FBoneNode bLockBone
BoolProperty: unknown FBoneNode bRemoveBone
BoolProperty: unknown FBoneNode bLockBone
BoolProperty: unknown FBoneNode bRemoveBone
BoolProperty: unknown FBoneNode bLockBone
BoolProperty: unknown FBoneNode bRemoveBone
BoolProperty: unknown FBoneNode bLockBone
BoolProperty: unknown FBoneNode bRemoveBone
BoolProperty: unknown FBoneNode bLockBone
BoolProperty: unknown FBoneNode bRemoveBone
BoolProperty: unknown FBoneNode bLockBone
BoolProperty: unknown FBoneNode bRemoveBone
BoolProperty: unknown FBoneNode bLockBone
BoolProperty: unknown FBoneNode bRemoveBone
BoolProperty: unknown FBoneNode bLockBone
BoolProperty: unknown FBoneNode bRemoveBone
BoolProperty: unknown FBoneNode bLockBone
BoolProperty: unknown FBoneNode bRemoveBone
BoolProperty: unknown FBoneNode bLockBone
BoolProperty: unknown FBoneNode bRemoveBone
BoolProperty: unknown FBoneNode bLockBone
BoolProperty: unknown FBoneNode bRemoveBone
BoolProperty: unknown FBoneNode bLockBone
BoolProperty: unknown FBoneNode bRemoveBone
BoolProperty: unknown FBoneNode bLockBone
BoolProperty: unknown FBoneNode bRemoveBone
BoolProperty: unknown FBoneNode bLockBone
BoolProperty: unknown FBoneNode bRemoveBone
BoolProperty: unknown FBoneNode bLockBone
BoolProperty: unknown FBoneNode bRemoveBone
BoolProperty: unknown FBoneNode bLockBone
BoolProperty: unknown FBoneNode bRemoveBone
BoolProperty: unknown FBoneNode bLockBone
BoolProperty: unknown FBoneNode bRemoveBone
BoolProperty: unknown FBoneNode bLockBone
BoolProperty: unknown FBoneNode bRemoveBone
BoolProperty: unknown FBoneNode bLockBone
BoolProperty: unknown FBoneNode bRemoveBone
BoolProperty: unknown FBoneNode bLockBone
BoolProperty: unknown FBoneNode bRemoveBone
BoolProperty: unknown FBoneNode bLockBone
BoolProperty: unknown FBoneNode bRemoveBone
BoolProperty: unknown FBoneNode bLockBone
BoolProperty: unknown FBoneNode bRemoveBone
BoolProperty: unknown FBoneNode bLockBone
BoolProperty: unknown FBoneNode bRemoveBone
BoolProperty: unknown FBoneNode bLockBone
BoolProperty: unknown FBoneNode bRemoveBone
BoolProperty: unknown FBoneNode bLockBone
BoolProperty: unknown FBoneNode bRemoveBone
BoolProperty: unknown FBoneNode bLockBone
BoolProperty: unknown FBoneNode bRemoveBone
BoolProperty: unknown FBoneNode bLockBone
BoolProperty: unknown FBoneNode bRemoveBone
BoolProperty: unknown FBoneNode bLockBone
BoolProperty: unknown FBoneNode bRemoveBone
BoolProperty: unknown FBoneNode bLockBone
BoolProperty: unknown FBoneNode bRemoveBone
BoolProperty: unknown FBoneNode bLockBone
BoolProperty: unknown FBoneNode bRemoveBone
BoolProperty: unknown FBoneNode bLockBone
BoolProperty: unknown FBoneNode bRemoveBone
BoolProperty: unknown FBoneNode bLockBone
BoolProperty: unknown FBoneNode bRemoveBone
BoolProperty: unknown FBoneNode bLockBone
BoolProperty: unknown FBoneNode bRemoveBone
BoolProperty: unknown FBoneNode bLockBone
BoolProperty: unknown FBoneNode bRemoveBone
BoolProperty: unknown FBoneNode bLockBone
BoolProperty: unknown FBoneNode bRemoveBone
BoolProperty: unknown FBoneNode bLockBone
BoolProperty: unknown FBoneNode bRemoveBone
Exporting objects ...
Exporting AnimSequence4 Deinosuchus_Aim_Center to C:/Users/Nez/Desktop/GitHub/Ark-Survival-Returns/.work/exports/actorx/Mods/Additions_Pack/Deinosuchus/Dino/Animation/Deinosuchus_Aim_Center.psa
Exporting AnimSequence4 Deinosuchus_Idle to C:/Users/Nez/Desktop/GitHub/Ark-Survival-Returns/.work/exports/actorx/Mods/Additions_Pack/Deinosuchus/Dino/Animation/Deinosuchus_Idle.psa
Memory: allocated 547831 bytes in 666 blocks
Loading AnimSequence4 Deinosuchus_Aim_Down from package Mods/Additions_Pack/Deinosuchus/Dino/Animation/Deinosuchus_Aim_Down.uasset
Loading AnimSequence4 Deinosuchus_Idle from package Mods/Additions_Pack/Deinosuchus/Dino/Animation/Deinosuchus_Idle.uasset
Loading Skeleton Deinosuchus_TLC_Rig_Skeleton from package Mods/Additions_Pack/Deinosuchus/Dino/Deinosuchus_TLC_Rig_Skeleton.uasset
BoolProperty: unknown FBoneNode bLockBone
BoolProperty: unknown FBoneNode bRemoveBone
BoolProperty: unknown FBoneNode bLockBone
BoolProperty: unknown FBoneNode bRemoveBone
BoolProperty: unknown FBoneNode bLockBone
BoolProperty: unknown FBoneNode bRemoveBone
BoolProperty: unknown FBoneNode bLockBone
BoolProperty: unknown FBoneNode bRemoveBone
BoolProperty: unknown FBoneNode bLockBone
BoolProperty: unknown FBoneNode bRemoveBone
BoolProperty: unknown FBoneNode bLockBone
BoolProperty: unknown FBoneNode bRemoveBone
BoolProperty: unknown FBoneNode bLockBone
BoolProperty: unknown FBoneNode bRemoveBone
BoolProperty: unknown FBoneNode bLockBone
BoolProperty: unknown FBoneNode bRemoveBone
BoolProperty: unknown FBoneNode bLockBone
BoolProperty: unknown FBoneNode bRemoveBone
BoolProperty: unknown FBoneNode bLockBone
BoolProperty: unknown FBoneNode bRemoveBone
BoolProperty: unknown FBoneNode bLockBone
BoolProperty: unknown FBoneNode bRemoveBone
BoolProperty: unknown FBoneNode bLockBone
BoolProperty: unknown FBoneNode bRemoveBone
BoolProperty: unknown FBoneNode bLockBone
BoolProperty: unknown FBoneNode bRemoveBone
BoolProperty: unknown FBoneNode bLockBone
BoolProperty: unknown FBoneNode bRemoveBone
BoolProperty: unknown FBoneNode bLockBone
BoolProperty: unknown FBoneNode bRemoveBone
BoolProperty: unknown FBoneNode bLockBone
BoolProperty: unknown FBoneNode bRemoveBone
BoolProperty: unknown FBoneNode bLockBone
BoolProperty: unknown FBoneNode bRemoveBone
BoolProperty: unknown FBoneNode bLockBone
BoolProperty: unknown FBoneNode bRemoveBone
BoolProperty: unknown FBoneNode bLockBone
BoolProperty: unknown FBoneNode bRemoveBone
BoolProperty: unknown FBoneNode bLockBone
BoolProperty: unknown FBoneNode bRemoveBone
BoolProperty: unknown FBoneNode bLockBone
BoolProperty: unknown FBoneNode bRemoveBone
BoolProperty: unknown FBoneNode bLockBone
BoolProperty: unknown FBoneNode bRemoveBone
BoolProperty: unknown FBoneNode bLockBone
BoolProperty: unknown FBoneNode bRemoveBone
BoolProperty: unknown FBoneNode bLockBone
BoolProperty: unknown FBoneNode bRemoveBone
BoolProperty: unknown FBoneNode bLockBone
BoolProperty: unknown FBoneNode bRemoveBone
BoolProperty: unknown FBoneNode bLockBone
BoolProperty: unknown FBoneNode bRemoveBone
BoolProperty: unknown FBoneNode bLockBone
BoolProperty: unknown FBoneNode bRemoveBone
BoolProperty: unknown FBoneNode bLockBone
BoolProperty: unknown FBoneNode bRemoveBone
BoolProperty: unknown FBoneNode bLockBone
BoolProperty: unknown FBoneNode bRemoveBone
BoolProperty: unknown FBoneNode bLockBone
BoolProperty: unknown FBoneNode bRemoveBone
BoolProperty: unknown FBoneNode bLockBone
BoolProperty: unknown FBoneNode bRemoveBone
BoolProperty: unknown FBoneNode bLockBone
BoolProperty: unknown FBoneNode bRemoveBone
BoolProperty: unknown FBoneNode bLockBone
BoolProperty: unknown FBoneNode bRemoveBone
BoolProperty: unknown FBoneNode bLockBone
BoolProperty: unknown FBoneNode bRemoveBone
BoolProperty: unknown FBoneNode bLockBone
BoolProperty: unknown FBoneNode bRemoveBone
BoolProperty: unknown FBoneNode bLockBone
BoolProperty: unknown FBoneNode bRemoveBone
BoolProperty: unknown FBoneNode bLockBone
BoolProperty: unknown FBoneNode bRemoveBone
BoolProperty: unknown FBoneNode bLockBone
BoolProperty: unknown FBoneNode bRemoveBone
BoolProperty: unknown FBoneNode bLockBone
BoolProperty: unknown FBoneNode bRemoveBone
BoolProperty: unknown FBoneNode bLockBone
BoolProperty: unknown FBoneNode bRemoveBone
BoolProperty: unknown FBoneNode bLockBone
BoolProperty: unknown FBoneNode bRemoveBone
BoolProperty: unknown FBoneNode bLockBone
BoolProperty: unknown FBoneNode bRemoveBone
BoolProperty: unknown FBoneNode bLockBone
BoolProperty: unknown FBoneNode bRemoveBone
BoolProperty: unknown FBoneNode bLockBone
BoolProperty: unknown FBoneNode bRemoveBone
BoolProperty: unknown FBoneNode bLockBone
BoolProperty: unknown FBoneNode bRemoveBone
BoolProperty: unknown FBoneNode bLockBone
BoolProperty: unknown FBoneNode bRemoveBone
BoolProperty: unknown FBoneNode bLockBone
BoolProperty: unknown FBoneNode bRemoveBone
BoolProperty: unknown FBoneNode bLockBone
BoolProperty: unknown FBoneNode bRemoveBone
BoolProperty: unknown FBoneNode bLockBone
BoolProperty: unknown FBoneNode bRemoveBone
BoolProperty: unknown FBoneNode bLockBone
BoolProperty: unknown FBoneNode bRemoveBone
BoolProperty: unknown FBoneNode bLockBone
BoolProperty: unknown FBoneNode bRemoveBone
BoolProperty: unknown FBoneNode bLockBone
BoolProperty: unknown FBoneNode bRemoveBone
BoolProperty: unknown FBoneNode bLockBone
BoolProperty: unknown FBoneNode bRemoveBone
BoolProperty: unknown FBoneNode bLockBone
BoolProperty: unknown FBoneNode bRemoveBone
BoolProperty: unknown FBoneNode bLockBone
BoolProperty: unknown FBoneNode bRemoveBone
BoolProperty: unknown FBoneNode bLockBone
BoolProperty: unknown FBoneNode bRemoveBone
BoolProperty: unknown FBoneNode bLockBone
BoolProperty: unknown FBoneNode bRemoveBone
BoolProperty: unknown FBoneNode bLockBone
BoolProperty: unknown FBoneNode bRemoveBone
BoolProperty: unknown FBoneNode bLockBone
BoolProperty: unknown FBoneNode bRemoveBone
BoolProperty: unknown FBoneNode bLockBone
BoolProperty: unknown FBoneNode bRemoveBone
BoolProperty: unknown FBoneNode bLockBone
BoolProperty: unknown FBoneNode bRemoveBone
BoolProperty: unknown FBoneNode bLockBone
BoolProperty: unknown FBoneNode bRemoveBone
BoolProperty: unknown FBoneNode bLockBone
BoolProperty: unknown FBoneNode bRemoveBone
Exporting objects ...
Exporting AnimSequence4 Deinosuchus_Aim_Down to C:/Users/Nez/Desktop/GitHub/Ark-Survival-Returns/.work/exports/actorx/Mods/Additions_Pack/Deinosuchus/Dino/Animation/Deinosuchus_Aim_Down.psa
Memory: allocated 560119 bytes in 669 blocks
Loading AnimSequence4 Deinosuchus_Aim_DownLeft from package Mods/Additions_Pack/Deinosuchus/Dino/Animation/Deinosuchus_Aim_DownLeft.uasset
Loading AnimSequence4 Deinosuchus_Idle from package Mods/Additions_Pack/Deinosuchus/Dino/Animation/Deinosuchus_Idle.uasset
Loading Skeleton Deinosuchus_TLC_Rig_Skeleton from package Mods/Additions_Pack/Deinosuchus/Dino/Deinosuchus_TLC_Rig_Skeleton.uasset
BoolProperty: unknown FBoneNode bLockBone
BoolProperty: unknown FBoneNode bRemoveBone
BoolProperty: unknown FBoneNode bLockBone
BoolProperty: unknown FBoneNode bRemoveBone
BoolProperty: unknown FBoneNode bLockBone
BoolProperty: unknown FBoneNode bRemoveBone
BoolProperty: unknown FBoneNode bLockBone
BoolProperty: unknown FBoneNode bRemoveBone
BoolProperty: unknown FBoneNode bLockBone
BoolProperty: unknown FBoneNode bRemoveBone
BoolProperty: unknown FBoneNode bLockBone
BoolProperty: unknown FBoneNode bRemoveBone
BoolProperty: unknown FBoneNode bLockBone
BoolProperty: unknown FBoneNode bRemoveBone
BoolProperty: unknown FBoneNode bLockBone
BoolProperty: unknown FBoneNode bRemoveBone
BoolProperty: unknown FBoneNode bLockBone
BoolProperty: unknown FBoneNode bRemoveBone
BoolProperty: unknown FBoneNode bLockBone
BoolProperty: unknown FBoneNode bRemoveBone
BoolProperty: unknown FBoneNode bLockBone
BoolProperty: unknown FBoneNode bRemoveBone
BoolProperty: unknown FBoneNode bLockBone
BoolProperty: unknown FBoneNode bRemoveBone
BoolProperty: unknown FBoneNode bLockBone
BoolProperty: unknown FBoneNode bRemoveBone
BoolProperty: unknown FBoneNode bLockBone
BoolProperty: unknown FBoneNode bRemoveBone
BoolProperty: unknown FBoneNode bLockBone
BoolProperty: unknown FBoneNode bRemoveBone
BoolProperty: unknown FBoneNode bLockBone
BoolProperty: unknown FBoneNode bRemoveBone
BoolProperty: unknown FBoneNode bLockBone
BoolProperty: unknown FBoneNode bRemoveBone
BoolProperty: unknown FBoneNode bLockBone
BoolProperty: unknown FBoneNode bRemoveBone
BoolProperty: unknown FBoneNode bLockBone
BoolProperty: unknown FBoneNode bRemoveBone
BoolProperty: unknown FBoneNode bLockBone
BoolProperty: unknown FBoneNode bRemoveBone
BoolProperty: unknown FBoneNode bLockBone
BoolProperty: unknown FBoneNode bRemoveBone
BoolProperty: unknown FBoneNode bLockBone
BoolProperty: unknown FBoneNode bRemoveBone
BoolProperty: unknown FBoneNode bLockBone
BoolProperty: unknown FBoneNode bRemoveBone
BoolProperty: unknown FBoneNode bLockBone
BoolProperty: unknown FBoneNode bRemoveBone
BoolProperty: unknown FBoneNode bLockBone
BoolProperty: unknown FBoneNode bRemoveBone
BoolProperty: unknown FBoneNode bLockBone
BoolProperty: unknown FBoneNode bRemoveBone
BoolProperty: unknown FBoneNode bLockBone
BoolProperty: unknown FBoneNode bRemoveBone
BoolProperty: unknown FBoneNode bLockBone
BoolProperty: unknown FBoneNode bRemoveBone
BoolProperty: unknown FBoneNode bLockBone
BoolProperty: unknown FBoneNode bRemoveBone
BoolProperty: unknown FBoneNode bLockBone
BoolProperty: unknown FBoneNode bRemoveBone
BoolProperty: unknown FBoneNode bLockBone
BoolProperty: unknown FBoneNode bRemoveBone
BoolProperty: unknown FBoneNode bLockBone
BoolProperty: unknown FBoneNode bRemoveBone
BoolProperty: unknown FBoneNode bLockBone
BoolProperty: unknown FBoneNode bRemoveBone
BoolProperty: unknown FBoneNode bLockBone
BoolProperty: unknown FBoneNode bRemoveBone
BoolProperty: unknown FBoneNode bLockBone
BoolProperty: unknown FBoneNode bRemoveBone
BoolProperty: unknown FBoneNode bLockBone
BoolProperty: unknown FBoneNode bRemoveBone
BoolProperty: unknown FBoneNode bLockBone
BoolProperty: unknown FBoneNode bRemoveBone
BoolProperty: unknown FBoneNode bLockBone
BoolProperty: unknown FBoneNode bRemoveBone
BoolProperty: unknown FBoneNode bLockBone
BoolProperty: unknown FBoneNode bRemoveBone
BoolProperty: unknown FBoneNode bLockBone
BoolProperty: unknown FBoneNode bRemoveBone
BoolProperty: unknown FBoneNode bLockBone
BoolProperty: unknown FBoneNode bRemoveBone
BoolProperty: unknown FBoneNode bLockBone
BoolProperty: unknown FBoneNode bRemoveBone
BoolProperty: unknown FBoneNode bLockBone
BoolProperty: unknown FBoneNode bRemoveBone
BoolProperty: unknown FBoneNode bLockBone
BoolProperty: unknown FBoneNode bRemoveBone
BoolProperty: unknown FBoneNode bLockBone
BoolProperty: unknown FBoneNode bRemoveBone
BoolProperty: unknown FBoneNode bLockBone
BoolProperty: unknown FBoneNode bRemoveBone
BoolProperty: unknown FBoneNode bLockBone
BoolProperty: unknown FBoneNode bRemoveBone
BoolProperty: unknown FBoneNode bLockBone
BoolProperty: unknown FBoneNode bRemoveBone
BoolProperty: unknown FBoneNode bLockBone
BoolProperty: unknown FBoneNode bRemoveBone
BoolProperty: unknown FBoneNode bLockBone
BoolProperty: unknown FBoneNode bRemoveBone
BoolProperty: unknown FBoneNode bLockBone
BoolProperty: unknown FBoneNode bRemoveBone
BoolProperty: unknown FBoneNode bLockBone
BoolProperty: unknown FBoneNode bRemoveBone
BoolProperty: unknown FBoneNode bLockBone
BoolProperty: unknown FBoneNode bRemoveBone
BoolProperty: unknown FBoneNode bLockBone
BoolProperty: unknown FBoneNode bRemoveBone
BoolProperty: unknown FBoneNode bLockBone
BoolProperty: unknown FBoneNode bRemoveBone
BoolProperty: unknown FBoneNode bLockBone
BoolProperty: unknown FBoneNode bRemoveBone
BoolProperty: unknown FBoneNode bLockBone
BoolProperty: unknown FBoneNode bRemoveBone
BoolProperty: unknown FBoneNode bLockBone
BoolProperty: unknown FBoneNode bRemoveBone
BoolProperty: unknown FBoneNode bLockBone
BoolProperty: unknown FBoneNode bRemoveBone
BoolProperty: unknown FBoneNode bLockBone
BoolProperty: unknown FBoneNode bRemoveBone
BoolProperty: unknown FBoneNode bLockBone
BoolProperty: unknown FBoneNode bRemoveBone
BoolProperty: unknown FBoneNode bLockBone
BoolProperty: unknown FBoneNode bRemoveBone
BoolProperty: unknown FBoneNode bLockBone
BoolProperty: unknown FBoneNode bRemoveBone
Exporting objects ...
Exporting AnimSequence4 Deinosuchus_Aim_DownLeft to C:/Users/Nez/Desktop/GitHub/Ark-Survival-Returns/.work/exports/actorx/Mods/Additions_Pack/Deinosuchus/Dino/Animation/Deinosuchus_Aim_DownLeft.psa
Memory: allocated 572407 bytes in 672 blocks
Loading AnimSequence4 Deinosuchus_Aim_DownRight from package Mods/Additions_Pack/Deinosuchus/Dino/Animation/Deinosuchus_Aim_DownRight.uasset
Loading AnimSequence4 Deinosuchus_Idle from package Mods/Additions_Pack/Deinosuchus/Dino/Animation/Deinosuchus_Idle.uasset
Loading Skeleton Deinosuchus_TLC_Rig_Skeleton from package Mods/Additions_Pack/Deinosuchus/Dino/Deinosuchus_TLC_Rig_Skeleton.uasset
BoolProperty: unknown FBoneNode bLockBone
BoolProperty: unknown FBoneNode bRemoveBone
BoolProperty: unknown FBoneNode bLockBone
BoolProperty: unknown FBoneNode bRemoveBone
BoolProperty: unknown FBoneNode bLockBone
BoolProperty: unknown FBoneNode bRemoveBone
BoolProperty: unknown FBoneNode bLockBone
BoolProperty: unknown FBoneNode bRemoveBone
BoolProperty: unknown FBoneNode bLockBone
BoolProperty: unknown FBoneNode bRemoveBone
BoolProperty: unknown FBoneNode bLockBone
BoolProperty: unknown FBoneNode bRemoveBone
BoolProperty: unknown FBoneNode bLockBone
BoolProperty: unknown FBoneNode bRemoveBone
BoolProperty: unknown FBoneNode bLockBone
BoolProperty: unknown FBoneNode bRemoveBone
BoolProperty: unknown FBoneNode bLockBone
BoolProperty: unknown FBoneNode bRemoveBone
BoolProperty: unknown FBoneNode bLockBone
BoolProperty: unknown FBoneNode bRemoveBone
BoolProperty: unknown FBoneNode bLockBone
BoolProperty: unknown FBoneNode bRemoveBone
BoolProperty: unknown FBoneNode bLockBone
BoolProperty: unknown FBoneNode bRemoveBone
BoolProperty: unknown FBoneNode bLockBone
BoolProperty: unknown FBoneNode bRemoveBone
BoolProperty: unknown FBoneNode bLockBone
BoolProperty: unknown FBoneNode bRemoveBone
BoolProperty: unknown FBoneNode bLockBone
BoolProperty: unknown FBoneNode bRemoveBone
BoolProperty: unknown FBoneNode bLockBone
BoolProperty: unknown FBoneNode bRemoveBone
BoolProperty: unknown FBoneNode bLockBone
BoolProperty: unknown FBoneNode bRemoveBone
BoolProperty: unknown FBoneNode bLockBone
BoolProperty: unknown FBoneNode bRemoveBone
BoolProperty: unknown FBoneNode bLockBone
BoolProperty: unknown FBoneNode bRemoveBone
BoolProperty: unknown FBoneNode bLockBone
BoolProperty: unknown FBoneNode bRemoveBone
BoolProperty: unknown FBoneNode bLockBone
BoolProperty: unknown FBoneNode bRemoveBone
BoolProperty: unknown FBoneNode bLockBone
BoolProperty: unknown FBoneNode bRemoveBone
BoolProperty: unknown FBoneNode bLockBone
BoolProperty: unknown FBoneNode bRemoveBone
BoolProperty: unknown FBoneNode bLockBone
BoolProperty: unknown FBoneNode bRemoveBone
BoolProperty: unknown FBoneNode bLockBone
BoolProperty: unknown FBoneNode bRemoveBone
BoolProperty: unknown FBoneNode bLockBone
BoolProperty: unknown FBoneNode bRemoveBone
BoolProperty: unknown FBoneNode bLockBone
BoolProperty: unknown FBoneNode bRemoveBone
BoolProperty: unknown FBoneNode bLockBone
BoolProperty: unknown FBoneNode bRemoveBone
BoolProperty: unknown FBoneNode bLockBone
BoolProperty: unknown FBoneNode bRemoveBone
BoolProperty: unknown FBoneNode bLockBone
BoolProperty: unknown FBoneNode bRemoveBone
BoolProperty: unknown FBoneNode bLockBone
BoolProperty: unknown FBoneNode bRemoveBone
BoolProperty: unknown FBoneNode bLockBone
BoolProperty: unknown FBoneNode bRemoveBone
BoolProperty: unknown FBoneNode bLockBone
BoolProperty: unknown FBoneNode bRemoveBone
BoolProperty: unknown FBoneNode bLockBone
BoolProperty: unknown FBoneNode bRemoveBone
BoolProperty: unknown FBoneNode bLockBone
BoolProperty: unknown FBoneNode bRemoveBone
BoolProperty: unknown FBoneNode bLockBone
BoolProperty: unknown FBoneNode bRemoveBone
BoolProperty: unknown FBoneNode bLockBone
BoolProperty: unknown FBoneNode bRemoveBone
BoolProperty: unknown FBoneNode bLockBone
BoolProperty: unknown FBoneNode bRemoveBone
BoolProperty: unknown FBoneNode bLockBone
BoolProperty: unknown FBoneNode bRemoveBone
BoolProperty: unknown FBoneNode bLockBone
BoolProperty: unknown FBoneNode bRemoveBone
BoolProperty: unknown FBoneNode bLockBone
BoolProperty: unknown FBoneNode bRemoveBone
BoolProperty: unknown FBoneNode bLockBone
BoolProperty: unknown FBoneNode bRemoveBone
BoolProperty: unknown FBoneNode bLockBone
BoolProperty: unknown FBoneNode bRemoveBone
BoolProperty: unknown FBoneNode bLockBone
BoolProperty: unknown FBoneNode bRemoveBone
BoolProperty: unknown FBoneNode bLockBone
BoolProperty: unknown FBoneNode bRemoveBone
BoolProperty: unknown FBoneNode bLockBone
BoolProperty: unknown FBoneNode bRemoveBone
BoolProperty: unknown FBoneNode bLockBone
BoolProperty: unknown FBoneNode bRemoveBone
BoolProperty: unknown FBoneNode bLockBone
BoolProperty: unknown FBoneNode bRemoveBone
BoolProperty: unknown FBoneNode bLockBone
BoolProperty: unknown FBoneNode bRemoveBone
BoolProperty: unknown FBoneNode bLockBone
BoolProperty: unknown FBoneNode bRemoveBone
BoolProperty: unknown FBoneNode bLockBone
BoolProperty: unknown FBoneNode bRemoveBone
BoolProperty: unknown FBoneNode bLockBone
BoolProperty: unknown FBoneNode bRemoveBone
BoolProperty: unknown FBoneNode bLockBone
BoolProperty: unknown FBoneNode bRemoveBone
BoolProperty: unknown FBoneNode bLockBone
BoolProperty: unknown FBoneNode bRemoveBone
BoolProperty: unknown FBoneNode bLockBone
BoolProperty: unknown FBoneNode bRemoveBone
BoolProperty: unknown FBoneNode bLockBone
BoolProperty: unknown FBoneNode bRemoveBone
BoolProperty: unknown FBoneNode bLockBone
BoolProperty: unknown FBoneNode bRemoveBone
BoolProperty: unknown FBoneNode bLockBone
BoolProperty: unknown FBoneNode bRemoveBone
BoolProperty: unknown FBoneNode bLockBone
BoolProperty: unknown FBoneNode bRemoveBone
BoolProperty: unknown FBoneNode bLockBone
BoolProperty: unknown FBoneNode bRemoveBone
BoolProperty: unknown FBoneNode bLockBone
BoolProperty: unknown FBoneNode bRemoveBone
BoolProperty: unknown FBoneNode bLockBone
BoolProperty: unknown FBoneNode bRemoveBone
BoolProperty: unknown FBoneNode bLockBone
BoolProperty: unknown FBoneNode bRemoveBone
Exporting objects ...
Exporting AnimSequence4 Deinosuchus_Aim_DownRight to C:/Users/Nez/Desktop/GitHub/Ark-Survival-Returns/.work/exports/actorx/Mods/Additions_Pack/Deinosuchus/Dino/Animation/Deinosuchus_Aim_DownRight.psa
Memory: allocated 584695 bytes in 675 blocks
Loading AnimSequence4 Deinosuchus_Aim_Left from package Mods/Additions_Pack/Deinosuchus/Dino/Animation/Deinosuchus_Aim_Left.uasset
Loading AnimSequence4 Deinosuchus_Idle from package Mods/Additions_Pack/Deinosuchus/Dino/Animation/Deinosuchus_Idle.uasset
Loading Skeleton Deinosuchus_TLC_Rig_Skeleton from package Mods/Additions_Pack/Deinosuchus/Dino/Deinosuchus_TLC_Rig_Skeleton.uasset
BoolProperty: unknown FBoneNode bLockBone
BoolProperty: unknown FBoneNode bRemoveBone
BoolProperty: unknown FBoneNode bLockBone
BoolProperty: unknown FBoneNode bRemoveBone
BoolProperty: unknown FBoneNode bLockBone
BoolProperty: unknown FBoneNode bRemoveBone
BoolProperty: unknown FBoneNode bLockBone
BoolProperty: unknown FBoneNode bRemoveBone
BoolProperty: unknown FBoneNode bLockBone
BoolProperty: unknown FBoneNode bRemoveBone
BoolProperty: unknown FBoneNode bLockBone
BoolProperty: unknown FBoneNode bRemoveBone
BoolProperty: unknown FBoneNode bLockBone
BoolProperty: unknown FBoneNode bRemoveBone
BoolProperty: unknown FBoneNode bLockBone
BoolProperty: unknown FBoneNode bRemoveBone
BoolProperty: unknown FBoneNode bLockBone
BoolProperty: unknown FBoneNode bRemoveBone
BoolProperty: unknown FBoneNode bLockBone
BoolProperty: unknown FBoneNode bRemoveBone
BoolProperty: unknown FBoneNode bLockBone
BoolProperty: unknown FBoneNode bRemoveBone
BoolProperty: unknown FBoneNode bLockBone
BoolProperty: unknown FBoneNode bRemoveBone
BoolProperty: unknown FBoneNode bLockBone
BoolProperty: unknown FBoneNode bRemoveBone
BoolProperty: unknown FBoneNode bLockBone
BoolProperty: unknown FBoneNode bRemoveBone
BoolProperty: unknown FBoneNode bLockBone
BoolProperty: unknown FBoneNode bRemoveBone
BoolProperty: unknown FBoneNode bLockBone
BoolProperty: unknown FBoneNode bRemoveBone
BoolProperty: unknown FBoneNode bLockBone
BoolProperty: unknown FBoneNode bRemoveBone
BoolProperty: unknown FBoneNode bLockBone
BoolProperty: unknown FBoneNode bRemoveBone
BoolProperty: unknown FBoneNode bLockBone
BoolProperty: unknown FBoneNode bRemoveBone
BoolProperty: unknown FBoneNode bLockBone
BoolProperty: unknown FBoneNode bRemoveBone
BoolProperty: unknown FBoneNode bLockBone
BoolProperty: unknown FBoneNode bRemoveBone
BoolProperty: unknown FBoneNode bLockBone
BoolProperty: unknown FBoneNode bRemoveBone
BoolProperty: unknown FBoneNode bLockBone
BoolProperty: unknown FBoneNode bRemoveBone
BoolProperty: unknown FBoneNode bLockBone
BoolProperty: unknown FBoneNode bRemoveBone
BoolProperty: unknown FBoneNode bLockBone
BoolProperty: unknown FBoneNode bRemoveBone
BoolProperty: unknown FBoneNode bLockBone
BoolProperty: unknown FBoneNode bRemoveBone
BoolProperty: unknown FBoneNode bLockBone
BoolProperty: unknown FBoneNode bRemoveBone
BoolProperty: unknown FBoneNode bLockBone
BoolProperty: unknown FBoneNode bRemoveBone
BoolProperty: unknown FBoneNode bLockBone
BoolProperty: unknown FBoneNode bRemoveBone
BoolProperty: unknown FBoneNode bLockBone
BoolProperty: unknown FBoneNode bRemoveBone
BoolProperty: unknown FBoneNode bLockBone
BoolProperty: unknown FBoneNode bRemoveBone
BoolProperty: unknown FBoneNode bLockBone
BoolProperty: unknown FBoneNode bRemoveBone
BoolProperty: unknown FBoneNode bLockBone
BoolProperty: unknown FBoneNode bRemoveBone
BoolProperty: unknown FBoneNode bLockBone
BoolProperty: unknown FBoneNode bRemoveBone
BoolProperty: unknown FBoneNode bLockBone
BoolProperty: unknown FBoneNode bRemoveBone
BoolProperty: unknown FBoneNode bLockBone
BoolProperty: unknown FBoneNode bRemoveBone
BoolProperty: unknown FBoneNode bLockBone
BoolProperty: unknown FBoneNode bRemoveBone
BoolProperty: unknown FBoneNode bLockBone
BoolProperty: unknown FBoneNode bRemoveBone
BoolProperty: unknown FBoneNode bLockBone
BoolProperty: unknown FBoneNode bRemoveBone
BoolProperty: unknown FBoneNode bLockBone
BoolProperty: unknown FBoneNode bRemoveBone
BoolProperty: unknown FBoneNode bLockBone
BoolProperty: unknown FBoneNode bRemoveBone
BoolProperty: unknown FBoneNode bLockBone
BoolProperty: unknown FBoneNode bRemoveBone
BoolProperty: unknown FBoneNode bLockBone
BoolProperty: unknown FBoneNode bRemoveBone
BoolProperty: unknown FBoneNode bLockBone
BoolProperty: unknown FBoneNode bRemoveBone
BoolProperty: unknown FBoneNode bLockBone
BoolProperty: unknown FBoneNode bRemoveBone
BoolProperty: unknown FBoneNode bLockBone
BoolProperty: unknown FBoneNode bRemoveBone
BoolProperty: unknown FBoneNode bLockBone
BoolProperty: unknown FBoneNode bRemoveBone
BoolProperty: unknown FBoneNode bLockBone
BoolProperty: unknown FBoneNode bRemoveBone
BoolProperty: unknown FBoneNode bLockBone
BoolProperty: unknown FBoneNode bRemoveBone
BoolProperty: unknown FBoneNode bLockBone
BoolProperty: unknown FBoneNode bRemoveBone
BoolProperty: unknown FBoneNode bLockBone
BoolProperty: unknown FBoneNode bRemoveBone
BoolProperty: unknown FBoneNode bLockBone
BoolProperty: unknown FBoneNode bRemoveBone
BoolProperty: unknown FBoneNode bLockBone
BoolProperty: unknown FBoneNode bRemoveBone
BoolProperty: unknown FBoneNode bLockBone
BoolProperty: unknown FBoneNode bRemoveBone
BoolProperty: unknown FBoneNode bLockBone
BoolProperty: unknown FBoneNode bRemoveBone
BoolProperty: unknown FBoneNode bLockBone
BoolProperty: unknown FBoneNode bRemoveBone
BoolProperty: unknown FBoneNode bLockBone
BoolProperty: unknown FBoneNode bRemoveBone
BoolProperty: unknown FBoneNode bLockBone
BoolProperty: unknown FBoneNode bRemoveBone
BoolProperty: unknown FBoneNode bLockBone
BoolProperty: unknown FBoneNode bRemoveBone
BoolProperty: unknown FBoneNode bLockBone
BoolProperty: unknown FBoneNode bRemoveBone
BoolProperty: unknown FBoneNode bLockBone
BoolProperty: unknown FBoneNode bRemoveBone
BoolProperty: unknown FBoneNode bLockBone
BoolProperty: unknown FBoneNode bRemoveBone
BoolProperty: unknown FBoneNode bLockBone
BoolProperty: unknown FBoneNode bRemoveBone
Exporting objects ...
Exporting AnimSequence4 Deinosuchus_Aim_Left to C:/Users/Nez/Desktop/GitHub/Ark-Survival-Returns/.work/exports/actorx/Mods/Additions_Pack/Deinosuchus/Dino/Animation/Deinosuchus_Aim_Left.psa
Memory: allocated 596983 bytes in 678 blocks
Loading AnimSequence4 Deinosuchus_Aim_Right from package Mods/Additions_Pack/Deinosuchus/Dino/Animation/Deinosuchus_Aim_Right.uasset
Loading AnimSequence4 Deinosuchus_Idle from package Mods/Additions_Pack/Deinosuchus/Dino/Animation/Deinosuchus_Idle.uasset
Loading Skeleton Deinosuchus_TLC_Rig_Skeleton from package Mods/Additions_Pack/Deinosuchus/Dino/Deinosuchus_TLC_Rig_Skeleton.uasset
BoolProperty: unknown FBoneNode bLockBone
BoolProperty: unknown FBoneNode bRemoveBone
BoolProperty: unknown FBoneNode bLockBone
BoolProperty: unknown FBoneNode bRemoveBone
BoolProperty: unknown FBoneNode bLockBone
BoolProperty: unknown FBoneNode bRemoveBone
BoolProperty: unknown FBoneNode bLockBone
BoolProperty: unknown FBoneNode bRemoveBone
BoolProperty: unknown FBoneNode bLockBone
BoolProperty: unknown FBoneNode bRemoveBone
BoolProperty: unknown FBoneNode bLockBone
BoolProperty: unknown FBoneNode bRemoveBone
BoolProperty: unknown FBoneNode bLockBone
BoolProperty: unknown FBoneNode bRemoveBone
BoolProperty: unknown FBoneNode bLockBone
BoolProperty: unknown FBoneNode bRemoveBone
BoolProperty: unknown FBoneNode bLockBone
BoolProperty: unknown FBoneNode bRemoveBone
BoolProperty: unknown FBoneNode bLockBone
BoolProperty: unknown FBoneNode bRemoveBone
BoolProperty: unknown FBoneNode bLockBone
BoolProperty: unknown FBoneNode bRemoveBone
BoolProperty: unknown FBoneNode bLockBone
BoolProperty: unknown FBoneNode bRemoveBone
BoolProperty: unknown FBoneNode bLockBone
BoolProperty: unknown FBoneNode bRemoveBone
BoolProperty: unknown FBoneNode bLockBone
BoolProperty: unknown FBoneNode bRemoveBone
BoolProperty: unknown FBoneNode bLockBone
BoolProperty: unknown FBoneNode bRemoveBone
BoolProperty: unknown FBoneNode bLockBone
BoolProperty: unknown FBoneNode bRemoveBone
BoolProperty: unknown FBoneNode bLockBone
BoolProperty: unknown FBoneNode bRemoveBone
BoolProperty: unknown FBoneNode bLockBone
BoolProperty: unknown FBoneNode bRemoveBone
BoolProperty: unknown FBoneNode bLockBone
BoolProperty: unknown FBoneNode bRemoveBone
BoolProperty: unknown FBoneNode bLockBone
BoolProperty: unknown FBoneNode bRemoveBone
BoolProperty: unknown FBoneNode bLockBone
BoolProperty: unknown FBoneNode bRemoveBone
BoolProperty: unknown FBoneNode bLockBone
BoolProperty: unknown FBoneNode bRemoveBone
BoolProperty: unknown FBoneNode bLockBone
BoolProperty: unknown FBoneNode bRemoveBone
BoolProperty: unknown FBoneNode bLockBone
BoolProperty: unknown FBoneNode bRemoveBone
BoolProperty: unknown FBoneNode bLockBone
BoolProperty: unknown FBoneNode bRemoveBone
BoolProperty: unknown FBoneNode bLockBone
BoolProperty: unknown FBoneNode bRemoveBone
BoolProperty: unknown FBoneNode bLockBone
BoolProperty: unknown FBoneNode bRemoveBone
BoolProperty: unknown FBoneNode bLockBone
BoolProperty: unknown FBoneNode bRemoveBone
BoolProperty: unknown FBoneNode bLockBone
BoolProperty: unknown FBoneNode bRemoveBone
BoolProperty: unknown FBoneNode bLockBone
BoolProperty: unknown FBoneNode bRemoveBone
BoolProperty: unknown FBoneNode bLockBone
BoolProperty: unknown FBoneNode bRemoveBone
BoolProperty: unknown FBoneNode bLockBone
BoolProperty: unknown FBoneNode bRemoveBone
BoolProperty: unknown FBoneNode bLockBone
BoolProperty: unknown FBoneNode bRemoveBone
BoolProperty: unknown FBoneNode bLockBone
BoolProperty: unknown FBoneNode bRemoveBone
BoolProperty: unknown FBoneNode bLockBone
BoolProperty: unknown FBoneNode bRemoveBone
BoolProperty: unknown FBoneNode bLockBone
BoolProperty: unknown FBoneNode bRemoveBone
BoolProperty: unknown FBoneNode bLockBone
BoolProperty: unknown FBoneNode bRemoveBone
BoolProperty: unknown FBoneNode bLockBone
BoolProperty: unknown FBoneNode bRemoveBone
BoolProperty: unknown FBoneNode bLockBone
BoolProperty: unknown FBoneNode bRemoveBone
BoolProperty: unknown FBoneNode bLockBone
BoolProperty: unknown FBoneNode bRemoveBone
BoolProperty: unknown FBoneNode bLockBone
BoolProperty: unknown FBoneNode bRemoveBone
BoolProperty: unknown FBoneNode bLockBone
BoolProperty: unknown FBoneNode bRemoveBone
BoolProperty: unknown FBoneNode bLockBone
BoolProperty: unknown FBoneNode bRemoveBone
BoolProperty: unknown FBoneNode bLockBone
BoolProperty: unknown FBoneNode bRemoveBone
BoolProperty: unknown FBoneNode bLockBone
BoolProperty: unknown FBoneNode bRemoveBone
BoolProperty: unknown FBoneNode bLockBone
BoolProperty: unknown FBoneNode bRemoveBone
BoolProperty: unknown FBoneNode bLockBone
BoolProperty: unknown FBoneNode bRemoveBone
BoolProperty: unknown FBoneNode bLockBone
BoolProperty: unknown FBoneNode bRemoveBone
BoolProperty: unknown FBoneNode bLockBone
BoolProperty: unknown FBoneNode bRemoveBone
BoolProperty: unknown FBoneNode bLockBone
BoolProperty: unknown FBoneNode bRemoveBone
BoolProperty: unknown FBoneNode bLockBone
BoolProperty: unknown FBoneNode bRemoveBone
BoolProperty: unknown FBoneNode bLockBone
BoolProperty: unknown FBoneNode bRemoveBone
BoolProperty: unknown FBoneNode bLockBone
BoolProperty: unknown FBoneNode bRemoveBone
BoolProperty: unknown FBoneNode bLockBone
BoolProperty: unknown FBoneNode bRemoveBone
BoolProperty: unknown FBoneNode bLockBone
BoolProperty: unknown FBoneNode bRemoveBone
BoolProperty: unknown FBoneNode bLockBone
BoolProperty: unknown FBoneNode bRemoveBone
BoolProperty: unknown FBoneNode bLockBone
BoolProperty: unknown FBoneNode bRemoveBone
BoolProperty: unknown FBoneNode bLockBone
BoolProperty: unknown FBoneNode bRemoveBone
BoolProperty: unknown FBoneNode bLockBone
BoolProperty: unknown FBoneNode bRemoveBone
BoolProperty: unknown FBoneNode bLockBone
BoolProperty: unknown FBoneNode bRemoveBone
BoolProperty: unknown FBoneNode bLockBone
BoolProperty: unknown FBoneNode bRemoveBone
BoolProperty: unknown FBoneNode bLockBone
BoolProperty: unknown FBoneNode bRemoveBone
BoolProperty: unknown FBoneNode bLockBone
BoolProperty: unknown FBoneNode bRemoveBone
Exporting objects ...
Exporting AnimSequence4 Deinosuchus_Aim_Right to C:/Users/Nez/Desktop/GitHub/Ark-Survival-Returns/.work/exports/actorx/Mods/Additions_Pack/Deinosuchus/Dino/Animation/Deinosuchus_Aim_Right.psa
Memory: allocated 609271 bytes in 681 blocks
Loading AnimSequence4 Deinosuchus_Aim_Up from package Mods/Additions_Pack/Deinosuchus/Dino/Animation/Deinosuchus_Aim_Up.uasset
Loading AnimSequence4 Deinosuchus_Idle from package Mods/Additions_Pack/Deinosuchus/Dino/Animation/Deinosuchus_Idle.uasset
Loading Skeleton Deinosuchus_TLC_Rig_Skeleton from package Mods/Additions_Pack/Deinosuchus/Dino/Deinosuchus_TLC_Rig_Skeleton.uasset
BoolProperty: unknown FBoneNode bLockBone
BoolProperty: unknown FBoneNode bRemoveBone
BoolProperty: unknown FBoneNode bLockBone
BoolProperty: unknown FBoneNode bRemoveBone
BoolProperty: unknown FBoneNode bLockBone
BoolProperty: unknown FBoneNode bRemoveBone
BoolProperty: unknown FBoneNode bLockBone
BoolProperty: unknown FBoneNode bRemoveBone
BoolProperty: unknown FBoneNode bLockBone
BoolProperty: unknown FBoneNode bRemoveBone
BoolProperty: unknown FBoneNode bLockBone
BoolProperty: unknown FBoneNode bRemoveBone
BoolProperty: unknown FBoneNode bLockBone
BoolProperty: unknown FBoneNode bRemoveBone
BoolProperty: unknown FBoneNode bLockBone
BoolProperty: unknown FBoneNode bRemoveBone
BoolProperty: unknown FBoneNode bLockBone
BoolProperty: unknown FBoneNode bRemoveBone
BoolProperty: unknown FBoneNode bLockBone
BoolProperty: unknown FBoneNode bRemoveBone
BoolProperty: unknown FBoneNode bLockBone
BoolProperty: unknown FBoneNode bRemoveBone
BoolProperty: unknown FBoneNode bLockBone
BoolProperty: unknown FBoneNode bRemoveBone
BoolProperty: unknown FBoneNode bLockBone
BoolProperty: unknown FBoneNode bRemoveBone
BoolProperty: unknown FBoneNode bLockBone
BoolProperty: unknown FBoneNode bRemoveBone
BoolProperty: unknown FBoneNode bLockBone
BoolProperty: unknown FBoneNode bRemoveBone
BoolProperty: unknown FBoneNode bLockBone
BoolProperty: unknown FBoneNode bRemoveBone
BoolProperty: unknown FBoneNode bLockBone
BoolProperty: unknown FBoneNode bRemoveBone
BoolProperty: unknown FBoneNode bLockBone
BoolProperty: unknown FBoneNode bRemoveBone
BoolProperty: unknown FBoneNode bLockBone
BoolProperty: unknown FBoneNode bRemoveBone
BoolProperty: unknown FBoneNode bLockBone
BoolProperty: unknown FBoneNode bRemoveBone
BoolProperty: unknown FBoneNode bLockBone
BoolProperty: unknown FBoneNode bRemoveBone
BoolProperty: unknown FBoneNode bLockBone
BoolProperty: unknown FBoneNode bRemoveBone
BoolProperty: unknown FBoneNode bLockBone
BoolProperty: unknown FBoneNode bRemoveBone
BoolProperty: unknown FBoneNode bLockBone
BoolProperty: unknown FBoneNode bRemoveBone
BoolProperty: unknown FBoneNode bLockBone
BoolProperty: unknown FBoneNode bRemoveBone
BoolProperty: unknown FBoneNode bLockBone
BoolProperty: unknown FBoneNode bRemoveBone
BoolProperty: unknown FBoneNode bLockBone
BoolProperty: unknown FBoneNode bRemoveBone
BoolProperty: unknown FBoneNode bLockBone
BoolProperty: unknown FBoneNode bRemoveBone
BoolProperty: unknown FBoneNode bLockBone
BoolProperty: unknown FBoneNode bRemoveBone
BoolProperty: unknown FBoneNode bLockBone
BoolProperty: unknown FBoneNode bRemoveBone
BoolProperty: unknown FBoneNode bLockBone
BoolProperty: unknown FBoneNode bRemoveBone
BoolProperty: unknown FBoneNode bLockBone
BoolProperty: unknown FBoneNode bRemoveBone
BoolProperty: unknown FBoneNode bLockBone
BoolProperty: unknown FBoneNode bRemoveBone
BoolProperty: unknown FBoneNode bLockBone
BoolProperty: unknown FBoneNode bRemoveBone
BoolProperty: unknown FBoneNode bLockBone
BoolProperty: unknown FBoneNode bRemoveBone
BoolProperty: unknown FBoneNode bLockBone
BoolProperty: unknown FBoneNode bRemoveBone
BoolProperty: unknown FBoneNode bLockBone
BoolProperty: unknown FBoneNode bRemoveBone
BoolProperty: unknown FBoneNode bLockBone
BoolProperty: unknown FBoneNode bRemoveBone
BoolProperty: unknown FBoneNode bLockBone
BoolProperty: unknown FBoneNode bRemoveBone
BoolProperty: unknown FBoneNode bLockBone
BoolProperty: unknown FBoneNode bRemoveBone
BoolProperty: unknown FBoneNode bLockBone
BoolProperty: unknown FBoneNode bRemoveBone
BoolProperty: unknown FBoneNode bLockBone
BoolProperty: unknown FBoneNode bRemoveBone
BoolProperty: unknown FBoneNode bLockBone
BoolProperty: unknown FBoneNode bRemoveBone
BoolProperty: unknown FBoneNode bLockBone
BoolProperty: unknown FBoneNode bRemoveBone
BoolProperty: unknown FBoneNode bLockBone
BoolProperty: unknown FBoneNode bRemoveBone
BoolProperty: unknown FBoneNode bLockBone
BoolProperty: unknown FBoneNode bRemoveBone
BoolProperty: unknown FBoneNode bLockBone
BoolProperty: unknown FBoneNode bRemoveBone
BoolProperty: unknown FBoneNode bLockBone
BoolProperty: unknown FBoneNode bRemoveBone
BoolProperty: unknown FBoneNode bLockBone
BoolProperty: unknown FBoneNode bRemoveBone
BoolProperty: unknown FBoneNode bLockBone
BoolProperty: unknown FBoneNode bRemoveBone
BoolProperty: unknown FBoneNode bLockBone
BoolProperty: unknown FBoneNode bRemoveBone
BoolProperty: unknown FBoneNode bLockBone
BoolProperty: unknown FBoneNode bRemoveBone
BoolProperty: unknown FBoneNode bLockBone
BoolProperty: unknown FBoneNode bRemoveBone
BoolProperty: unknown FBoneNode bLockBone
BoolProperty: unknown FBoneNode bRemoveBone
BoolProperty: unknown FBoneNode bLockBone
BoolProperty: unknown FBoneNode bRemoveBone
BoolProperty: unknown FBoneNode bLockBone
BoolProperty: unknown FBoneNode bRemoveBone
BoolProperty: unknown FBoneNode bLockBone
BoolProperty: unknown FBoneNode bRemoveBone
BoolProperty: unknown FBoneNode bLockBone
BoolProperty: unknown FBoneNode bRemoveBone
BoolProperty: unknown FBoneNode bLockBone
BoolProperty: unknown FBoneNode bRemoveBone
BoolProperty: unknown FBoneNode bLockBone
BoolProperty: unknown FBoneNode bRemoveBone
BoolProperty: unknown FBoneNode bLockBone
BoolProperty: unknown FBoneNode bRemoveBone
BoolProperty: unknown FBoneNode bLockBone
BoolProperty: unknown FBoneNode bRemoveBone
BoolProperty: unknown FBoneNode bLockBone
BoolProperty: unknown FBoneNode bRemoveBone
Exporting objects ...
Exporting AnimSequence4 Deinosuchus_Aim_Up to C:/Users/Nez/Desktop/GitHub/Ark-Survival-Returns/.work/exports/actorx/Mods/Additions_Pack/Deinosuchus/Dino/Animation/Deinosuchus_Aim_Up.psa
Memory: allocated 621559 bytes in 684 blocks
Loading AnimSequence4 Deinosuchus_Aim_UpLeft from package Mods/Additions_Pack/Deinosuchus/Dino/Animation/Deinosuchus_Aim_UpLeft.uasset
Loading AnimSequence4 Deinosuchus_Idle from package Mods/Additions_Pack/Deinosuchus/Dino/Animation/Deinosuchus_Idle.uasset
Loading Skeleton Deinosuchus_TLC_Rig_Skeleton from package Mods/Additions_Pack/Deinosuchus/Dino/Deinosuchus_TLC_Rig_Skeleton.uasset
BoolProperty: unknown FBoneNode bLockBone
BoolProperty: unknown FBoneNode bRemoveBone
BoolProperty: unknown FBoneNode bLockBone
BoolProperty: unknown FBoneNode bRemoveBone
BoolProperty: unknown FBoneNode bLockBone
BoolProperty: unknown FBoneNode bRemoveBone
BoolProperty: unknown FBoneNode bLockBone
BoolProperty: unknown FBoneNode bRemoveBone
BoolProperty: unknown FBoneNode bLockBone
BoolProperty: unknown FBoneNode bRemoveBone
BoolProperty: unknown FBoneNode bLockBone
BoolProperty: unknown FBoneNode bRemoveBone
BoolProperty: unknown FBoneNode bLockBone
BoolProperty: unknown FBoneNode bRemoveBone
BoolProperty: unknown FBoneNode bLockBone
BoolProperty: unknown FBoneNode bRemoveBone
BoolProperty: unknown FBoneNode bLockBone
BoolProperty: unknown FBoneNode bRemoveBone
BoolProperty: unknown FBoneNode bLockBone
BoolProperty: unknown FBoneNode bRemoveBone
BoolProperty: unknown FBoneNode bLockBone
BoolProperty: unknown FBoneNode bRemoveBone
BoolProperty: unknown FBoneNode bLockBone
BoolProperty: unknown FBoneNode bRemoveBone
BoolProperty: unknown FBoneNode bLockBone
BoolProperty: unknown FBoneNode bRemoveBone
BoolProperty: unknown FBoneNode bLockBone
BoolProperty: unknown FBoneNode bRemoveBone
BoolProperty: unknown FBoneNode bLockBone
BoolProperty: unknown FBoneNode bRemoveBone
BoolProperty: unknown FBoneNode bLockBone
BoolProperty: unknown FBoneNode bRemoveBone
BoolProperty: unknown FBoneNode bLockBone
BoolProperty: unknown FBoneNode bRemoveBone
BoolProperty: unknown FBoneNode bLockBone
BoolProperty: unknown FBoneNode bRemoveBone
BoolProperty: unknown FBoneNode bLockBone
BoolProperty: unknown FBoneNode bRemoveBone
BoolProperty: unknown FBoneNode bLockBone
BoolProperty: unknown FBoneNode bRemoveBone
BoolProperty: unknown FBoneNode bLockBone
BoolProperty: unknown FBoneNode bRemoveBone
BoolProperty: unknown FBoneNode bLockBone
BoolProperty: unknown FBoneNode bRemoveBone
BoolProperty: unknown FBoneNode bLockBone
BoolProperty: unknown FBoneNode bRemoveBone
BoolProperty: unknown FBoneNode bLockBone
BoolProperty: unknown FBoneNode bRemoveBone
BoolProperty: unknown FBoneNode bLockBone
BoolProperty: unknown FBoneNode bRemoveBone
BoolProperty: unknown FBoneNode bLockBone
BoolProperty: unknown FBoneNode bRemoveBone
BoolProperty: unknown FBoneNode bLockBone
BoolProperty: unknown FBoneNode bRemoveBone
BoolProperty: unknown FBoneNode bLockBone
BoolProperty: unknown FBoneNode bRemoveBone
BoolProperty: unknown FBoneNode bLockBone
BoolProperty: unknown FBoneNode bRemoveBone
BoolProperty: unknown FBoneNode bLockBone
BoolProperty: unknown FBoneNode bRemoveBone
BoolProperty: unknown FBoneNode bLockBone
BoolProperty: unknown FBoneNode bRemoveBone
BoolProperty: unknown FBoneNode bLockBone
BoolProperty: unknown FBoneNode bRemoveBone
BoolProperty: unknown FBoneNode bLockBone
BoolProperty: unknown FBoneNode bRemoveBone
BoolProperty: unknown FBoneNode bLockBone
BoolProperty: unknown FBoneNode bRemoveBone
BoolProperty: unknown FBoneNode bLockBone
BoolProperty: unknown FBoneNode bRemoveBone
BoolProperty: unknown FBoneNode bLockBone
BoolProperty: unknown FBoneNode bRemoveBone
BoolProperty: unknown FBoneNode bLockBone
BoolProperty: unknown FBoneNode bRemoveBone
BoolProperty: unknown FBoneNode bLockBone
BoolProperty: unknown FBoneNode bRemoveBone
BoolProperty: unknown FBoneNode bLockBone
BoolProperty: unknown FBoneNode bRemoveBone
BoolProperty: unknown FBoneNode bLockBone
BoolProperty: unknown FBoneNode bRemoveBone
BoolProperty: unknown FBoneNode bLockBone
BoolProperty: unknown FBoneNode bRemoveBone
BoolProperty: unknown FBoneNode bLockBone
BoolProperty: unknown FBoneNode bRemoveBone
BoolProperty: unknown FBoneNode bLockBone
BoolProperty: unknown FBoneNode bRemoveBone
BoolProperty: unknown FBoneNode bLockBone
BoolProperty: unknown FBoneNode bRemoveBone
BoolProperty: unknown FBoneNode bLockBone
BoolProperty: unknown FBoneNode bRemoveBone
BoolProperty: unknown FBoneNode bLockBone
BoolProperty: unknown FBoneNode bRemoveBone
BoolProperty: unknown FBoneNode bLockBone
BoolProperty: unknown FBoneNode bRemoveBone
BoolProperty: unknown FBoneNode bLockBone
BoolProperty: unknown FBoneNode bRemoveBone
BoolProperty: unknown FBoneNode bLockBone
BoolProperty: unknown FBoneNode bRemoveBone
BoolProperty: unknown FBoneNode bLockBone
BoolProperty: unknown FBoneNode bRemoveBone
BoolProperty: unknown FBoneNode bLockBone
BoolProperty: unknown FBoneNode bRemoveBone
BoolProperty: unknown FBoneNode bLockBone
BoolProperty: unknown FBoneNode bRemoveBone
BoolProperty: unknown FBoneNode bLockBone
BoolProperty: unknown FBoneNode bRemoveBone
BoolProperty: unknown FBoneNode bLockBone
BoolProperty: unknown FBoneNode bRemoveBone
BoolProperty: unknown FBoneNode bLockBone
BoolProperty: unknown FBoneNode bRemoveBone
BoolProperty: unknown FBoneNode bLockBone
BoolProperty: unknown FBoneNode bRemoveBone
BoolProperty: unknown FBoneNode bLockBone
BoolProperty: unknown FBoneNode bRemoveBone
BoolProperty: unknown FBoneNode bLockBone
BoolProperty: unknown FBoneNode bRemoveBone
BoolProperty: unknown FBoneNode bLockBone
BoolProperty: unknown FBoneNode bRemoveBone
BoolProperty: unknown FBoneNode bLockBone
BoolProperty: unknown FBoneNode bRemoveBone
BoolProperty: unknown FBoneNode bLockBone
BoolProperty: unknown FBoneNode bRemoveBone
BoolProperty: unknown FBoneNode bLockBone
BoolProperty: unknown FBoneNode bRemoveBone
BoolProperty: unknown FBoneNode bLockBone
BoolProperty: unknown FBoneNode bRemoveBone
Exporting objects ...
Exporting AnimSequence4 Deinosuchus_Aim_UpLeft to C:/Users/Nez/Desktop/GitHub/Ark-Survival-Returns/.work/exports/actorx/Mods/Additions_Pack/Deinosuchus/Dino/Animation/Deinosuchus_Aim_UpLeft.psa
Memory: allocated 633847 bytes in 687 blocks
Loading AnimSequence4 Deinosuchus_Aim_UpRight from package Mods/Additions_Pack/Deinosuchus/Dino/Animation/Deinosuchus_Aim_UpRight.uasset
Loading AnimSequence4 Deinosuchus_Idle from package Mods/Additions_Pack/Deinosuchus/Dino/Animation/Deinosuchus_Idle.uasset
Loading Skeleton Deinosuchus_TLC_Rig_Skeleton from package Mods/Additions_Pack/Deinosuchus/Dino/Deinosuchus_TLC_Rig_Skeleton.uasset
BoolProperty: unknown FBoneNode bLockBone
BoolProperty: unknown FBoneNode bRemoveBone
BoolProperty: unknown FBoneNode bLockBone
BoolProperty: unknown FBoneNode bRemoveBone
BoolProperty: unknown FBoneNode bLockBone
BoolProperty: unknown FBoneNode bRemoveBone
BoolProperty: unknown FBoneNode bLockBone
BoolProperty: unknown FBoneNode bRemoveBone
BoolProperty: unknown FBoneNode bLockBone
BoolProperty: unknown FBoneNode bRemoveBone
BoolProperty: unknown FBoneNode bLockBone
BoolProperty: unknown FBoneNode bRemoveBone
BoolProperty: unknown FBoneNode bLockBone
BoolProperty: unknown FBoneNode bRemoveBone
BoolProperty: unknown FBoneNode bLockBone
BoolProperty: unknown FBoneNode bRemoveBone
BoolProperty: unknown FBoneNode bLockBone
BoolProperty: unknown FBoneNode bRemoveBone
BoolProperty: unknown FBoneNode bLockBone
BoolProperty: unknown FBoneNode bRemoveBone
BoolProperty: unknown FBoneNode bLockBone
BoolProperty: unknown FBoneNode bRemoveBone
BoolProperty: unknown FBoneNode bLockBone
BoolProperty: unknown FBoneNode bRemoveBone
BoolProperty: unknown FBoneNode bLockBone
BoolProperty: unknown FBoneNode bRemoveBone
BoolProperty: unknown FBoneNode bLockBone
BoolProperty: unknown FBoneNode bRemoveBone
BoolProperty: unknown FBoneNode bLockBone
BoolProperty: unknown FBoneNode bRemoveBone
BoolProperty: unknown FBoneNode bLockBone
BoolProperty: unknown FBoneNode bRemoveBone
BoolProperty: unknown FBoneNode bLockBone
BoolProperty: unknown FBoneNode bRemoveBone
BoolProperty: unknown FBoneNode bLockBone
BoolProperty: unknown FBoneNode bRemoveBone
BoolProperty: unknown FBoneNode bLockBone
BoolProperty: unknown FBoneNode bRemoveBone
BoolProperty: unknown FBoneNode bLockBone
BoolProperty: unknown FBoneNode bRemoveBone
BoolProperty: unknown FBoneNode bLockBone
BoolProperty: unknown FBoneNode bRemoveBone
BoolProperty: unknown FBoneNode bLockBone
BoolProperty: unknown FBoneNode bRemoveBone
BoolProperty: unknown FBoneNode bLockBone
BoolProperty: unknown FBoneNode bRemoveBone
BoolProperty: unknown FBoneNode bLockBone
BoolProperty: unknown FBoneNode bRemoveBone
BoolProperty: unknown FBoneNode bLockBone
BoolProperty: unknown FBoneNode bRemoveBone
BoolProperty: unknown FBoneNode bLockBone
BoolProperty: unknown FBoneNode bRemoveBone
BoolProperty: unknown FBoneNode bLockBone
BoolProperty: unknown FBoneNode bRemoveBone
BoolProperty: unknown FBoneNode bLockBone
BoolProperty: unknown FBoneNode bRemoveBone
BoolProperty: unknown FBoneNode bLockBone
BoolProperty: unknown FBoneNode bRemoveBone
BoolProperty: unknown FBoneNode bLockBone
BoolProperty: unknown FBoneNode bRemoveBone
BoolProperty: unknown FBoneNode bLockBone
BoolProperty: unknown FBoneNode bRemoveBone
BoolProperty: unknown FBoneNode bLockBone
BoolProperty: unknown FBoneNode bRemoveBone
BoolProperty: unknown FBoneNode bLockBone
BoolProperty: unknown FBoneNode bRemoveBone
BoolProperty: unknown FBoneNode bLockBone
BoolProperty: unknown FBoneNode bRemoveBone
BoolProperty: unknown FBoneNode bLockBone
BoolProperty: unknown FBoneNode bRemoveBone
BoolProperty: unknown FBoneNode bLockBone
BoolProperty: unknown FBoneNode bRemoveBone
BoolProperty: unknown FBoneNode bLockBone
BoolProperty: unknown FBoneNode bRemoveBone
BoolProperty: unknown FBoneNode bLockBone
BoolProperty: unknown FBoneNode bRemoveBone
BoolProperty: unknown FBoneNode bLockBone
BoolProperty: unknown FBoneNode bRemoveBone
BoolProperty: unknown FBoneNode bLockBone
BoolProperty: unknown FBoneNode bRemoveBone
BoolProperty: unknown FBoneNode bLockBone
BoolProperty: unknown FBoneNode bRemoveBone
BoolProperty: unknown FBoneNode bLockBone
BoolProperty: unknown FBoneNode bRemoveBone
BoolProperty: unknown FBoneNode bLockBone
BoolProperty: unknown FBoneNode bRemoveBone
BoolProperty: unknown FBoneNode bLockBone
BoolProperty: unknown FBoneNode bRemoveBone
BoolProperty: unknown FBoneNode bLockBone
BoolProperty: unknown FBoneNode bRemoveBone
BoolProperty: unknown FBoneNode bLockBone
BoolProperty: unknown FBoneNode bRemoveBone
BoolProperty: unknown FBoneNode bLockBone
BoolProperty: unknown FBoneNode bRemoveBone
BoolProperty: unknown FBoneNode bLockBone
BoolProperty: unknown FBoneNode bRemoveBone
BoolProperty: unknown FBoneNode bLockBone
BoolProperty: unknown FBoneNode bRemoveBone
BoolProperty: unknown FBoneNode bLockBone
BoolProperty: unknown FBoneNode bRemoveBone
BoolProperty: unknown FBoneNode bLockBone
BoolProperty: unknown FBoneNode bRemoveBone
BoolProperty: unknown FBoneNode bLockBone
BoolProperty: unknown FBoneNode bRemoveBone
BoolProperty: unknown FBoneNode bLockBone
BoolProperty: unknown FBoneNode bRemoveBone
BoolProperty: unknown FBoneNode bLockBone
BoolProperty: unknown FBoneNode bRemoveBone
BoolProperty: unknown FBoneNode bLockBone
BoolProperty: unknown FBoneNode bRemoveBone
BoolProperty: unknown FBoneNode bLockBone
BoolProperty: unknown FBoneNode bRemoveBone
BoolProperty: unknown FBoneNode bLockBone
BoolProperty: unknown FBoneNode bRemoveBone
BoolProperty: unknown FBoneNode bLockBone
BoolProperty: unknown FBoneNode bRemoveBone
BoolProperty: unknown FBoneNode bLockBone
BoolProperty: unknown FBoneNode bRemoveBone
BoolProperty: unknown FBoneNode bLockBone
BoolProperty: unknown FBoneNode bRemoveBone
BoolProperty: unknown FBoneNode bLockBone
BoolProperty: unknown FBoneNode bRemoveBone
BoolProperty: unknown FBoneNode bLockBone
BoolProperty: unknown FBoneNode bRemoveBone
BoolProperty: unknown FBoneNode bLockBone
BoolProperty: unknown FBoneNode bRemoveBone
Exporting objects ...
Exporting AnimSequence4 Deinosuchus_Aim_UpRight to C:/Users/Nez/Desktop/GitHub/Ark-Survival-Returns/.work/exports/actorx/Mods/Additions_Pack/Deinosuchus/Dino/Animation/Deinosuchus_Aim_UpRight.psa
Memory: allocated 646135 bytes in 690 blocks
Loading AnimSequence4 Deinosuchus_Attack_Bellow_Idle from package Mods/Additions_Pack/Deinosuchus/Dino/Animation/Deinosuchus_Attack_Bellow_Idle.uasset
Loading AnimSequence4 Deinosuchus_Idle from package Mods/Additions_Pack/Deinosuchus/Dino/Animation/Deinosuchus_Idle.uasset
Loading Skeleton Deinosuchus_TLC_Rig_Skeleton from package Mods/Additions_Pack/Deinosuchus/Dino/Deinosuchus_TLC_Rig_Skeleton.uasset
BoolProperty: unknown FBoneNode bLockBone
BoolProperty: unknown FBoneNode bRemoveBone
BoolProperty: unknown FBoneNode bLockBone
BoolProperty: unknown FBoneNode bRemoveBone
BoolProperty: unknown FBoneNode bLockBone
BoolProperty: unknown FBoneNode bRemoveBone
BoolProperty: unknown FBoneNode bLockBone
BoolProperty: unknown FBoneNode bRemoveBone
BoolProperty: unknown FBoneNode bLockBone
BoolProperty: unknown FBoneNode bRemoveBone
BoolProperty: unknown FBoneNode bLockBone
BoolProperty: unknown FBoneNode bRemoveBone
BoolProperty: unknown FBoneNode bLockBone
BoolProperty: unknown FBoneNode bRemoveBone
BoolProperty: unknown FBoneNode bLockBone
BoolProperty: unknown FBoneNode bRemoveBone
BoolProperty: unknown FBoneNode bLockBone
BoolProperty: unknown FBoneNode bRemoveBone
BoolProperty: unknown FBoneNode bLockBone
BoolProperty: unknown FBoneNode bRemoveBone
BoolProperty: unknown FBoneNode bLockBone
BoolProperty: unknown FBoneNode bRemoveBone
BoolProperty: unknown FBoneNode bLockBone
BoolProperty: unknown FBoneNode bRemoveBone
BoolProperty: unknown FBoneNode bLockBone
BoolProperty: unknown FBoneNode bRemoveBone
BoolProperty: unknown FBoneNode bLockBone
BoolProperty: unknown FBoneNode bRemoveBone
BoolProperty: unknown FBoneNode bLockBone
BoolProperty: unknown FBoneNode bRemoveBone
BoolProperty: unknown FBoneNode bLockBone
BoolProperty: unknown FBoneNode bRemoveBone
BoolProperty: unknown FBoneNode bLockBone
BoolProperty: unknown FBoneNode bRemoveBone
BoolProperty: unknown FBoneNode bLockBone
BoolProperty: unknown FBoneNode bRemoveBone
BoolProperty: unknown FBoneNode bLockBone
BoolProperty: unknown FBoneNode bRemoveBone
BoolProperty: unknown FBoneNode bLockBone
BoolProperty: unknown FBoneNode bRemoveBone
BoolProperty: unknown FBoneNode bLockBone
BoolProperty: unknown FBoneNode bRemoveBone
BoolProperty: unknown FBoneNode bLockBone
BoolProperty: unknown FBoneNode bRemoveBone
BoolProperty: unknown FBoneNode bLockBone
BoolProperty: unknown FBoneNode bRemoveBone
BoolProperty: unknown FBoneNode bLockBone
BoolProperty: unknown FBoneNode bRemoveBone
BoolProperty: unknown FBoneNode bLockBone
BoolProperty: unknown FBoneNode bRemoveBone
BoolProperty: unknown FBoneNode bLockBone
BoolProperty: unknown FBoneNode bRemoveBone
BoolProperty: unknown FBoneNode bLockBone
BoolProperty: unknown FBoneNode bRemoveBone
BoolProperty: unknown FBoneNode bLockBone
BoolProperty: unknown FBoneNode bRemoveBone
BoolProperty: unknown FBoneNode bLockBone
BoolProperty: unknown FBoneNode bRemoveBone
BoolProperty: unknown FBoneNode bLockBone
BoolProperty: unknown FBoneNode bRemoveBone
BoolProperty: unknown FBoneNode bLockBone
BoolProperty: unknown FBoneNode bRemoveBone
BoolProperty: unknown FBoneNode bLockBone
BoolProperty: unknown FBoneNode bRemoveBone
BoolProperty: unknown FBoneNode bLockBone
BoolProperty: unknown FBoneNode bRemoveBone
BoolProperty: unknown FBoneNode bLockBone
BoolProperty: unknown FBoneNode bRemoveBone
BoolProperty: unknown FBoneNode bLockBone
BoolProperty: unknown FBoneNode bRemoveBone
BoolProperty: unknown FBoneNode bLockBone
BoolProperty: unknown FBoneNode bRemoveBone
BoolProperty: unknown FBoneNode bLockBone
BoolProperty: unknown FBoneNode bRemoveBone
BoolProperty: unknown FBoneNode bLockBone
BoolProperty: unknown FBoneNode bRemoveBone
BoolProperty: unknown FBoneNode bLockBone
BoolProperty: unknown FBoneNode bRemoveBone
BoolProperty: unknown FBoneNode bLockBone
BoolProperty: unknown FBoneNode bRemoveBone
BoolProperty: unknown FBoneNode bLockBone
BoolProperty: unknown FBoneNode bRemoveBone
BoolProperty: unknown FBoneNode bLockBone
BoolProperty: unknown FBoneNode bRemoveBone
BoolProperty: unknown FBoneNode bLockBone
BoolProperty: unknown FBoneNode bRemoveBone
BoolProperty: unknown FBoneNode bLockBone
BoolProperty: unknown FBoneNode bRemoveBone
BoolProperty: unknown FBoneNode bLockBone
BoolProperty: unknown FBoneNode bRemoveBone
BoolProperty: unknown FBoneNode bLockBone
BoolProperty: unknown FBoneNode bRemoveBone
BoolProperty: unknown FBoneNode bLockBone
BoolProperty: unknown FBoneNode bRemoveBone
BoolProperty: unknown FBoneNode bLockBone
BoolProperty: unknown FBoneNode bRemoveBone
BoolProperty: unknown FBoneNode bLockBone
BoolProperty: unknown FBoneNode bRemoveBone
BoolProperty: unknown FBoneNode bLockBone
BoolProperty: unknown FBoneNode bRemoveBone
BoolProperty: unknown FBoneNode bLockBone
BoolProperty: unknown FBoneNode bRemoveBone
BoolProperty: unknown FBoneNode bLockBone
BoolProperty: unknown FBoneNode bRemoveBone
BoolProperty: unknown FBoneNode bLockBone
BoolProperty: unknown FBoneNode bRemoveBone
BoolProperty: unknown FBoneNode bLockBone
BoolProperty: unknown FBoneNode bRemoveBone
BoolProperty: unknown FBoneNode bLockBone
BoolProperty: unknown FBoneNode bRemoveBone
BoolProperty: unknown FBoneNode bLockBone
BoolProperty: unknown FBoneNode bRemoveBone
BoolProperty: unknown FBoneNode bLockBone
BoolProperty: unknown FBoneNode bRemoveBone
BoolProperty: unknown FBoneNode bLockBone
BoolProperty: unknown FBoneNode bRemoveBone
BoolProperty: unknown FBoneNode bLockBone
BoolProperty: unknown FBoneNode bRemoveBone
BoolProperty: unknown FBoneNode bLockBone
BoolProperty: unknown FBoneNode bRemoveBone
BoolProperty: unknown FBoneNode bLockBone
BoolProperty: unknown FBoneNode bRemoveBone
BoolProperty: unknown FBoneNode bLockBone
BoolProperty: unknown FBoneNode bRemoveBone
BoolProperty: unknown FBoneNode bLockBone
BoolProperty: unknown FBoneNode bRemoveBone
Exporting objects ...
Exporting AnimSequence4 Deinosuchus_Attack_Bellow_Idle to C:/Users/Nez/Desktop/GitHub/Ark-Survival-Returns/.work/exports/actorx/Mods/Additions_Pack/Deinosuchus/Dino/Animation/Deinosuchus_Attack_Bellow_Idle.psa
Memory: allocated 658423 bytes in 693 blocks
Loading AnimSequence4 Deinosuchus_Attack_Bellow_Moving from package Mods/Additions_Pack/Deinosuchus/Dino/Animation/Deinosuchus_Attack_Bellow_Moving.uasset
Loading AnimSequence4 Deinosuchus_Idle from package Mods/Additions_Pack/Deinosuchus/Dino/Animation/Deinosuchus_Idle.uasset
Loading Skeleton Deinosuchus_TLC_Rig_Skeleton from package Mods/Additions_Pack/Deinosuchus/Dino/Deinosuchus_TLC_Rig_Skeleton.uasset
BoolProperty: unknown FBoneNode bLockBone
BoolProperty: unknown FBoneNode bRemoveBone
BoolProperty: unknown FBoneNode bLockBone
BoolProperty: unknown FBoneNode bRemoveBone
BoolProperty: unknown FBoneNode bLockBone
BoolProperty: unknown FBoneNode bRemoveBone
BoolProperty: unknown FBoneNode bLockBone
BoolProperty: unknown FBoneNode bRemoveBone
BoolProperty: unknown FBoneNode bLockBone
BoolProperty: unknown FBoneNode bRemoveBone
BoolProperty: unknown FBoneNode bLockBone
BoolProperty: unknown FBoneNode bRemoveBone
BoolProperty: unknown FBoneNode bLockBone
BoolProperty: unknown FBoneNode bRemoveBone
BoolProperty: unknown FBoneNode bLockBone
BoolProperty: unknown FBoneNode bRemoveBone
BoolProperty: unknown FBoneNode bLockBone
BoolProperty: unknown FBoneNode bRemoveBone
BoolProperty: unknown FBoneNode bLockBone
BoolProperty: unknown FBoneNode bRemoveBone
BoolProperty: unknown FBoneNode bLockBone
BoolProperty: unknown FBoneNode bRemoveBone
BoolProperty: unknown FBoneNode bLockBone
BoolProperty: unknown FBoneNode bRemoveBone
BoolProperty: unknown FBoneNode bLockBone
BoolProperty: unknown FBoneNode bRemoveBone
BoolProperty: unknown FBoneNode bLockBone
BoolProperty: unknown FBoneNode bRemoveBone
BoolProperty: unknown FBoneNode bLockBone
BoolProperty: unknown FBoneNode bRemoveBone
BoolProperty: unknown FBoneNode bLockBone
BoolProperty: unknown FBoneNode bRemoveBone
BoolProperty: unknown FBoneNode bLockBone
BoolProperty: unknown FBoneNode bRemoveBone
BoolProperty: unknown FBoneNode bLockBone
BoolProperty: unknown FBoneNode bRemoveBone
BoolProperty: unknown FBoneNode bLockBone
BoolProperty: unknown FBoneNode bRemoveBone
BoolProperty: unknown FBoneNode bLockBone
BoolProperty: unknown FBoneNode bRemoveBone
BoolProperty: unknown FBoneNode bLockBone
BoolProperty: unknown FBoneNode bRemoveBone
BoolProperty: unknown FBoneNode bLockBone
BoolProperty: unknown FBoneNode bRemoveBone
BoolProperty: unknown FBoneNode bLockBone
BoolProperty: unknown FBoneNode bRemoveBone
BoolProperty: unknown FBoneNode bLockBone
BoolProperty: unknown FBoneNode bRemoveBone
BoolProperty: unknown FBoneNode bLockBone
BoolProperty: unknown FBoneNode bRemoveBone
BoolProperty: unknown FBoneNode bLockBone
BoolProperty: unknown FBoneNode bRemoveBone
BoolProperty: unknown FBoneNode bLockBone
BoolProperty: unknown FBoneNode bRemoveBone
BoolProperty: unknown FBoneNode bLockBone
BoolProperty: unknown FBoneNode bRemoveBone
BoolProperty: unknown FBoneNode bLockBone
BoolProperty: unknown FBoneNode bRemoveBone
BoolProperty: unknown FBoneNode bLockBone
BoolProperty: unknown FBoneNode bRemoveBone
BoolProperty: unknown FBoneNode bLockBone
BoolProperty: unknown FBoneNode bRemoveBone
BoolProperty: unknown FBoneNode bLockBone
BoolProperty: unknown FBoneNode bRemoveBone
BoolProperty: unknown FBoneNode bLockBone
BoolProperty: unknown FBoneNode bRemoveBone
BoolProperty: unknown FBoneNode bLockBone
BoolProperty: unknown FBoneNode bRemoveBone
BoolProperty: unknown FBoneNode bLockBone
BoolProperty: unknown FBoneNode bRemoveBone
BoolProperty: unknown FBoneNode bLockBone
BoolProperty: unknown FBoneNode bRemoveBone
BoolProperty: unknown FBoneNode bLockBone
BoolProperty: unknown FBoneNode bRemoveBone
BoolProperty: unknown FBoneNode bLockBone
BoolProperty: unknown FBoneNode bRemoveBone
BoolProperty: unknown FBoneNode bLockBone
BoolProperty: unknown FBoneNode bRemoveBone
BoolProperty: unknown FBoneNode bLockBone
BoolProperty: unknown FBoneNode bRemoveBone
BoolProperty: unknown FBoneNode bLockBone
BoolProperty: unknown FBoneNode bRemoveBone
BoolProperty: unknown FBoneNode bLockBone
BoolProperty: unknown FBoneNode bRemoveBone
BoolProperty: unknown FBoneNode bLockBone
BoolProperty: unknown FBoneNode bRemoveBone
BoolProperty: unknown FBoneNode bLockBone
BoolProperty: unknown FBoneNode bRemoveBone
BoolProperty: unknown FBoneNode bLockBone
BoolProperty: unknown FBoneNode bRemoveBone
BoolProperty: unknown FBoneNode bLockBone
BoolProperty: unknown FBoneNode bRemoveBone
BoolProperty: unknown FBoneNode bLockBone
BoolProperty: unknown FBoneNode bRemoveBone
BoolProperty: unknown FBoneNode bLockBone
BoolProperty: unknown FBoneNode bRemoveBone
BoolProperty: unknown FBoneNode bLockBone
BoolProperty: unknown FBoneNode bRemoveBone
BoolProperty: unknown FBoneNode bLockBone
BoolProperty: unknown FBoneNode bRemoveBone
BoolProperty: unknown FBoneNode bLockBone
BoolProperty: unknown FBoneNode bRemoveBone
BoolProperty: unknown FBoneNode bLockBone
BoolProperty: unknown FBoneNode bRemoveBone
BoolProperty: unknown FBoneNode bLockBone
BoolProperty: unknown FBoneNode bRemoveBone
BoolProperty: unknown FBoneNode bLockBone
BoolProperty: unknown FBoneNode bRemoveBone
BoolProperty: unknown FBoneNode bLockBone
BoolProperty: unknown FBoneNode bRemoveBone
BoolProperty: unknown FBoneNode bLockBone
BoolProperty: unknown FBoneNode bRemoveBone
BoolProperty: unknown FBoneNode bLockBone
BoolProperty: unknown FBoneNode bRemoveBone
BoolProperty: unknown FBoneNode bLockBone
BoolProperty: unknown FBoneNode bRemoveBone
BoolProperty: unknown FBoneNode bLockBone
BoolProperty: unknown FBoneNode bRemoveBone
BoolProperty: unknown FBoneNode bLockBone
BoolProperty: unknown FBoneNode bRemoveBone
BoolProperty: unknown FBoneNode bLockBone
BoolProperty: unknown FBoneNode bRemoveBone
BoolProperty: unknown FBoneNode bLockBone
BoolProperty: unknown FBoneNode bRemoveBone
BoolProperty: unknown FBoneNode bLockBone
BoolProperty: unknown FBoneNode bRemoveBone
Exporting objects ...
Exporting AnimSequence4 Deinosuchus_Attack_Bellow_Moving to C:/Users/Nez/Desktop/GitHub/Ark-Survival-Returns/.work/exports/actorx/Mods/Additions_Pack/Deinosuchus/Dino/Animation/Deinosuchus_Attack_Bellow_Moving.psa
Memory: allocated 670711 bytes in 696 blocks
Loading AnimSequence4 Deinosuchus_Attack_Bite from package Mods/Additions_Pack/Deinosuchus/Dino/Animation/Deinosuchus_Attack_Bite.uasset
Loading AnimSequence4 Deinosuchus_Idle from package Mods/Additions_Pack/Deinosuchus/Dino/Animation/Deinosuchus_Idle.uasset
Loading Skeleton Deinosuchus_TLC_Rig_Skeleton from package Mods/Additions_Pack/Deinosuchus/Dino/Deinosuchus_TLC_Rig_Skeleton.uasset
BoolProperty: unknown FBoneNode bLockBone
BoolProperty: unknown FBoneNode bRemoveBone
BoolProperty: unknown FBoneNode bLockBone
BoolProperty: unknown FBoneNode bRemoveBone
BoolProperty: unknown FBoneNode bLockBone
BoolProperty: unknown FBoneNode bRemoveBone
BoolProperty: unknown FBoneNode bLockBone
BoolProperty: unknown FBoneNode bRemoveBone
BoolProperty: unknown FBoneNode bLockBone
BoolProperty: unknown FBoneNode bRemoveBone
BoolProperty: unknown FBoneNode bLockBone
BoolProperty: unknown FBoneNode bRemoveBone
BoolProperty: unknown FBoneNode bLockBone
BoolProperty: unknown FBoneNode bRemoveBone
BoolProperty: unknown FBoneNode bLockBone
BoolProperty: unknown FBoneNode bRemoveBone
BoolProperty: unknown FBoneNode bLockBone
BoolProperty: unknown FBoneNode bRemoveBone
BoolProperty: unknown FBoneNode bLockBone
BoolProperty: unknown FBoneNode bRemoveBone
BoolProperty: unknown FBoneNode bLockBone
BoolProperty: unknown FBoneNode bRemoveBone
BoolProperty: unknown FBoneNode bLockBone
BoolProperty: unknown FBoneNode bRemoveBone
BoolProperty: unknown FBoneNode bLockBone
BoolProperty: unknown FBoneNode bRemoveBone
BoolProperty: unknown FBoneNode bLockBone
BoolProperty: unknown FBoneNode bRemoveBone
BoolProperty: unknown FBoneNode bLockBone
BoolProperty: unknown FBoneNode bRemoveBone
BoolProperty: unknown FBoneNode bLockBone
BoolProperty: unknown FBoneNode bRemoveBone
BoolProperty: unknown FBoneNode bLockBone
BoolProperty: unknown FBoneNode bRemoveBone
BoolProperty: unknown FBoneNode bLockBone
BoolProperty: unknown FBoneNode bRemoveBone
BoolProperty: unknown FBoneNode bLockBone
BoolProperty: unknown FBoneNode bRemoveBone
BoolProperty: unknown FBoneNode bLockBone
BoolProperty: unknown FBoneNode bRemoveBone
BoolProperty: unknown FBoneNode bLockBone
BoolProperty: unknown FBoneNode bRemoveBone
BoolProperty: unknown FBoneNode bLockBone
BoolProperty: unknown FBoneNode bRemoveBone
BoolProperty: unknown FBoneNode bLockBone
BoolProperty: unknown FBoneNode bRemoveBone
BoolProperty: unknown FBoneNode bLockBone
BoolProperty: unknown FBoneNode bRemoveBone
BoolProperty: unknown FBoneNode bLockBone
BoolProperty: unknown FBoneNode bRemoveBone
BoolProperty: unknown FBoneNode bLockBone
BoolProperty: unknown FBoneNode bRemoveBone
BoolProperty: unknown FBoneNode bLockBone
BoolProperty: unknown FBoneNode bRemoveBone
BoolProperty: unknown FBoneNode bLockBone
BoolProperty: unknown FBoneNode bRemoveBone
BoolProperty: unknown FBoneNode bLockBone
BoolProperty: unknown FBoneNode bRemoveBone
BoolProperty: unknown FBoneNode bLockBone
BoolProperty: unknown FBoneNode bRemoveBone
BoolProperty: unknown FBoneNode bLockBone
BoolProperty: unknown FBoneNode bRemoveBone
BoolProperty: unknown FBoneNode bLockBone
BoolProperty: unknown FBoneNode bRemoveBone
BoolProperty: unknown FBoneNode bLockBone
BoolProperty: unknown FBoneNode bRemoveBone
BoolProperty: unknown FBoneNode bLockBone
BoolProperty: unknown FBoneNode bRemoveBone
BoolProperty: unknown FBoneNode bLockBone
BoolProperty: unknown FBoneNode bRemoveBone
BoolProperty: unknown FBoneNode bLockBone
BoolProperty: unknown FBoneNode bRemoveBone
BoolProperty: unknown FBoneNode bLockBone
BoolProperty: unknown FBoneNode bRemoveBone
BoolProperty: unknown FBoneNode bLockBone
BoolProperty: unknown FBoneNode bRemoveBone
BoolProperty: unknown FBoneNode bLockBone
BoolProperty: unknown FBoneNode bRemoveBone
BoolProperty: unknown FBoneNode bLockBone
BoolProperty: unknown FBoneNode bRemoveBone
BoolProperty: unknown FBoneNode bLockBone
BoolProperty: unknown FBoneNode bRemoveBone
BoolProperty: unknown FBoneNode bLockBone
BoolProperty: unknown FBoneNode bRemoveBone
BoolProperty: unknown FBoneNode bLockBone
BoolProperty: unknown FBoneNode bRemoveBone
BoolProperty: unknown FBoneNode bLockBone
BoolProperty: unknown FBoneNode bRemoveBone
BoolProperty: unknown FBoneNode bLockBone
BoolProperty: unknown FBoneNode bRemoveBone
BoolProperty: unknown FBoneNode bLockBone
BoolProperty: unknown FBoneNode bRemoveBone
BoolProperty: unknown FBoneNode bLockBone
BoolProperty: unknown FBoneNode bRemoveBone
BoolProperty: unknown FBoneNode bLockBone
BoolProperty: unknown FBoneNode bRemoveBone
BoolProperty: unknown FBoneNode bLockBone
BoolProperty: unknown FBoneNode bRemoveBone
BoolProperty: unknown FBoneNode bLockBone
BoolProperty: unknown FBoneNode bRemoveBone
BoolProperty: unknown FBoneNode bLockBone
BoolProperty: unknown FBoneNode bRemoveBone
BoolProperty: unknown FBoneNode bLockBone
BoolProperty: unknown FBoneNode bRemoveBone
BoolProperty: unknown FBoneNode bLockBone
BoolProperty: unknown FBoneNode bRemoveBone
BoolProperty: unknown FBoneNode bLockBone
BoolProperty: unknown FBoneNode bRemoveBone
BoolProperty: unknown FBoneNode bLockBone
BoolProperty: unknown FBoneNode bRemoveBone
BoolProperty: unknown FBoneNode bLockBone
BoolProperty: unknown FBoneNode bRemoveBone
BoolProperty: unknown FBoneNode bLockBone
BoolProperty: unknown FBoneNode bRemoveBone
BoolProperty: unknown FBoneNode bLockBone
BoolProperty: unknown FBoneNode bRemoveBone
BoolProperty: unknown FBoneNode bLockBone
BoolProperty: unknown FBoneNode bRemoveBone
BoolProperty: unknown FBoneNode bLockBone
BoolProperty: unknown FBoneNode bRemoveBone
BoolProperty: unknown FBoneNode bLockBone
BoolProperty: unknown FBoneNode bRemoveBone
BoolProperty: unknown FBoneNode bLockBone
BoolProperty: unknown FBoneNode bRemoveBone
BoolProperty: unknown FBoneNode bLockBone
BoolProperty: unknown FBoneNode bRemoveBone
Exporting objects ...
Exporting AnimSequence4 Deinosuchus_Attack_Bite to C:/Users/Nez/Desktop/GitHub/Ark-Survival-Returns/.work/exports/actorx/Mods/Additions_Pack/Deinosuchus/Dino/Animation/Deinosuchus_Attack_Bite.psa
Memory: allocated 682999 bytes in 699 blocks
Loading AnimSequence4 Deinosuchus_Attack_Bite_Moving from package Mods/Additions_Pack/Deinosuchus/Dino/Animation/Deinosuchus_Attack_Bite_Moving.uasset
Loading AnimSequence4 Deinosuchus_Idle from package Mods/Additions_Pack/Deinosuchus/Dino/Animation/Deinosuchus_Idle.uasset
Loading Skeleton Deinosuchus_TLC_Rig_Skeleton from package Mods/Additions_Pack/Deinosuchus/Dino/Deinosuchus_TLC_Rig_Skeleton.uasset
BoolProperty: unknown FBoneNode bLockBone
BoolProperty: unknown FBoneNode bRemoveBone
BoolProperty: unknown FBoneNode bLockBone
BoolProperty: unknown FBoneNode bRemoveBone
BoolProperty: unknown FBoneNode bLockBone
BoolProperty: unknown FBoneNode bRemoveBone
BoolProperty: unknown FBoneNode bLockBone
BoolProperty: unknown FBoneNode bRemoveBone
BoolProperty: unknown FBoneNode bLockBone
BoolProperty: unknown FBoneNode bRemoveBone
BoolProperty: unknown FBoneNode bLockBone
BoolProperty: unknown FBoneNode bRemoveBone
BoolProperty: unknown FBoneNode bLockBone
BoolProperty: unknown FBoneNode bRemoveBone
BoolProperty: unknown FBoneNode bLockBone
BoolProperty: unknown FBoneNode bRemoveBone
BoolProperty: unknown FBoneNode bLockBone
BoolProperty: unknown FBoneNode bRemoveBone
BoolProperty: unknown FBoneNode bLockBone
BoolProperty: unknown FBoneNode bRemoveBone
BoolProperty: unknown FBoneNode bLockBone
BoolProperty: unknown FBoneNode bRemoveBone
BoolProperty: unknown FBoneNode bLockBone
BoolProperty: unknown FBoneNode bRemoveBone
BoolProperty: unknown FBoneNode bLockBone
BoolProperty: unknown FBoneNode bRemoveBone
BoolProperty: unknown FBoneNode bLockBone
BoolProperty: unknown FBoneNode bRemoveBone
BoolProperty: unknown FBoneNode bLockBone
BoolProperty: unknown FBoneNode bRemoveBone
BoolProperty: unknown FBoneNode bLockBone
BoolProperty: unknown FBoneNode bRemoveBone
BoolProperty: unknown FBoneNode bLockBone
BoolProperty: unknown FBoneNode bRemoveBone
BoolProperty: unknown FBoneNode bLockBone
BoolProperty: unknown FBoneNode bRemoveBone
BoolProperty: unknown FBoneNode bLockBone
BoolProperty: unknown FBoneNode bRemoveBone
BoolProperty: unknown FBoneNode bLockBone
BoolProperty: unknown FBoneNode bRemoveBone
BoolProperty: unknown FBoneNode bLockBone
BoolProperty: unknown FBoneNode bRemoveBone
BoolProperty: unknown FBoneNode bLockBone
BoolProperty: unknown FBoneNode bRemoveBone
BoolProperty: unknown FBoneNode bLockBone
BoolProperty: unknown FBoneNode bRemoveBone
BoolProperty: unknown FBoneNode bLockBone
BoolProperty: unknown FBoneNode bRemoveBone
BoolProperty: unknown FBoneNode bLockBone
BoolProperty: unknown FBoneNode bRemoveBone
BoolProperty: unknown FBoneNode bLockBone
BoolProperty: unknown FBoneNode bRemoveBone
BoolProperty: unknown FBoneNode bLockBone
BoolProperty: unknown FBoneNode bRemoveBone
BoolProperty: unknown FBoneNode bLockBone
BoolProperty: unknown FBoneNode bRemoveBone
BoolProperty: unknown FBoneNode bLockBone
BoolProperty: unknown FBoneNode bRemoveBone
BoolProperty: unknown FBoneNode bLockBone
BoolProperty: unknown FBoneNode bRemoveBone
BoolProperty: unknown FBoneNode bLockBone
BoolProperty: unknown FBoneNode bRemoveBone
BoolProperty: unknown FBoneNode bLockBone
BoolProperty: unknown FBoneNode bRemoveBone
BoolProperty: unknown FBoneNode bLockBone
BoolProperty: unknown FBoneNode bRemoveBone
BoolProperty: unknown FBoneNode bLockBone
BoolProperty: unknown FBoneNode bRemoveBone
BoolProperty: unknown FBoneNode bLockBone
BoolProperty: unknown FBoneNode bRemoveBone
BoolProperty: unknown FBoneNode bLockBone
BoolProperty: unknown FBoneNode bRemoveBone
BoolProperty: unknown FBoneNode bLockBone
BoolProperty: unknown FBoneNode bRemoveBone
BoolProperty: unknown FBoneNode bLockBone
BoolProperty: unknown FBoneNode bRemoveBone
BoolProperty: unknown FBoneNode bLockBone
BoolProperty: unknown FBoneNode bRemoveBone
BoolProperty: unknown FBoneNode bLockBone
BoolProperty: unknown FBoneNode bRemoveBone
BoolProperty: unknown FBoneNode bLockBone
BoolProperty: unknown FBoneNode bRemoveBone
BoolProperty: unknown FBoneNode bLockBone
BoolProperty: unknown FBoneNode bRemoveBone
BoolProperty: unknown FBoneNode bLockBone
BoolProperty: unknown FBoneNode bRemoveBone
BoolProperty: unknown FBoneNode bLockBone
BoolProperty: unknown FBoneNode bRemoveBone
BoolProperty: unknown FBoneNode bLockBone
BoolProperty: unknown FBoneNode bRemoveBone
BoolProperty: unknown FBoneNode bLockBone
BoolProperty: unknown FBoneNode bRemoveBone
BoolProperty: unknown FBoneNode bLockBone
BoolProperty: unknown FBoneNode bRemoveBone
BoolProperty: unknown FBoneNode bLockBone
BoolProperty: unknown FBoneNode bRemoveBone
BoolProperty: unknown FBoneNode bLockBone
BoolProperty: unknown FBoneNode bRemoveBone
BoolProperty: unknown FBoneNode bLockBone
BoolProperty: unknown FBoneNode bRemoveBone
BoolProperty: unknown FBoneNode bLockBone
BoolProperty: unknown FBoneNode bRemoveBone
BoolProperty: unknown FBoneNode bLockBone
BoolProperty: unknown FBoneNode bRemoveBone
BoolProperty: unknown FBoneNode bLockBone
BoolProperty: unknown FBoneNode bRemoveBone
BoolProperty: unknown FBoneNode bLockBone
BoolProperty: unknown FBoneNode bRemoveBone
BoolProperty: unknown FBoneNode bLockBone
BoolProperty: unknown FBoneNode bRemoveBone
BoolProperty: unknown FBoneNode bLockBone
BoolProperty: unknown FBoneNode bRemoveBone
BoolProperty: unknown FBoneNode bLockBone
BoolProperty: unknown FBoneNode bRemoveBone
BoolProperty: unknown FBoneNode bLockBone
BoolProperty: unknown FBoneNode bRemoveBone
BoolProperty: unknown FBoneNode bLockBone
BoolProperty: unknown FBoneNode bRemoveBone
BoolProperty: unknown FBoneNode bLockBone
BoolProperty: unknown FBoneNode bRemoveBone
BoolProperty: unknown FBoneNode bLockBone
BoolProperty: unknown FBoneNode bRemoveBone
BoolProperty: unknown FBoneNode bLockBone
BoolProperty: unknown FBoneNode bRemoveBone
BoolProperty: unknown FBoneNode bLockBone
BoolProperty: unknown FBoneNode bRemoveBone
Exporting objects ...
Exporting AnimSequence4 Deinosuchus_Attack_Bite_Moving to C:/Users/Nez/Desktop/GitHub/Ark-Survival-Returns/.work/exports/actorx/Mods/Additions_Pack/Deinosuchus/Dino/Animation/Deinosuchus_Attack_Bite_Moving.psa
Memory: allocated 695287 bytes in 702 blocks
Loading AnimSequence4 Deinosuchus_Attack_Bite_TurnLeft from package Mods/Additions_Pack/Deinosuchus/Dino/Animation/Deinosuchus_Attack_Bite_TurnLeft.uasset
Loading AnimSequence4 Deinosuchus_Idle from package Mods/Additions_Pack/Deinosuchus/Dino/Animation/Deinosuchus_Idle.uasset
Loading Skeleton Deinosuchus_TLC_Rig_Skeleton from package Mods/Additions_Pack/Deinosuchus/Dino/Deinosuchus_TLC_Rig_Skeleton.uasset
BoolProperty: unknown FBoneNode bLockBone
BoolProperty: unknown FBoneNode bRemoveBone
BoolProperty: unknown FBoneNode bLockBone
BoolProperty: unknown FBoneNode bRemoveBone
BoolProperty: unknown FBoneNode bLockBone
BoolProperty: unknown FBoneNode bRemoveBone
BoolProperty: unknown FBoneNode bLockBone
BoolProperty: unknown FBoneNode bRemoveBone
BoolProperty: unknown FBoneNode bLockBone
BoolProperty: unknown FBoneNode bRemoveBone
BoolProperty: unknown FBoneNode bLockBone
BoolProperty: unknown FBoneNode bRemoveBone
BoolProperty: unknown FBoneNode bLockBone
BoolProperty: unknown FBoneNode bRemoveBone
BoolProperty: unknown FBoneNode bLockBone
BoolProperty: unknown FBoneNode bRemoveBone
BoolProperty: unknown FBoneNode bLockBone
BoolProperty: unknown FBoneNode bRemoveBone
BoolProperty: unknown FBoneNode bLockBone
BoolProperty: unknown FBoneNode bRemoveBone
BoolProperty: unknown FBoneNode bLockBone
BoolProperty: unknown FBoneNode bRemoveBone
BoolProperty: unknown FBoneNode bLockBone
BoolProperty: unknown FBoneNode bRemoveBone
BoolProperty: unknown FBoneNode bLockBone
BoolProperty: unknown FBoneNode bRemoveBone
BoolProperty: unknown FBoneNode bLockBone
BoolProperty: unknown FBoneNode bRemoveBone
BoolProperty: unknown FBoneNode bLockBone
BoolProperty: unknown FBoneNode bRemoveBone
BoolProperty: unknown FBoneNode bLockBone
BoolProperty: unknown FBoneNode bRemoveBone
BoolProperty: unknown FBoneNode bLockBone
BoolProperty: unknown FBoneNode bRemoveBone
BoolProperty: unknown FBoneNode bLockBone
BoolProperty: unknown FBoneNode bRemoveBone
BoolProperty: unknown FBoneNode bLockBone
BoolProperty: unknown FBoneNode bRemoveBone
BoolProperty: unknown FBoneNode bLockBone
BoolProperty: unknown FBoneNode bRemoveBone
BoolProperty: unknown FBoneNode bLockBone
BoolProperty: unknown FBoneNode bRemoveBone
BoolProperty: unknown FBoneNode bLockBone
BoolProperty: unknown FBoneNode bRemoveBone
BoolProperty: unknown FBoneNode bLockBone
BoolProperty: unknown FBoneNode bRemoveBone
BoolProperty: unknown FBoneNode bLockBone
BoolProperty: unknown FBoneNode bRemoveBone
BoolProperty: unknown FBoneNode bLockBone
BoolProperty: unknown FBoneNode bRemoveBone
BoolProperty: unknown FBoneNode bLockBone
BoolProperty: unknown FBoneNode bRemoveBone
BoolProperty: unknown FBoneNode bLockBone
BoolProperty: unknown FBoneNode bRemoveBone
BoolProperty: unknown FBoneNode bLockBone
BoolProperty: unknown FBoneNode bRemoveBone
BoolProperty: unknown FBoneNode bLockBone
BoolProperty: unknown FBoneNode bRemoveBone
BoolProperty: unknown FBoneNode bLockBone
BoolProperty: unknown FBoneNode bRemoveBone
BoolProperty: unknown FBoneNode bLockBone
BoolProperty: unknown FBoneNode bRemoveBone
BoolProperty: unknown FBoneNode bLockBone
BoolProperty: unknown FBoneNode bRemoveBone
BoolProperty: unknown FBoneNode bLockBone
BoolProperty: unknown FBoneNode bRemoveBone
BoolProperty: unknown FBoneNode bLockBone
BoolProperty: unknown FBoneNode bRemoveBone
BoolProperty: unknown FBoneNode bLockBone
BoolProperty: unknown FBoneNode bRemoveBone
BoolProperty: unknown FBoneNode bLockBone
BoolProperty: unknown FBoneNode bRemoveBone
BoolProperty: unknown FBoneNode bLockBone
BoolProperty: unknown FBoneNode bRemoveBone
BoolProperty: unknown FBoneNode bLockBone
BoolProperty: unknown FBoneNode bRemoveBone
BoolProperty: unknown FBoneNode bLockBone
BoolProperty: unknown FBoneNode bRemoveBone
BoolProperty: unknown FBoneNode bLockBone
BoolProperty: unknown FBoneNode bRemoveBone
BoolProperty: unknown FBoneNode bLockBone
BoolProperty: unknown FBoneNode bRemoveBone
BoolProperty: unknown FBoneNode bLockBone
BoolProperty: unknown FBoneNode bRemoveBone
BoolProperty: unknown FBoneNode bLockBone
BoolProperty: unknown FBoneNode bRemoveBone
BoolProperty: unknown FBoneNode bLockBone
BoolProperty: unknown FBoneNode bRemoveBone
BoolProperty: unknown FBoneNode bLockBone
BoolProperty: unknown FBoneNode bRemoveBone
BoolProperty: unknown FBoneNode bLockBone
BoolProperty: unknown FBoneNode bRemoveBone
BoolProperty: unknown FBoneNode bLockBone
BoolProperty: unknown FBoneNode bRemoveBone
BoolProperty: unknown FBoneNode bLockBone
BoolProperty: unknown FBoneNode bRemoveBone
BoolProperty: unknown FBoneNode bLockBone
BoolProperty: unknown FBoneNode bRemoveBone
BoolProperty: unknown FBoneNode bLockBone
BoolProperty: unknown FBoneNode bRemoveBone
BoolProperty: unknown FBoneNode bLockBone
BoolProperty: unknown FBoneNode bRemoveBone
BoolProperty: unknown FBoneNode bLockBone
BoolProperty: unknown FBoneNode bRemoveBone
BoolProperty: unknown FBoneNode bLockBone
BoolProperty: unknown FBoneNode bRemoveBone
BoolProperty: unknown FBoneNode bLockBone
BoolProperty: unknown FBoneNode bRemoveBone
BoolProperty: unknown FBoneNode bLockBone
BoolProperty: unknown FBoneNode bRemoveBone
BoolProperty: unknown FBoneNode bLockBone
BoolProperty: unknown FBoneNode bRemoveBone
BoolProperty: unknown FBoneNode bLockBone
BoolProperty: unknown FBoneNode bRemoveBone
BoolProperty: unknown FBoneNode bLockBone
BoolProperty: unknown FBoneNode bRemoveBone
BoolProperty: unknown FBoneNode bLockBone
BoolProperty: unknown FBoneNode bRemoveBone
BoolProperty: unknown FBoneNode bLockBone
BoolProperty: unknown FBoneNode bRemoveBone
BoolProperty: unknown FBoneNode bLockBone
BoolProperty: unknown FBoneNode bRemoveBone
BoolProperty: unknown FBoneNode bLockBone
BoolProperty: unknown FBoneNode bRemoveBone
BoolProperty: unknown FBoneNode bLockBone
BoolProperty: unknown FBoneNode bRemoveBone
Exporting objects ...
Exporting AnimSequence4 Deinosuchus_Attack_Bite_TurnLeft to C:/Users/Nez/Desktop/GitHub/Ark-Survival-Returns/.work/exports/actorx/Mods/Additions_Pack/Deinosuchus/Dino/Animation/Deinosuchus_Attack_Bite_TurnLeft.psa
Memory: allocated 707575 bytes in 705 blocks
Loading AnimSequence4 Deinosuchus_Attack_Bite_TurnRight from package Mods/Additions_Pack/Deinosuchus/Dino/Animation/Deinosuchus_Attack_Bite_TurnRight.uasset
Loading AnimSequence4 Deinosuchus_Idle from package Mods/Additions_Pack/Deinosuchus/Dino/Animation/Deinosuchus_Idle.uasset
Loading Skeleton Deinosuchus_TLC_Rig_Skeleton from package Mods/Additions_Pack/Deinosuchus/Dino/Deinosuchus_TLC_Rig_Skeleton.uasset
BoolProperty: unknown FBoneNode bLockBone
BoolProperty: unknown FBoneNode bRemoveBone
BoolProperty: unknown FBoneNode bLockBone
BoolProperty: unknown FBoneNode bRemoveBone
BoolProperty: unknown FBoneNode bLockBone
BoolProperty: unknown FBoneNode bRemoveBone
BoolProperty: unknown FBoneNode bLockBone
BoolProperty: unknown FBoneNode bRemoveBone
BoolProperty: unknown FBoneNode bLockBone
BoolProperty: unknown FBoneNode bRemoveBone
BoolProperty: unknown FBoneNode bLockBone
BoolProperty: unknown FBoneNode bRemoveBone
BoolProperty: unknown FBoneNode bLockBone
BoolProperty: unknown FBoneNode bRemoveBone
BoolProperty: unknown FBoneNode bLockBone
BoolProperty: unknown FBoneNode bRemoveBone
BoolProperty: unknown FBoneNode bLockBone
BoolProperty: unknown FBoneNode bRemoveBone
BoolProperty: unknown FBoneNode bLockBone
BoolProperty: unknown FBoneNode bRemoveBone
BoolProperty: unknown FBoneNode bLockBone
BoolProperty: unknown FBoneNode bRemoveBone
BoolProperty: unknown FBoneNode bLockBone
BoolProperty: unknown FBoneNode bRemoveBone
BoolProperty: unknown FBoneNode bLockBone
BoolProperty: unknown FBoneNode bRemoveBone
BoolProperty: unknown FBoneNode bLockBone
BoolProperty: unknown FBoneNode bRemoveBone
BoolProperty: unknown FBoneNode bLockBone
BoolProperty: unknown FBoneNode bRemoveBone
BoolProperty: unknown FBoneNode bLockBone
BoolProperty: unknown FBoneNode bRemoveBone
BoolProperty: unknown FBoneNode bLockBone
BoolProperty: unknown FBoneNode bRemoveBone
BoolProperty: unknown FBoneNode bLockBone
BoolProperty: unknown FBoneNode bRemoveBone
BoolProperty: unknown FBoneNode bLockBone
BoolProperty: unknown FBoneNode bRemoveBone
BoolProperty: unknown FBoneNode bLockBone
BoolProperty: unknown FBoneNode bRemoveBone
BoolProperty: unknown FBoneNode bLockBone
BoolProperty: unknown FBoneNode bRemoveBone
BoolProperty: unknown FBoneNode bLockBone
BoolProperty: unknown FBoneNode bRemoveBone
BoolProperty: unknown FBoneNode bLockBone
BoolProperty: unknown FBoneNode bRemoveBone
BoolProperty: unknown FBoneNode bLockBone
BoolProperty: unknown FBoneNode bRemoveBone
BoolProperty: unknown FBoneNode bLockBone
BoolProperty: unknown FBoneNode bRemoveBone
BoolProperty: unknown FBoneNode bLockBone
BoolProperty: unknown FBoneNode bRemoveBone
BoolProperty: unknown FBoneNode bLockBone
BoolProperty: unknown FBoneNode bRemoveBone
BoolProperty: unknown FBoneNode bLockBone
BoolProperty: unknown FBoneNode bRemoveBone
BoolProperty: unknown FBoneNode bLockBone
BoolProperty: unknown FBoneNode bRemoveBone
BoolProperty: unknown FBoneNode bLockBone
BoolProperty: unknown FBoneNode bRemoveBone
BoolProperty: unknown FBoneNode bLockBone
BoolProperty: unknown FBoneNode bRemoveBone
BoolProperty: unknown FBoneNode bLockBone
BoolProperty: unknown FBoneNode bRemoveBone
BoolProperty: unknown FBoneNode bLockBone
BoolProperty: unknown FBoneNode bRemoveBone
BoolProperty: unknown FBoneNode bLockBone
BoolProperty: unknown FBoneNode bRemoveBone
BoolProperty: unknown FBoneNode bLockBone
BoolProperty: unknown FBoneNode bRemoveBone
BoolProperty: unknown FBoneNode bLockBone
BoolProperty: unknown FBoneNode bRemoveBone
BoolProperty: unknown FBoneNode bLockBone
BoolProperty: unknown FBoneNode bRemoveBone
BoolProperty: unknown FBoneNode bLockBone
BoolProperty: unknown FBoneNode bRemoveBone
BoolProperty: unknown FBoneNode bLockBone
BoolProperty: unknown FBoneNode bRemoveBone
BoolProperty: unknown FBoneNode bLockBone
BoolProperty: unknown FBoneNode bRemoveBone
BoolProperty: unknown FBoneNode bLockBone
BoolProperty: unknown FBoneNode bRemoveBone
BoolProperty: unknown FBoneNode bLockBone
BoolProperty: unknown FBoneNode bRemoveBone
BoolProperty: unknown FBoneNode bLockBone
BoolProperty: unknown FBoneNode bRemoveBone
BoolProperty: unknown FBoneNode bLockBone
BoolProperty: unknown FBoneNode bRemoveBone
BoolProperty: unknown FBoneNode bLockBone
BoolProperty: unknown FBoneNode bRemoveBone
BoolProperty: unknown FBoneNode bLockBone
BoolProperty: unknown FBoneNode bRemoveBone
BoolProperty: unknown FBoneNode bLockBone
BoolProperty: unknown FBoneNode bRemoveBone
BoolProperty: unknown FBoneNode bLockBone
BoolProperty: unknown FBoneNode bRemoveBone
BoolProperty: unknown FBoneNode bLockBone
BoolProperty: unknown FBoneNode bRemoveBone
BoolProperty: unknown FBoneNode bLockBone
BoolProperty: unknown FBoneNode bRemoveBone
BoolProperty: unknown FBoneNode bLockBone
BoolProperty: unknown FBoneNode bRemoveBone
BoolProperty: unknown FBoneNode bLockBone
BoolProperty: unknown FBoneNode bRemoveBone
BoolProperty: unknown FBoneNode bLockBone
BoolProperty: unknown FBoneNode bRemoveBone
BoolProperty: unknown FBoneNode bLockBone
BoolProperty: unknown FBoneNode bRemoveBone
BoolProperty: unknown FBoneNode bLockBone
BoolProperty: unknown FBoneNode bRemoveBone
BoolProperty: unknown FBoneNode bLockBone
BoolProperty: unknown FBoneNode bRemoveBone
BoolProperty: unknown FBoneNode bLockBone
BoolProperty: unknown FBoneNode bRemoveBone
BoolProperty: unknown FBoneNode bLockBone
BoolProperty: unknown FBoneNode bRemoveBone
BoolProperty: unknown FBoneNode bLockBone
BoolProperty: unknown FBoneNode bRemoveBone
BoolProperty: unknown FBoneNode bLockBone
BoolProperty: unknown FBoneNode bRemoveBone
BoolProperty: unknown FBoneNode bLockBone
BoolProperty: unknown FBoneNode bRemoveBone
BoolProperty: unknown FBoneNode bLockBone
BoolProperty: unknown FBoneNode bRemoveBone
BoolProperty: unknown FBoneNode bLockBone
BoolProperty: unknown FBoneNode bRemoveBone
Exporting objects ...
Exporting AnimSequence4 Deinosuchus_Attack_Bite_TurnRight to C:/Users/Nez/Desktop/GitHub/Ark-Survival-Returns/.work/exports/actorx/Mods/Additions_Pack/Deinosuchus/Dino/Animation/Deinosuchus_Attack_Bite_TurnRight.psa
Memory: allocated 719863 bytes in 708 blocks
Loading AnimSequence4 Deinosuchus_Attack_Deathroll from package Mods/Additions_Pack/Deinosuchus/Dino/Animation/Deinosuchus_Attack_Deathroll.uasset
FloatProperty: unknown FAnimNotifyEvent DisplayTime
BoolProperty: unknown FAnimNotifyEvent bIgnoreOnDediServer
Loading Skeleton Deinosuchus_TLC_Rig_Skeleton from package Mods/Additions_Pack/Deinosuchus/Dino/Deinosuchus_TLC_Rig_Skeleton.uasset
BoolProperty: unknown FBoneNode bLockBone
BoolProperty: unknown FBoneNode bRemoveBone
BoolProperty: unknown FBoneNode bLockBone
BoolProperty: unknown FBoneNode bRemoveBone
BoolProperty: unknown FBoneNode bLockBone
BoolProperty: unknown FBoneNode bRemoveBone
BoolProperty: unknown FBoneNode bLockBone
BoolProperty: unknown FBoneNode bRemoveBone
BoolProperty: unknown FBoneNode bLockBone
BoolProperty: unknown FBoneNode bRemoveBone
BoolProperty: unknown FBoneNode bLockBone
BoolProperty: unknown FBoneNode bRemoveBone
BoolProperty: unknown FBoneNode bLockBone
BoolProperty: unknown FBoneNode bRemoveBone
BoolProperty: unknown FBoneNode bLockBone
BoolProperty: unknown FBoneNode bRemoveBone
BoolProperty: unknown FBoneNode bLockBone
BoolProperty: unknown FBoneNode bRemoveBone
BoolProperty: unknown FBoneNode bLockBone
BoolProperty: unknown FBoneNode bRemoveBone
BoolProperty: unknown FBoneNode bLockBone
BoolProperty: unknown FBoneNode bRemoveBone
BoolProperty: unknown FBoneNode bLockBone
BoolProperty: unknown FBoneNode bRemoveBone
BoolProperty: unknown FBoneNode bLockBone
BoolProperty: unknown FBoneNode bRemoveBone
BoolProperty: unknown FBoneNode bLockBone
BoolProperty: unknown FBoneNode bRemoveBone
BoolProperty: unknown FBoneNode bLockBone
BoolProperty: unknown FBoneNode bRemoveBone
BoolProperty: unknown FBoneNode bLockBone
BoolProperty: unknown FBoneNode bRemoveBone
BoolProperty: unknown FBoneNode bLockBone
BoolProperty: unknown FBoneNode bRemoveBone
BoolProperty: unknown FBoneNode bLockBone
BoolProperty: unknown FBoneNode bRemoveBone
BoolProperty: unknown FBoneNode bLockBone
BoolProperty: unknown FBoneNode bRemoveBone
BoolProperty: unknown FBoneNode bLockBone
BoolProperty: unknown FBoneNode bRemoveBone
BoolProperty: unknown FBoneNode bLockBone
BoolProperty: unknown FBoneNode bRemoveBone
BoolProperty: unknown FBoneNode bLockBone
BoolProperty: unknown FBoneNode bRemoveBone
BoolProperty: unknown FBoneNode bLockBone
BoolProperty: unknown FBoneNode bRemoveBone
BoolProperty: unknown FBoneNode bLockBone
BoolProperty: unknown FBoneNode bRemoveBone
BoolProperty: unknown FBoneNode bLockBone
BoolProperty: unknown FBoneNode bRemoveBone
BoolProperty: unknown FBoneNode bLockBone
BoolProperty: unknown FBoneNode bRemoveBone
BoolProperty: unknown FBoneNode bLockBone
BoolProperty: unknown FBoneNode bRemoveBone
BoolProperty: unknown FBoneNode bLockBone
BoolProperty: unknown FBoneNode bRemoveBone
BoolProperty: unknown FBoneNode bLockBone
BoolProperty: unknown FBoneNode bRemoveBone
BoolProperty: unknown FBoneNode bLockBone
BoolProperty: unknown FBoneNode bRemoveBone
BoolProperty: unknown FBoneNode bLockBone
BoolProperty: unknown FBoneNode bRemoveBone
BoolProperty: unknown FBoneNode bLockBone
BoolProperty: unknown FBoneNode bRemoveBone
BoolProperty: unknown FBoneNode bLockBone
BoolProperty: unknown FBoneNode bRemoveBone
BoolProperty: unknown FBoneNode bLockBone
BoolProperty: unknown FBoneNode bRemoveBone
BoolProperty: unknown FBoneNode bLockBone
BoolProperty: unknown FBoneNode bRemoveBone
BoolProperty: unknown FBoneNode bLockBone
BoolProperty: unknown FBoneNode bRemoveBone
BoolProperty: unknown FBoneNode bLockBone
BoolProperty: unknown FBoneNode bRemoveBone
BoolProperty: unknown FBoneNode bLockBone
BoolProperty: unknown FBoneNode bRemoveBone
BoolProperty: unknown FBoneNode bLockBone
BoolProperty: unknown FBoneNode bRemoveBone
BoolProperty: unknown FBoneNode bLockBone
BoolProperty: unknown FBoneNode bRemoveBone
BoolProperty: unknown FBoneNode bLockBone
BoolProperty: unknown FBoneNode bRemoveBone
BoolProperty: unknown FBoneNode bLockBone
BoolProperty: unknown FBoneNode bRemoveBone
BoolProperty: unknown FBoneNode bLockBone
BoolProperty: unknown FBoneNode bRemoveBone
BoolProperty: unknown FBoneNode bLockBone
BoolProperty: unknown FBoneNode bRemoveBone
BoolProperty: unknown FBoneNode bLockBone
BoolProperty: unknown FBoneNode bRemoveBone
BoolProperty: unknown FBoneNode bLockBone
BoolProperty: unknown FBoneNode bRemoveBone
BoolProperty: unknown FBoneNode bLockBone
BoolProperty: unknown FBoneNode bRemoveBone
BoolProperty: unknown FBoneNode bLockBone
BoolProperty: unknown FBoneNode bRemoveBone
BoolProperty: unknown FBoneNode bLockBone
BoolProperty: unknown FBoneNode bRemoveBone
BoolProperty: unknown FBoneNode bLockBone
BoolProperty: unknown FBoneNode bRemoveBone
BoolProperty: unknown FBoneNode bLockBone
BoolProperty: unknown FBoneNode bRemoveBone
BoolProperty: unknown FBoneNode bLockBone
BoolProperty: unknown FBoneNode bRemoveBone
BoolProperty: unknown FBoneNode bLockBone
BoolProperty: unknown FBoneNode bRemoveBone
BoolProperty: unknown FBoneNode bLockBone
BoolProperty: unknown FBoneNode bRemoveBone
BoolProperty: unknown FBoneNode bLockBone
BoolProperty: unknown FBoneNode bRemoveBone
BoolProperty: unknown FBoneNode bLockBone
BoolProperty: unknown FBoneNode bRemoveBone
BoolProperty: unknown FBoneNode bLockBone
BoolProperty: unknown FBoneNode bRemoveBone
BoolProperty: unknown FBoneNode bLockBone
BoolProperty: unknown FBoneNode bRemoveBone
BoolProperty: unknown FBoneNode bLockBone
BoolProperty: unknown FBoneNode bRemoveBone
BoolProperty: unknown FBoneNode bLockBone
BoolProperty: unknown FBoneNode bRemoveBone
BoolProperty: unknown FBoneNode bLockBone
BoolProperty: unknown FBoneNode bRemoveBone
BoolProperty: unknown FBoneNode bLockBone
BoolProperty: unknown FBoneNode bRemoveBone
BoolProperty: unknown FBoneNode bLockBone
BoolProperty: unknown FBoneNode bRemoveBone
Exporting objects ...
Exporting AnimSequence4 Deinosuchus_Attack_Deathroll to C:/Users/Nez/Desktop/GitHub/Ark-Survival-Returns/.work/exports/actorx/Mods/Additions_Pack/Deinosuchus/Dino/Animation/Deinosuchus_Attack_Deathroll.psa
Memory: allocated 732151 bytes in 711 blocks
Loading AnimSequence4 Deinosuchus_Attack_Deathroll_Start from package Mods/Additions_Pack/Deinosuchus/Dino/Animation/Deinosuchus_Attack_Deathroll_Start.uasset
Loading Skeleton Deinosuchus_TLC_Rig_Skeleton from package Mods/Additions_Pack/Deinosuchus/Dino/Deinosuchus_TLC_Rig_Skeleton.uasset
BoolProperty: unknown FBoneNode bLockBone
BoolProperty: unknown FBoneNode bRemoveBone
BoolProperty: unknown FBoneNode bLockBone
BoolProperty: unknown FBoneNode bRemoveBone
BoolProperty: unknown FBoneNode bLockBone
BoolProperty: unknown FBoneNode bRemoveBone
BoolProperty: unknown FBoneNode bLockBone
BoolProperty: unknown FBoneNode bRemoveBone
BoolProperty: unknown FBoneNode bLockBone
BoolProperty: unknown FBoneNode bRemoveBone
BoolProperty: unknown FBoneNode bLockBone
BoolProperty: unknown FBoneNode bRemoveBone
BoolProperty: unknown FBoneNode bLockBone
BoolProperty: unknown FBoneNode bRemoveBone
BoolProperty: unknown FBoneNode bLockBone
BoolProperty: unknown FBoneNode bRemoveBone
BoolProperty: unknown FBoneNode bLockBone
BoolProperty: unknown FBoneNode bRemoveBone
BoolProperty: unknown FBoneNode bLockBone
BoolProperty: unknown FBoneNode bRemoveBone
BoolProperty: unknown FBoneNode bLockBone
BoolProperty: unknown FBoneNode bRemoveBone
BoolProperty: unknown FBoneNode bLockBone
BoolProperty: unknown FBoneNode bRemoveBone
BoolProperty: unknown FBoneNode bLockBone
BoolProperty: unknown FBoneNode bRemoveBone
BoolProperty: unknown FBoneNode bLockBone
BoolProperty: unknown FBoneNode bRemoveBone
BoolProperty: unknown FBoneNode bLockBone
BoolProperty: unknown FBoneNode bRemoveBone
BoolProperty: unknown FBoneNode bLockBone
BoolProperty: unknown FBoneNode bRemoveBone
BoolProperty: unknown FBoneNode bLockBone
BoolProperty: unknown FBoneNode bRemoveBone
BoolProperty: unknown FBoneNode bLockBone
BoolProperty: unknown FBoneNode bRemoveBone
BoolProperty: unknown FBoneNode bLockBone
BoolProperty: unknown FBoneNode bRemoveBone
BoolProperty: unknown FBoneNode bLockBone
BoolProperty: unknown FBoneNode bRemoveBone
BoolProperty: unknown FBoneNode bLockBone
BoolProperty: unknown FBoneNode bRemoveBone
BoolProperty: unknown FBoneNode bLockBone
BoolProperty: unknown FBoneNode bRemoveBone
BoolProperty: unknown FBoneNode bLockBone
BoolProperty: unknown FBoneNode bRemoveBone
BoolProperty: unknown FBoneNode bLockBone
BoolProperty: unknown FBoneNode bRemoveBone
BoolProperty: unknown FBoneNode bLockBone
BoolProperty: unknown FBoneNode bRemoveBone
BoolProperty: unknown FBoneNode bLockBone
BoolProperty: unknown FBoneNode bRemoveBone
BoolProperty: unknown FBoneNode bLockBone
BoolProperty: unknown FBoneNode bRemoveBone
BoolProperty: unknown FBoneNode bLockBone
BoolProperty: unknown FBoneNode bRemoveBone
BoolProperty: unknown FBoneNode bLockBone
BoolProperty: unknown FBoneNode bRemoveBone
BoolProperty: unknown FBoneNode bLockBone
BoolProperty: unknown FBoneNode bRemoveBone
BoolProperty: unknown FBoneNode bLockBone
BoolProperty: unknown FBoneNode bRemoveBone
BoolProperty: unknown FBoneNode bLockBone
BoolProperty: unknown FBoneNode bRemoveBone
BoolProperty: unknown FBoneNode bLockBone
BoolProperty: unknown FBoneNode bRemoveBone
BoolProperty: unknown FBoneNode bLockBone
BoolProperty: unknown FBoneNode bRemoveBone
BoolProperty: unknown FBoneNode bLockBone
BoolProperty: unknown FBoneNode bRemoveBone
BoolProperty: unknown FBoneNode bLockBone
BoolProperty: unknown FBoneNode bRemoveBone
BoolProperty: unknown FBoneNode bLockBone
BoolProperty: unknown FBoneNode bRemoveBone
BoolProperty: unknown FBoneNode bLockBone
BoolProperty: unknown FBoneNode bRemoveBone
BoolProperty: unknown FBoneNode bLockBone
BoolProperty: unknown FBoneNode bRemoveBone
BoolProperty: unknown FBoneNode bLockBone
BoolProperty: unknown FBoneNode bRemoveBone
BoolProperty: unknown FBoneNode bLockBone
BoolProperty: unknown FBoneNode bRemoveBone
BoolProperty: unknown FBoneNode bLockBone
BoolProperty: unknown FBoneNode bRemoveBone
BoolProperty: unknown FBoneNode bLockBone
BoolProperty: unknown FBoneNode bRemoveBone
BoolProperty: unknown FBoneNode bLockBone
BoolProperty: unknown FBoneNode bRemoveBone
BoolProperty: unknown FBoneNode bLockBone
BoolProperty: unknown FBoneNode bRemoveBone
BoolProperty: unknown FBoneNode bLockBone
BoolProperty: unknown FBoneNode bRemoveBone
BoolProperty: unknown FBoneNode bLockBone
BoolProperty: unknown FBoneNode bRemoveBone
BoolProperty: unknown FBoneNode bLockBone
BoolProperty: unknown FBoneNode bRemoveBone
BoolProperty: unknown FBoneNode bLockBone
BoolProperty: unknown FBoneNode bRemoveBone
BoolProperty: unknown FBoneNode bLockBone
BoolProperty: unknown FBoneNode bRemoveBone
BoolProperty: unknown FBoneNode bLockBone
BoolProperty: unknown FBoneNode bRemoveBone
BoolProperty: unknown FBoneNode bLockBone
BoolProperty: unknown FBoneNode bRemoveBone
BoolProperty: unknown FBoneNode bLockBone
BoolProperty: unknown FBoneNode bRemoveBone
BoolProperty: unknown FBoneNode bLockBone
BoolProperty: unknown FBoneNode bRemoveBone
BoolProperty: unknown FBoneNode bLockBone
BoolProperty: unknown FBoneNode bRemoveBone
BoolProperty: unknown FBoneNode bLockBone
BoolProperty: unknown FBoneNode bRemoveBone
BoolProperty: unknown FBoneNode bLockBone
BoolProperty: unknown FBoneNode bRemoveBone
BoolProperty: unknown FBoneNode bLockBone
BoolProperty: unknown FBoneNode bRemoveBone
BoolProperty: unknown FBoneNode bLockBone
BoolProperty: unknown FBoneNode bRemoveBone
BoolProperty: unknown FBoneNode bLockBone
BoolProperty: unknown FBoneNode bRemoveBone
BoolProperty: unknown FBoneNode bLockBone
BoolProperty: unknown FBoneNode bRemoveBone
BoolProperty: unknown FBoneNode bLockBone
BoolProperty: unknown FBoneNode bRemoveBone
BoolProperty: unknown FBoneNode bLockBone
BoolProperty: unknown FBoneNode bRemoveBone
Exporting objects ...
Exporting AnimSequence4 Deinosuchus_Attack_Deathroll_Start to C:/Users/Nez/Desktop/GitHub/Ark-Survival-Returns/.work/exports/actorx/Mods/Additions_Pack/Deinosuchus/Dino/Animation/Deinosuchus_Attack_Deathroll_Start.psa
Memory: allocated 744439 bytes in 714 blocks
Loading AnimSequence4 Deinosuchus_Attack_GigaBite_Charge from package Mods/Additions_Pack/Deinosuchus/Dino/Animation/Deinosuchus_Attack_GigaBite_Charge.uasset
Loading AnimSequence4 Deinosuchus_Idle from package Mods/Additions_Pack/Deinosuchus/Dino/Animation/Deinosuchus_Idle.uasset
Loading Skeleton Deinosuchus_TLC_Rig_Skeleton from package Mods/Additions_Pack/Deinosuchus/Dino/Deinosuchus_TLC_Rig_Skeleton.uasset
BoolProperty: unknown FBoneNode bLockBone
BoolProperty: unknown FBoneNode bRemoveBone
BoolProperty: unknown FBoneNode bLockBone
BoolProperty: unknown FBoneNode bRemoveBone
BoolProperty: unknown FBoneNode bLockBone
BoolProperty: unknown FBoneNode bRemoveBone
BoolProperty: unknown FBoneNode bLockBone
BoolProperty: unknown FBoneNode bRemoveBone
BoolProperty: unknown FBoneNode bLockBone
BoolProperty: unknown FBoneNode bRemoveBone
BoolProperty: unknown FBoneNode bLockBone
BoolProperty: unknown FBoneNode bRemoveBone
BoolProperty: unknown FBoneNode bLockBone
BoolProperty: unknown FBoneNode bRemoveBone
BoolProperty: unknown FBoneNode bLockBone
BoolProperty: unknown FBoneNode bRemoveBone
BoolProperty: unknown FBoneNode bLockBone
BoolProperty: unknown FBoneNode bRemoveBone
BoolProperty: unknown FBoneNode bLockBone
BoolProperty: unknown FBoneNode bRemoveBone
BoolProperty: unknown FBoneNode bLockBone
BoolProperty: unknown FBoneNode bRemoveBone
BoolProperty: unknown FBoneNode bLockBone
BoolProperty: unknown FBoneNode bRemoveBone
BoolProperty: unknown FBoneNode bLockBone
BoolProperty: unknown FBoneNode bRemoveBone
BoolProperty: unknown FBoneNode bLockBone
BoolProperty: unknown FBoneNode bRemoveBone
BoolProperty: unknown FBoneNode bLockBone
BoolProperty: unknown FBoneNode bRemoveBone
BoolProperty: unknown FBoneNode bLockBone
BoolProperty: unknown FBoneNode bRemoveBone
BoolProperty: unknown FBoneNode bLockBone
BoolProperty: unknown FBoneNode bRemoveBone
BoolProperty: unknown FBoneNode bLockBone
BoolProperty: unknown FBoneNode bRemoveBone
BoolProperty: unknown FBoneNode bLockBone
BoolProperty: unknown FBoneNode bRemoveBone
BoolProperty: unknown FBoneNode bLockBone
BoolProperty: unknown FBoneNode bRemoveBone
BoolProperty: unknown FBoneNode bLockBone
BoolProperty: unknown FBoneNode bRemoveBone
BoolProperty: unknown FBoneNode bLockBone
BoolProperty: unknown FBoneNode bRemoveBone
BoolProperty: unknown FBoneNode bLockBone
BoolProperty: unknown FBoneNode bRemoveBone
BoolProperty: unknown FBoneNode bLockBone
BoolProperty: unknown FBoneNode bRemoveBone
BoolProperty: unknown FBoneNode bLockBone
BoolProperty: unknown FBoneNode bRemoveBone
BoolProperty: unknown FBoneNode bLockBone
BoolProperty: unknown FBoneNode bRemoveBone
BoolProperty: unknown FBoneNode bLockBone
BoolProperty: unknown FBoneNode bRemoveBone
BoolProperty: unknown FBoneNode bLockBone
BoolProperty: unknown FBoneNode bRemoveBone
BoolProperty: unknown FBoneNode bLockBone
BoolProperty: unknown FBoneNode bRemoveBone
BoolProperty: unknown FBoneNode bLockBone
BoolProperty: unknown FBoneNode bRemoveBone
BoolProperty: unknown FBoneNode bLockBone
BoolProperty: unknown FBoneNode bRemoveBone
BoolProperty: unknown FBoneNode bLockBone
BoolProperty: unknown FBoneNode bRemoveBone
BoolProperty: unknown FBoneNode bLockBone
BoolProperty: unknown FBoneNode bRemoveBone
BoolProperty: unknown FBoneNode bLockBone
BoolProperty: unknown FBoneNode bRemoveBone
BoolProperty: unknown FBoneNode bLockBone
BoolProperty: unknown FBoneNode bRemoveBone
BoolProperty: unknown FBoneNode bLockBone
BoolProperty: unknown FBoneNode bRemoveBone
BoolProperty: unknown FBoneNode bLockBone
BoolProperty: unknown FBoneNode bRemoveBone
BoolProperty: unknown FBoneNode bLockBone
BoolProperty: unknown FBoneNode bRemoveBone
BoolProperty: unknown FBoneNode bLockBone
BoolProperty: unknown FBoneNode bRemoveBone
BoolProperty: unknown FBoneNode bLockBone
BoolProperty: unknown FBoneNode bRemoveBone
BoolProperty: unknown FBoneNode bLockBone
BoolProperty: unknown FBoneNode bRemoveBone
BoolProperty: unknown FBoneNode bLockBone
BoolProperty: unknown FBoneNode bRemoveBone
BoolProperty: unknown FBoneNode bLockBone
BoolProperty: unknown FBoneNode bRemoveBone
BoolProperty: unknown FBoneNode bLockBone
BoolProperty: unknown FBoneNode bRemoveBone
BoolProperty: unknown FBoneNode bLockBone
BoolProperty: unknown FBoneNode bRemoveBone
BoolProperty: unknown FBoneNode bLockBone
BoolProperty: unknown FBoneNode bRemoveBone
BoolProperty: unknown FBoneNode bLockBone
BoolProperty: unknown FBoneNode bRemoveBone
BoolProperty: unknown FBoneNode bLockBone
BoolProperty: unknown FBoneNode bRemoveBone
BoolProperty: unknown FBoneNode bLockBone
BoolProperty: unknown FBoneNode bRemoveBone
BoolProperty: unknown FBoneNode bLockBone
BoolProperty: unknown FBoneNode bRemoveBone
BoolProperty: unknown FBoneNode bLockBone
BoolProperty: unknown FBoneNode bRemoveBone
BoolProperty: unknown FBoneNode bLockBone
BoolProperty: unknown FBoneNode bRemoveBone
BoolProperty: unknown FBoneNode bLockBone
BoolProperty: unknown FBoneNode bRemoveBone
BoolProperty: unknown FBoneNode bLockBone
BoolProperty: unknown FBoneNode bRemoveBone
BoolProperty: unknown FBoneNode bLockBone
BoolProperty: unknown FBoneNode bRemoveBone
BoolProperty: unknown FBoneNode bLockBone
BoolProperty: unknown FBoneNode bRemoveBone
BoolProperty: unknown FBoneNode bLockBone
BoolProperty: unknown FBoneNode bRemoveBone
BoolProperty: unknown FBoneNode bLockBone
BoolProperty: unknown FBoneNode bRemoveBone
BoolProperty: unknown FBoneNode bLockBone
BoolProperty: unknown FBoneNode bRemoveBone
BoolProperty: unknown FBoneNode bLockBone
BoolProperty: unknown FBoneNode bRemoveBone
BoolProperty: unknown FBoneNode bLockBone
BoolProperty: unknown FBoneNode bRemoveBone
BoolProperty: unknown FBoneNode bLockBone
BoolProperty: unknown FBoneNode bRemoveBone
BoolProperty: unknown FBoneNode bLockBone
BoolProperty: unknown FBoneNode bRemoveBone
Exporting objects ...
Exporting AnimSequence4 Deinosuchus_Attack_GigaBite_Charge to C:/Users/Nez/Desktop/GitHub/Ark-Survival-Returns/.work/exports/actorx/Mods/Additions_Pack/Deinosuchus/Dino/Animation/Deinosuchus_Attack_GigaBite_Charge.psa
Memory: allocated 756727 bytes in 717 blocks
Loading AnimSequence4 Deinosuchus_Attack_GigaBite_FullSnap from package Mods/Additions_Pack/Deinosuchus/Dino/Animation/Deinosuchus_Attack_GigaBite_FullSnap.uasset
Loading AnimSequence4 Deinosuchus_Idle from package Mods/Additions_Pack/Deinosuchus/Dino/Animation/Deinosuchus_Idle.uasset
Loading Skeleton Deinosuchus_TLC_Rig_Skeleton from package Mods/Additions_Pack/Deinosuchus/Dino/Deinosuchus_TLC_Rig_Skeleton.uasset
BoolProperty: unknown FBoneNode bLockBone
BoolProperty: unknown FBoneNode bRemoveBone
BoolProperty: unknown FBoneNode bLockBone
BoolProperty: unknown FBoneNode bRemoveBone
BoolProperty: unknown FBoneNode bLockBone
BoolProperty: unknown FBoneNode bRemoveBone
BoolProperty: unknown FBoneNode bLockBone
BoolProperty: unknown FBoneNode bRemoveBone
BoolProperty: unknown FBoneNode bLockBone
BoolProperty: unknown FBoneNode bRemoveBone
BoolProperty: unknown FBoneNode bLockBone
BoolProperty: unknown FBoneNode bRemoveBone
BoolProperty: unknown FBoneNode bLockBone
BoolProperty: unknown FBoneNode bRemoveBone
BoolProperty: unknown FBoneNode bLockBone
BoolProperty: unknown FBoneNode bRemoveBone
BoolProperty: unknown FBoneNode bLockBone
BoolProperty: unknown FBoneNode bRemoveBone
BoolProperty: unknown FBoneNode bLockBone
BoolProperty: unknown FBoneNode bRemoveBone
BoolProperty: unknown FBoneNode bLockBone
BoolProperty: unknown FBoneNode bRemoveBone
BoolProperty: unknown FBoneNode bLockBone
BoolProperty: unknown FBoneNode bRemoveBone
BoolProperty: unknown FBoneNode bLockBone
BoolProperty: unknown FBoneNode bRemoveBone
BoolProperty: unknown FBoneNode bLockBone
BoolProperty: unknown FBoneNode bRemoveBone
BoolProperty: unknown FBoneNode bLockBone
BoolProperty: unknown FBoneNode bRemoveBone
BoolProperty: unknown FBoneNode bLockBone
BoolProperty: unknown FBoneNode bRemoveBone
BoolProperty: unknown FBoneNode bLockBone
BoolProperty: unknown FBoneNode bRemoveBone
BoolProperty: unknown FBoneNode bLockBone
BoolProperty: unknown FBoneNode bRemoveBone
BoolProperty: unknown FBoneNode bLockBone
BoolProperty: unknown FBoneNode bRemoveBone
BoolProperty: unknown FBoneNode bLockBone
BoolProperty: unknown FBoneNode bRemoveBone
BoolProperty: unknown FBoneNode bLockBone
BoolProperty: unknown FBoneNode bRemoveBone
BoolProperty: unknown FBoneNode bLockBone
BoolProperty: unknown FBoneNode bRemoveBone
BoolProperty: unknown FBoneNode bLockBone
BoolProperty: unknown FBoneNode bRemoveBone
BoolProperty: unknown FBoneNode bLockBone
BoolProperty: unknown FBoneNode bRemoveBone
BoolProperty: unknown FBoneNode bLockBone
BoolProperty: unknown FBoneNode bRemoveBone
BoolProperty: unknown FBoneNode bLockBone
BoolProperty: unknown FBoneNode bRemoveBone
BoolProperty: unknown FBoneNode bLockBone
BoolProperty: unknown FBoneNode bRemoveBone
BoolProperty: unknown FBoneNode bLockBone
BoolProperty: unknown FBoneNode bRemoveBone
BoolProperty: unknown FBoneNode bLockBone
BoolProperty: unknown FBoneNode bRemoveBone
BoolProperty: unknown FBoneNode bLockBone
BoolProperty: unknown FBoneNode bRemoveBone
BoolProperty: unknown FBoneNode bLockBone
BoolProperty: unknown FBoneNode bRemoveBone
BoolProperty: unknown FBoneNode bLockBone
BoolProperty: unknown FBoneNode bRemoveBone
BoolProperty: unknown FBoneNode bLockBone
BoolProperty: unknown FBoneNode bRemoveBone
BoolProperty: unknown FBoneNode bLockBone
BoolProperty: unknown FBoneNode bRemoveBone
BoolProperty: unknown FBoneNode bLockBone
BoolProperty: unknown FBoneNode bRemoveBone
BoolProperty: unknown FBoneNode bLockBone
BoolProperty: unknown FBoneNode bRemoveBone
BoolProperty: unknown FBoneNode bLockBone
BoolProperty: unknown FBoneNode bRemoveBone
BoolProperty: unknown FBoneNode bLockBone
BoolProperty: unknown FBoneNode bRemoveBone
BoolProperty: unknown FBoneNode bLockBone
BoolProperty: unknown FBoneNode bRemoveBone
BoolProperty: unknown FBoneNode bLockBone
BoolProperty: unknown FBoneNode bRemoveBone
BoolProperty: unknown FBoneNode bLockBone
BoolProperty: unknown FBoneNode bRemoveBone
BoolProperty: unknown FBoneNode bLockBone
BoolProperty: unknown FBoneNode bRemoveBone
BoolProperty: unknown FBoneNode bLockBone
BoolProperty: unknown FBoneNode bRemoveBone
BoolProperty: unknown FBoneNode bLockBone
BoolProperty: unknown FBoneNode bRemoveBone
BoolProperty: unknown FBoneNode bLockBone
BoolProperty: unknown FBoneNode bRemoveBone
BoolProperty: unknown FBoneNode bLockBone
BoolProperty: unknown FBoneNode bRemoveBone
BoolProperty: unknown FBoneNode bLockBone
BoolProperty: unknown FBoneNode bRemoveBone
BoolProperty: unknown FBoneNode bLockBone
BoolProperty: unknown FBoneNode bRemoveBone
BoolProperty: unknown FBoneNode bLockBone
BoolProperty: unknown FBoneNode bRemoveBone
BoolProperty: unknown FBoneNode bLockBone
BoolProperty: unknown FBoneNode bRemoveBone
BoolProperty: unknown FBoneNode bLockBone
BoolProperty: unknown FBoneNode bRemoveBone
BoolProperty: unknown FBoneNode bLockBone
BoolProperty: unknown FBoneNode bRemoveBone
BoolProperty: unknown FBoneNode bLockBone
BoolProperty: unknown FBoneNode bRemoveBone
BoolProperty: unknown FBoneNode bLockBone
BoolProperty: unknown FBoneNode bRemoveBone
BoolProperty: unknown FBoneNode bLockBone
BoolProperty: unknown FBoneNode bRemoveBone
BoolProperty: unknown FBoneNode bLockBone
BoolProperty: unknown FBoneNode bRemoveBone
BoolProperty: unknown FBoneNode bLockBone
BoolProperty: unknown FBoneNode bRemoveBone
BoolProperty: unknown FBoneNode bLockBone
BoolProperty: unknown FBoneNode bRemoveBone
BoolProperty: unknown FBoneNode bLockBone
BoolProperty: unknown FBoneNode bRemoveBone
BoolProperty: unknown FBoneNode bLockBone
BoolProperty: unknown FBoneNode bRemoveBone
BoolProperty: unknown FBoneNode bLockBone
BoolProperty: unknown FBoneNode bRemoveBone
BoolProperty: unknown FBoneNode bLockBone
BoolProperty: unknown FBoneNode bRemoveBone
BoolProperty: unknown FBoneNode bLockBone
BoolProperty: unknown FBoneNode bRemoveBone
Exporting objects ...
Exporting AnimSequence4 Deinosuchus_Attack_GigaBite_FullSnap to C:/Users/Nez/Desktop/GitHub/Ark-Survival-Returns/.work/exports/actorx/Mods/Additions_Pack/Deinosuchus/Dino/Animation/Deinosuchus_Attack_GigaBite_FullSnap.psa
Memory: allocated 769015 bytes in 720 blocks
Loading AnimSequence4 Deinosuchus_Attack_GigaBite_Hold from package Mods/Additions_Pack/Deinosuchus/Dino/Animation/Deinosuchus_Attack_GigaBite_Hold.uasset
Loading AnimSequence4 Deinosuchus_Idle from package Mods/Additions_Pack/Deinosuchus/Dino/Animation/Deinosuchus_Idle.uasset
Loading Skeleton Deinosuchus_TLC_Rig_Skeleton from package Mods/Additions_Pack/Deinosuchus/Dino/Deinosuchus_TLC_Rig_Skeleton.uasset
BoolProperty: unknown FBoneNode bLockBone
BoolProperty: unknown FBoneNode bRemoveBone
BoolProperty: unknown FBoneNode bLockBone
BoolProperty: unknown FBoneNode bRemoveBone
BoolProperty: unknown FBoneNode bLockBone
BoolProperty: unknown FBoneNode bRemoveBone
BoolProperty: unknown FBoneNode bLockBone
BoolProperty: unknown FBoneNode bRemoveBone
BoolProperty: unknown FBoneNode bLockBone
BoolProperty: unknown FBoneNode bRemoveBone
BoolProperty: unknown FBoneNode bLockBone
BoolProperty: unknown FBoneNode bRemoveBone
BoolProperty: unknown FBoneNode bLockBone
BoolProperty: unknown FBoneNode bRemoveBone
BoolProperty: unknown FBoneNode bLockBone
BoolProperty: unknown FBoneNode bRemoveBone
BoolProperty: unknown FBoneNode bLockBone
BoolProperty: unknown FBoneNode bRemoveBone
BoolProperty: unknown FBoneNode bLockBone
BoolProperty: unknown FBoneNode bRemoveBone
BoolProperty: unknown FBoneNode bLockBone
BoolProperty: unknown FBoneNode bRemoveBone
BoolProperty: unknown FBoneNode bLockBone
BoolProperty: unknown FBoneNode bRemoveBone
BoolProperty: unknown FBoneNode bLockBone
BoolProperty: unknown FBoneNode bRemoveBone
BoolProperty: unknown FBoneNode bLockBone
BoolProperty: unknown FBoneNode bRemoveBone
BoolProperty: unknown FBoneNode bLockBone
BoolProperty: unknown FBoneNode bRemoveBone
BoolProperty: unknown FBoneNode bLockBone
BoolProperty: unknown FBoneNode bRemoveBone
BoolProperty: unknown FBoneNode bLockBone
BoolProperty: unknown FBoneNode bRemoveBone
BoolProperty: unknown FBoneNode bLockBone
BoolProperty: unknown FBoneNode bRemoveBone
BoolProperty: unknown FBoneNode bLockBone
BoolProperty: unknown FBoneNode bRemoveBone
BoolProperty: unknown FBoneNode bLockBone
BoolProperty: unknown FBoneNode bRemoveBone
BoolProperty: unknown FBoneNode bLockBone
BoolProperty: unknown FBoneNode bRemoveBone
BoolProperty: unknown FBoneNode bLockBone
BoolProperty: unknown FBoneNode bRemoveBone
BoolProperty: unknown FBoneNode bLockBone
BoolProperty: unknown FBoneNode bRemoveBone
BoolProperty: unknown FBoneNode bLockBone
BoolProperty: unknown FBoneNode bRemoveBone
BoolProperty: unknown FBoneNode bLockBone
BoolProperty: unknown FBoneNode bRemoveBone
BoolProperty: unknown FBoneNode bLockBone
BoolProperty: unknown FBoneNode bRemoveBone
BoolProperty: unknown FBoneNode bLockBone
BoolProperty: unknown FBoneNode bRemoveBone
BoolProperty: unknown FBoneNode bLockBone
BoolProperty: unknown FBoneNode bRemoveBone
BoolProperty: unknown FBoneNode bLockBone
BoolProperty: unknown FBoneNode bRemoveBone
BoolProperty: unknown FBoneNode bLockBone
BoolProperty: unknown FBoneNode bRemoveBone
BoolProperty: unknown FBoneNode bLockBone
BoolProperty: unknown FBoneNode bRemoveBone
BoolProperty: unknown FBoneNode bLockBone
BoolProperty: unknown FBoneNode bRemoveBone
BoolProperty: unknown FBoneNode bLockBone
BoolProperty: unknown FBoneNode bRemoveBone
BoolProperty: unknown FBoneNode bLockBone
BoolProperty: unknown FBoneNode bRemoveBone
BoolProperty: unknown FBoneNode bLockBone
BoolProperty: unknown FBoneNode bRemoveBone
BoolProperty: unknown FBoneNode bLockBone
BoolProperty: unknown FBoneNode bRemoveBone
BoolProperty: unknown FBoneNode bLockBone
BoolProperty: unknown FBoneNode bRemoveBone
BoolProperty: unknown FBoneNode bLockBone
BoolProperty: unknown FBoneNode bRemoveBone
BoolProperty: unknown FBoneNode bLockBone
BoolProperty: unknown FBoneNode bRemoveBone
BoolProperty: unknown FBoneNode bLockBone
BoolProperty: unknown FBoneNode bRemoveBone
BoolProperty: unknown FBoneNode bLockBone
BoolProperty: unknown FBoneNode bRemoveBone
BoolProperty: unknown FBoneNode bLockBone
BoolProperty: unknown FBoneNode bRemoveBone
BoolProperty: unknown FBoneNode bLockBone
BoolProperty: unknown FBoneNode bRemoveBone
BoolProperty: unknown FBoneNode bLockBone
BoolProperty: unknown FBoneNode bRemoveBone
BoolProperty: unknown FBoneNode bLockBone
BoolProperty: unknown FBoneNode bRemoveBone
BoolProperty: unknown FBoneNode bLockBone
BoolProperty: unknown FBoneNode bRemoveBone
BoolProperty: unknown FBoneNode bLockBone
BoolProperty: unknown FBoneNode bRemoveBone
BoolProperty: unknown FBoneNode bLockBone
BoolProperty: unknown FBoneNode bRemoveBone
BoolProperty: unknown FBoneNode bLockBone
BoolProperty: unknown FBoneNode bRemoveBone
BoolProperty: unknown FBoneNode bLockBone
BoolProperty: unknown FBoneNode bRemoveBone
BoolProperty: unknown FBoneNode bLockBone
BoolProperty: unknown FBoneNode bRemoveBone
BoolProperty: unknown FBoneNode bLockBone
BoolProperty: unknown FBoneNode bRemoveBone
BoolProperty: unknown FBoneNode bLockBone
BoolProperty: unknown FBoneNode bRemoveBone
BoolProperty: unknown FBoneNode bLockBone
BoolProperty: unknown FBoneNode bRemoveBone
BoolProperty: unknown FBoneNode bLockBone
BoolProperty: unknown FBoneNode bRemoveBone
BoolProperty: unknown FBoneNode bLockBone
BoolProperty: unknown FBoneNode bRemoveBone
BoolProperty: unknown FBoneNode bLockBone
BoolProperty: unknown FBoneNode bRemoveBone
BoolProperty: unknown FBoneNode bLockBone
BoolProperty: unknown FBoneNode bRemoveBone
BoolProperty: unknown FBoneNode bLockBone
BoolProperty: unknown FBoneNode bRemoveBone
BoolProperty: unknown FBoneNode bLockBone
BoolProperty: unknown FBoneNode bRemoveBone
BoolProperty: unknown FBoneNode bLockBone
BoolProperty: unknown FBoneNode bRemoveBone
BoolProperty: unknown FBoneNode bLockBone
BoolProperty: unknown FBoneNode bRemoveBone
BoolProperty: unknown FBoneNode bLockBone
BoolProperty: unknown FBoneNode bRemoveBone
Exporting objects ...
Exporting AnimSequence4 Deinosuchus_Attack_GigaBite_Hold to C:/Users/Nez/Desktop/GitHub/Ark-Survival-Returns/.work/exports/actorx/Mods/Additions_Pack/Deinosuchus/Dino/Animation/Deinosuchus_Attack_GigaBite_Hold.psa
Memory: allocated 781303 bytes in 723 blocks
Loading AnimSequence4 Deinosuchus_Attack_Hiss from package Mods/Additions_Pack/Deinosuchus/Dino/Animation/Deinosuchus_Attack_Hiss.uasset
Loading AnimSequence4 Deinosuchus_Idle from package Mods/Additions_Pack/Deinosuchus/Dino/Animation/Deinosuchus_Idle.uasset
Loading Skeleton Deinosuchus_TLC_Rig_Skeleton from package Mods/Additions_Pack/Deinosuchus/Dino/Deinosuchus_TLC_Rig_Skeleton.uasset
BoolProperty: unknown FBoneNode bLockBone
BoolProperty: unknown FBoneNode bRemoveBone
BoolProperty: unknown FBoneNode bLockBone
BoolProperty: unknown FBoneNode bRemoveBone
BoolProperty: unknown FBoneNode bLockBone
BoolProperty: unknown FBoneNode bRemoveBone
BoolProperty: unknown FBoneNode bLockBone
BoolProperty: unknown FBoneNode bRemoveBone
BoolProperty: unknown FBoneNode bLockBone
BoolProperty: unknown FBoneNode bRemoveBone
BoolProperty: unknown FBoneNode bLockBone
BoolProperty: unknown FBoneNode bRemoveBone
BoolProperty: unknown FBoneNode bLockBone
BoolProperty: unknown FBoneNode bRemoveBone
BoolProperty: unknown FBoneNode bLockBone
BoolProperty: unknown FBoneNode bRemoveBone
BoolProperty: unknown FBoneNode bLockBone
BoolProperty: unknown FBoneNode bRemoveBone
BoolProperty: unknown FBoneNode bLockBone
BoolProperty: unknown FBoneNode bRemoveBone
BoolProperty: unknown FBoneNode bLockBone
BoolProperty: unknown FBoneNode bRemoveBone
BoolProperty: unknown FBoneNode bLockBone
BoolProperty: unknown FBoneNode bRemoveBone
BoolProperty: unknown FBoneNode bLockBone
BoolProperty: unknown FBoneNode bRemoveBone
BoolProperty: unknown FBoneNode bLockBone
BoolProperty: unknown FBoneNode bRemoveBone
BoolProperty: unknown FBoneNode bLockBone
BoolProperty: unknown FBoneNode bRemoveBone
BoolProperty: unknown FBoneNode bLockBone
BoolProperty: unknown FBoneNode bRemoveBone
BoolProperty: unknown FBoneNode bLockBone
BoolProperty: unknown FBoneNode bRemoveBone
BoolProperty: unknown FBoneNode bLockBone
BoolProperty: unknown FBoneNode bRemoveBone
BoolProperty: unknown FBoneNode bLockBone
BoolProperty: unknown FBoneNode bRemoveBone
BoolProperty: unknown FBoneNode bLockBone
BoolProperty: unknown FBoneNode bRemoveBone
BoolProperty: unknown FBoneNode bLockBone
BoolProperty: unknown FBoneNode bRemoveBone
BoolProperty: unknown FBoneNode bLockBone
BoolProperty: unknown FBoneNode bRemoveBone
BoolProperty: unknown FBoneNode bLockBone
BoolProperty: unknown FBoneNode bRemoveBone
BoolProperty: unknown FBoneNode bLockBone
BoolProperty: unknown FBoneNode bRemoveBone
BoolProperty: unknown FBoneNode bLockBone
BoolProperty: unknown FBoneNode bRemoveBone
BoolProperty: unknown FBoneNode bLockBone
BoolProperty: unknown FBoneNode bRemoveBone
BoolProperty: unknown FBoneNode bLockBone
BoolProperty: unknown FBoneNode bRemoveBone
BoolProperty: unknown FBoneNode bLockBone
BoolProperty: unknown FBoneNode bRemoveBone
BoolProperty: unknown FBoneNode bLockBone
BoolProperty: unknown FBoneNode bRemoveBone
BoolProperty: unknown FBoneNode bLockBone
BoolProperty: unknown FBoneNode bRemoveBone
BoolProperty: unknown FBoneNode bLockBone
BoolProperty: unknown FBoneNode bRemoveBone
BoolProperty: unknown FBoneNode bLockBone
BoolProperty: unknown FBoneNode bRemoveBone
BoolProperty: unknown FBoneNode bLockBone
BoolProperty: unknown FBoneNode bRemoveBone
BoolProperty: unknown FBoneNode bLockBone
BoolProperty: unknown FBoneNode bRemoveBone
BoolProperty: unknown FBoneNode bLockBone
BoolProperty: unknown FBoneNode bRemoveBone
BoolProperty: unknown FBoneNode bLockBone
BoolProperty: unknown FBoneNode bRemoveBone
BoolProperty: unknown FBoneNode bLockBone
BoolProperty: unknown FBoneNode bRemoveBone
BoolProperty: unknown FBoneNode bLockBone
BoolProperty: unknown FBoneNode bRemoveBone
BoolProperty: unknown FBoneNode bLockBone
BoolProperty: unknown FBoneNode bRemoveBone
BoolProperty: unknown FBoneNode bLockBone
BoolProperty: unknown FBoneNode bRemoveBone
BoolProperty: unknown FBoneNode bLockBone
BoolProperty: unknown FBoneNode bRemoveBone
BoolProperty: unknown FBoneNode bLockBone
BoolProperty: unknown FBoneNode bRemoveBone
BoolProperty: unknown FBoneNode bLockBone
BoolProperty: unknown FBoneNode bRemoveBone
BoolProperty: unknown FBoneNode bLockBone
BoolProperty: unknown FBoneNode bRemoveBone
BoolProperty: unknown FBoneNode bLockBone
BoolProperty: unknown FBoneNode bRemoveBone
BoolProperty: unknown FBoneNode bLockBone
BoolProperty: unknown FBoneNode bRemoveBone
BoolProperty: unknown FBoneNode bLockBone
BoolProperty: unknown FBoneNode bRemoveBone
BoolProperty: unknown FBoneNode bLockBone
BoolProperty: unknown FBoneNode bRemoveBone
BoolProperty: unknown FBoneNode bLockBone
BoolProperty: unknown FBoneNode bRemoveBone
BoolProperty: unknown FBoneNode bLockBone
BoolProperty: unknown FBoneNode bRemoveBone
BoolProperty: unknown FBoneNode bLockBone
BoolProperty: unknown FBoneNode bRemoveBone
BoolProperty: unknown FBoneNode bLockBone
BoolProperty: unknown FBoneNode bRemoveBone
BoolProperty: unknown FBoneNode bLockBone
BoolProperty: unknown FBoneNode bRemoveBone
BoolProperty: unknown FBoneNode bLockBone
BoolProperty: unknown FBoneNode bRemoveBone
BoolProperty: unknown FBoneNode bLockBone
BoolProperty: unknown FBoneNode bRemoveBone
BoolProperty: unknown FBoneNode bLockBone
BoolProperty: unknown FBoneNode bRemoveBone
BoolProperty: unknown FBoneNode bLockBone
BoolProperty: unknown FBoneNode bRemoveBone
BoolProperty: unknown FBoneNode bLockBone
BoolProperty: unknown FBoneNode bRemoveBone
BoolProperty: unknown FBoneNode bLockBone
BoolProperty: unknown FBoneNode bRemoveBone
BoolProperty: unknown FBoneNode bLockBone
BoolProperty: unknown FBoneNode bRemoveBone
BoolProperty: unknown FBoneNode bLockBone
BoolProperty: unknown FBoneNode bRemoveBone
BoolProperty: unknown FBoneNode bLockBone
BoolProperty: unknown FBoneNode bRemoveBone
BoolProperty: unknown FBoneNode bLockBone
BoolProperty: unknown FBoneNode bRemoveBone
Exporting objects ...
Exporting AnimSequence4 Deinosuchus_Attack_Hiss to C:/Users/Nez/Desktop/GitHub/Ark-Survival-Returns/.work/exports/actorx/Mods/Additions_Pack/Deinosuchus/Dino/Animation/Deinosuchus_Attack_Hiss.psa
Memory: allocated 793591 bytes in 726 blocks
Loading AnimSequence4 Deinosuchus_Attack_SwimBite from package Mods/Additions_Pack/Deinosuchus/Dino/Animation/Deinosuchus_Attack_SwimBite.uasset
Loading AnimSequence4 Deinosuchus_Swim_Idle from package Mods/Additions_Pack/Deinosuchus/Dino/Animation/Deinosuchus_Swim_Idle.uasset
Loading Skeleton Deinosuchus_TLC_Rig_Skeleton from package Mods/Additions_Pack/Deinosuchus/Dino/Deinosuchus_TLC_Rig_Skeleton.uasset
BoolProperty: unknown FBoneNode bLockBone
BoolProperty: unknown FBoneNode bRemoveBone
BoolProperty: unknown FBoneNode bLockBone
BoolProperty: unknown FBoneNode bRemoveBone
BoolProperty: unknown FBoneNode bLockBone
BoolProperty: unknown FBoneNode bRemoveBone
BoolProperty: unknown FBoneNode bLockBone
BoolProperty: unknown FBoneNode bRemoveBone
BoolProperty: unknown FBoneNode bLockBone
BoolProperty: unknown FBoneNode bRemoveBone
BoolProperty: unknown FBoneNode bLockBone
BoolProperty: unknown FBoneNode bRemoveBone
BoolProperty: unknown FBoneNode bLockBone
BoolProperty: unknown FBoneNode bRemoveBone
BoolProperty: unknown FBoneNode bLockBone
BoolProperty: unknown FBoneNode bRemoveBone
BoolProperty: unknown FBoneNode bLockBone
BoolProperty: unknown FBoneNode bRemoveBone
BoolProperty: unknown FBoneNode bLockBone
BoolProperty: unknown FBoneNode bRemoveBone
BoolProperty: unknown FBoneNode bLockBone
BoolProperty: unknown FBoneNode bRemoveBone
BoolProperty: unknown FBoneNode bLockBone
BoolProperty: unknown FBoneNode bRemoveBone
BoolProperty: unknown FBoneNode bLockBone
BoolProperty: unknown FBoneNode bRemoveBone
BoolProperty: unknown FBoneNode bLockBone
BoolProperty: unknown FBoneNode bRemoveBone
BoolProperty: unknown FBoneNode bLockBone
BoolProperty: unknown FBoneNode bRemoveBone
BoolProperty: unknown FBoneNode bLockBone
BoolProperty: unknown FBoneNode bRemoveBone
BoolProperty: unknown FBoneNode bLockBone
BoolProperty: unknown FBoneNode bRemoveBone
BoolProperty: unknown FBoneNode bLockBone
BoolProperty: unknown FBoneNode bRemoveBone
BoolProperty: unknown FBoneNode bLockBone
BoolProperty: unknown FBoneNode bRemoveBone
BoolProperty: unknown FBoneNode bLockBone
BoolProperty: unknown FBoneNode bRemoveBone
BoolProperty: unknown FBoneNode bLockBone
BoolProperty: unknown FBoneNode bRemoveBone
BoolProperty: unknown FBoneNode bLockBone
BoolProperty: unknown FBoneNode bRemoveBone
BoolProperty: unknown FBoneNode bLockBone
BoolProperty: unknown FBoneNode bRemoveBone
BoolProperty: unknown FBoneNode bLockBone
BoolProperty: unknown FBoneNode bRemoveBone
BoolProperty: unknown FBoneNode bLockBone
BoolProperty: unknown FBoneNode bRemoveBone
BoolProperty: unknown FBoneNode bLockBone
BoolProperty: unknown FBoneNode bRemoveBone
BoolProperty: unknown FBoneNode bLockBone
BoolProperty: unknown FBoneNode bRemoveBone
BoolProperty: unknown FBoneNode bLockBone
BoolProperty: unknown FBoneNode bRemoveBone
BoolProperty: unknown FBoneNode bLockBone
BoolProperty: unknown FBoneNode bRemoveBone
BoolProperty: unknown FBoneNode bLockBone
BoolProperty: unknown FBoneNode bRemoveBone
BoolProperty: unknown FBoneNode bLockBone
BoolProperty: unknown FBoneNode bRemoveBone
BoolProperty: unknown FBoneNode bLockBone
BoolProperty: unknown FBoneNode bRemoveBone
BoolProperty: unknown FBoneNode bLockBone
BoolProperty: unknown FBoneNode bRemoveBone
BoolProperty: unknown FBoneNode bLockBone
BoolProperty: unknown FBoneNode bRemoveBone
BoolProperty: unknown FBoneNode bLockBone
BoolProperty: unknown FBoneNode bRemoveBone
BoolProperty: unknown FBoneNode bLockBone
BoolProperty: unknown FBoneNode bRemoveBone
BoolProperty: unknown FBoneNode bLockBone
BoolProperty: unknown FBoneNode bRemoveBone
BoolProperty: unknown FBoneNode bLockBone
BoolProperty: unknown FBoneNode bRemoveBone
BoolProperty: unknown FBoneNode bLockBone
BoolProperty: unknown FBoneNode bRemoveBone
BoolProperty: unknown FBoneNode bLockBone
BoolProperty: unknown FBoneNode bRemoveBone
BoolProperty: unknown FBoneNode bLockBone
BoolProperty: unknown FBoneNode bRemoveBone
BoolProperty: unknown FBoneNode bLockBone
BoolProperty: unknown FBoneNode bRemoveBone
BoolProperty: unknown FBoneNode bLockBone
BoolProperty: unknown FBoneNode bRemoveBone
BoolProperty: unknown FBoneNode bLockBone
BoolProperty: unknown FBoneNode bRemoveBone
BoolProperty: unknown FBoneNode bLockBone
BoolProperty: unknown FBoneNode bRemoveBone
BoolProperty: unknown FBoneNode bLockBone
BoolProperty: unknown FBoneNode bRemoveBone
BoolProperty: unknown FBoneNode bLockBone
BoolProperty: unknown FBoneNode bRemoveBone
BoolProperty: unknown FBoneNode bLockBone
BoolProperty: unknown FBoneNode bRemoveBone
BoolProperty: unknown FBoneNode bLockBone
BoolProperty: unknown FBoneNode bRemoveBone
BoolProperty: unknown FBoneNode bLockBone
BoolProperty: unknown FBoneNode bRemoveBone
BoolProperty: unknown FBoneNode bLockBone
BoolProperty: unknown FBoneNode bRemoveBone
BoolProperty: unknown FBoneNode bLockBone
BoolProperty: unknown FBoneNode bRemoveBone
BoolProperty: unknown FBoneNode bLockBone
BoolProperty: unknown FBoneNode bRemoveBone
BoolProperty: unknown FBoneNode bLockBone
BoolProperty: unknown FBoneNode bRemoveBone
BoolProperty: unknown FBoneNode bLockBone
BoolProperty: unknown FBoneNode bRemoveBone
BoolProperty: unknown FBoneNode bLockBone
BoolProperty: unknown FBoneNode bRemoveBone
BoolProperty: unknown FBoneNode bLockBone
BoolProperty: unknown FBoneNode bRemoveBone
BoolProperty: unknown FBoneNode bLockBone
BoolProperty: unknown FBoneNode bRemoveBone
BoolProperty: unknown FBoneNode bLockBone
BoolProperty: unknown FBoneNode bRemoveBone
BoolProperty: unknown FBoneNode bLockBone
BoolProperty: unknown FBoneNode bRemoveBone
BoolProperty: unknown FBoneNode bLockBone
BoolProperty: unknown FBoneNode bRemoveBone
BoolProperty: unknown FBoneNode bLockBone
BoolProperty: unknown FBoneNode bRemoveBone
BoolProperty: unknown FBoneNode bLockBone
BoolProperty: unknown FBoneNode bRemoveBone
Exporting objects ...
Exporting AnimSequence4 Deinosuchus_Attack_SwimBite to C:/Users/Nez/Desktop/GitHub/Ark-Survival-Returns/.work/exports/actorx/Mods/Additions_Pack/Deinosuchus/Dino/Animation/Deinosuchus_Attack_SwimBite.psa
Exporting AnimSequence4 Deinosuchus_Swim_Idle to C:/Users/Nez/Desktop/GitHub/Ark-Survival-Returns/.work/exports/actorx/Mods/Additions_Pack/Deinosuchus/Dino/Animation/Deinosuchus_Swim_Idle.psa
Memory: allocated 818167 bytes in 732 blocks
Loading AnimSequence4 Deinosuchus_Attack_TailWhip_Left from package Mods/Additions_Pack/Deinosuchus/Dino/Animation/Deinosuchus_Attack_TailWhip_Left.uasset
Loading Skeleton Deinosuchus_TLC_Rig_Skeleton from package Mods/Additions_Pack/Deinosuchus/Dino/Deinosuchus_TLC_Rig_Skeleton.uasset
BoolProperty: unknown FBoneNode bLockBone
BoolProperty: unknown FBoneNode bRemoveBone
BoolProperty: unknown FBoneNode bLockBone
BoolProperty: unknown FBoneNode bRemoveBone
BoolProperty: unknown FBoneNode bLockBone
BoolProperty: unknown FBoneNode bRemoveBone
BoolProperty: unknown FBoneNode bLockBone
BoolProperty: unknown FBoneNode bRemoveBone
BoolProperty: unknown FBoneNode bLockBone
BoolProperty: unknown FBoneNode bRemoveBone
BoolProperty: unknown FBoneNode bLockBone
BoolProperty: unknown FBoneNode bRemoveBone
BoolProperty: unknown FBoneNode bLockBone
BoolProperty: unknown FBoneNode bRemoveBone
BoolProperty: unknown FBoneNode bLockBone
BoolProperty: unknown FBoneNode bRemoveBone
BoolProperty: unknown FBoneNode bLockBone
BoolProperty: unknown FBoneNode bRemoveBone
BoolProperty: unknown FBoneNode bLockBone
BoolProperty: unknown FBoneNode bRemoveBone
BoolProperty: unknown FBoneNode bLockBone
BoolProperty: unknown FBoneNode bRemoveBone
BoolProperty: unknown FBoneNode bLockBone
BoolProperty: unknown FBoneNode bRemoveBone
BoolProperty: unknown FBoneNode bLockBone
BoolProperty: unknown FBoneNode bRemoveBone
BoolProperty: unknown FBoneNode bLockBone
BoolProperty: unknown FBoneNode bRemoveBone
BoolProperty: unknown FBoneNode bLockBone
BoolProperty: unknown FBoneNode bRemoveBone
BoolProperty: unknown FBoneNode bLockBone
BoolProperty: unknown FBoneNode bRemoveBone
BoolProperty: unknown FBoneNode bLockBone
BoolProperty: unknown FBoneNode bRemoveBone
BoolProperty: unknown FBoneNode bLockBone
BoolProperty: unknown FBoneNode bRemoveBone
BoolProperty: unknown FBoneNode bLockBone
BoolProperty: unknown FBoneNode bRemoveBone
BoolProperty: unknown FBoneNode bLockBone
BoolProperty: unknown FBoneNode bRemoveBone
BoolProperty: unknown FBoneNode bLockBone
BoolProperty: unknown FBoneNode bRemoveBone
BoolProperty: unknown FBoneNode bLockBone
BoolProperty: unknown FBoneNode bRemoveBone
BoolProperty: unknown FBoneNode bLockBone
BoolProperty: unknown FBoneNode bRemoveBone
BoolProperty: unknown FBoneNode bLockBone
BoolProperty: unknown FBoneNode bRemoveBone
BoolProperty: unknown FBoneNode bLockBone
BoolProperty: unknown FBoneNode bRemoveBone
BoolProperty: unknown FBoneNode bLockBone
BoolProperty: unknown FBoneNode bRemoveBone
BoolProperty: unknown FBoneNode bLockBone
BoolProperty: unknown FBoneNode bRemoveBone
BoolProperty: unknown FBoneNode bLockBone
BoolProperty: unknown FBoneNode bRemoveBone
BoolProperty: unknown FBoneNode bLockBone
BoolProperty: unknown FBoneNode bRemoveBone
BoolProperty: unknown FBoneNode bLockBone
BoolProperty: unknown FBoneNode bRemoveBone
BoolProperty: unknown FBoneNode bLockBone
BoolProperty: unknown FBoneNode bRemoveBone
BoolProperty: unknown FBoneNode bLockBone
BoolProperty: unknown FBoneNode bRemoveBone
BoolProperty: unknown FBoneNode bLockBone
BoolProperty: unknown FBoneNode bRemoveBone
BoolProperty: unknown FBoneNode bLockBone
BoolProperty: unknown FBoneNode bRemoveBone
BoolProperty: unknown FBoneNode bLockBone
BoolProperty: unknown FBoneNode bRemoveBone
BoolProperty: unknown FBoneNode bLockBone
BoolProperty: unknown FBoneNode bRemoveBone
BoolProperty: unknown FBoneNode bLockBone
BoolProperty: unknown FBoneNode bRemoveBone
BoolProperty: unknown FBoneNode bLockBone
BoolProperty: unknown FBoneNode bRemoveBone
BoolProperty: unknown FBoneNode bLockBone
BoolProperty: unknown FBoneNode bRemoveBone
BoolProperty: unknown FBoneNode bLockBone
BoolProperty: unknown FBoneNode bRemoveBone
BoolProperty: unknown FBoneNode bLockBone
BoolProperty: unknown FBoneNode bRemoveBone
BoolProperty: unknown FBoneNode bLockBone
BoolProperty: unknown FBoneNode bRemoveBone
BoolProperty: unknown FBoneNode bLockBone
BoolProperty: unknown FBoneNode bRemoveBone
BoolProperty: unknown FBoneNode bLockBone
BoolProperty: unknown FBoneNode bRemoveBone
BoolProperty: unknown FBoneNode bLockBone
BoolProperty: unknown FBoneNode bRemoveBone
BoolProperty: unknown FBoneNode bLockBone
BoolProperty: unknown FBoneNode bRemoveBone
BoolProperty: unknown FBoneNode bLockBone
BoolProperty: unknown FBoneNode bRemoveBone
BoolProperty: unknown FBoneNode bLockBone
BoolProperty: unknown FBoneNode bRemoveBone
BoolProperty: unknown FBoneNode bLockBone
BoolProperty: unknown FBoneNode bRemoveBone
BoolProperty: unknown FBoneNode bLockBone
BoolProperty: unknown FBoneNode bRemoveBone
BoolProperty: unknown FBoneNode bLockBone
BoolProperty: unknown FBoneNode bRemoveBone
BoolProperty: unknown FBoneNode bLockBone
BoolProperty: unknown FBoneNode bRemoveBone
BoolProperty: unknown FBoneNode bLockBone
BoolProperty: unknown FBoneNode bRemoveBone
BoolProperty: unknown FBoneNode bLockBone
BoolProperty: unknown FBoneNode bRemoveBone
BoolProperty: unknown FBoneNode bLockBone
BoolProperty: unknown FBoneNode bRemoveBone
BoolProperty: unknown FBoneNode bLockBone
BoolProperty: unknown FBoneNode bRemoveBone
BoolProperty: unknown FBoneNode bLockBone
BoolProperty: unknown FBoneNode bRemoveBone
BoolProperty: unknown FBoneNode bLockBone
BoolProperty: unknown FBoneNode bRemoveBone
BoolProperty: unknown FBoneNode bLockBone
BoolProperty: unknown FBoneNode bRemoveBone
BoolProperty: unknown FBoneNode bLockBone
BoolProperty: unknown FBoneNode bRemoveBone
BoolProperty: unknown FBoneNode bLockBone
BoolProperty: unknown FBoneNode bRemoveBone
BoolProperty: unknown FBoneNode bLockBone
BoolProperty: unknown FBoneNode bRemoveBone
BoolProperty: unknown FBoneNode bLockBone
BoolProperty: unknown FBoneNode bRemoveBone
Exporting objects ...
Exporting AnimSequence4 Deinosuchus_Attack_TailWhip_Left to C:/Users/Nez/Desktop/GitHub/Ark-Survival-Returns/.work/exports/actorx/Mods/Additions_Pack/Deinosuchus/Dino/Animation/Deinosuchus_Attack_TailWhip_Left.psa
Memory: allocated 830455 bytes in 735 blocks
Loading AnimSequence4 Deinosuchus_Attack_TailWhip_Right from package Mods/Additions_Pack/Deinosuchus/Dino/Animation/Deinosuchus_Attack_TailWhip_Right.uasset
Loading Skeleton Deinosuchus_TLC_Rig_Skeleton from package Mods/Additions_Pack/Deinosuchus/Dino/Deinosuchus_TLC_Rig_Skeleton.uasset
BoolProperty: unknown FBoneNode bLockBone
BoolProperty: unknown FBoneNode bRemoveBone
BoolProperty: unknown FBoneNode bLockBone
BoolProperty: unknown FBoneNode bRemoveBone
BoolProperty: unknown FBoneNode bLockBone
BoolProperty: unknown FBoneNode bRemoveBone
BoolProperty: unknown FBoneNode bLockBone
BoolProperty: unknown FBoneNode bRemoveBone
BoolProperty: unknown FBoneNode bLockBone
BoolProperty: unknown FBoneNode bRemoveBone
BoolProperty: unknown FBoneNode bLockBone
BoolProperty: unknown FBoneNode bRemoveBone
BoolProperty: unknown FBoneNode bLockBone
BoolProperty: unknown FBoneNode bRemoveBone
BoolProperty: unknown FBoneNode bLockBone
BoolProperty: unknown FBoneNode bRemoveBone
BoolProperty: unknown FBoneNode bLockBone
BoolProperty: unknown FBoneNode bRemoveBone
BoolProperty: unknown FBoneNode bLockBone
BoolProperty: unknown FBoneNode bRemoveBone
BoolProperty: unknown FBoneNode bLockBone
BoolProperty: unknown FBoneNode bRemoveBone
BoolProperty: unknown FBoneNode bLockBone
BoolProperty: unknown FBoneNode bRemoveBone
BoolProperty: unknown FBoneNode bLockBone
BoolProperty: unknown FBoneNode bRemoveBone
BoolProperty: unknown FBoneNode bLockBone
BoolProperty: unknown FBoneNode bRemoveBone
BoolProperty: unknown FBoneNode bLockBone
BoolProperty: unknown FBoneNode bRemoveBone
BoolProperty: unknown FBoneNode bLockBone
BoolProperty: unknown FBoneNode bRemoveBone
BoolProperty: unknown FBoneNode bLockBone
BoolProperty: unknown FBoneNode bRemoveBone
BoolProperty: unknown FBoneNode bLockBone
BoolProperty: unknown FBoneNode bRemoveBone
BoolProperty: unknown FBoneNode bLockBone
BoolProperty: unknown FBoneNode bRemoveBone
BoolProperty: unknown FBoneNode bLockBone
BoolProperty: unknown FBoneNode bRemoveBone
BoolProperty: unknown FBoneNode bLockBone
BoolProperty: unknown FBoneNode bRemoveBone
BoolProperty: unknown FBoneNode bLockBone
BoolProperty: unknown FBoneNode bRemoveBone
BoolProperty: unknown FBoneNode bLockBone
BoolProperty: unknown FBoneNode bRemoveBone
BoolProperty: unknown FBoneNode bLockBone
BoolProperty: unknown FBoneNode bRemoveBone
BoolProperty: unknown FBoneNode bLockBone
BoolProperty: unknown FBoneNode bRemoveBone
BoolProperty: unknown FBoneNode bLockBone
BoolProperty: unknown FBoneNode bRemoveBone
BoolProperty: unknown FBoneNode bLockBone
BoolProperty: unknown FBoneNode bRemoveBone
BoolProperty: unknown FBoneNode bLockBone
BoolProperty: unknown FBoneNode bRemoveBone
BoolProperty: unknown FBoneNode bLockBone
BoolProperty: unknown FBoneNode bRemoveBone
BoolProperty: unknown FBoneNode bLockBone
BoolProperty: unknown FBoneNode bRemoveBone
BoolProperty: unknown FBoneNode bLockBone
BoolProperty: unknown FBoneNode bRemoveBone
BoolProperty: unknown FBoneNode bLockBone
BoolProperty: unknown FBoneNode bRemoveBone
BoolProperty: unknown FBoneNode bLockBone
BoolProperty: unknown FBoneNode bRemoveBone
BoolProperty: unknown FBoneNode bLockBone
BoolProperty: unknown FBoneNode bRemoveBone
BoolProperty: unknown FBoneNode bLockBone
BoolProperty: unknown FBoneNode bRemoveBone
BoolProperty: unknown FBoneNode bLockBone
BoolProperty: unknown FBoneNode bRemoveBone
BoolProperty: unknown FBoneNode bLockBone
BoolProperty: unknown FBoneNode bRemoveBone
BoolProperty: unknown FBoneNode bLockBone
BoolProperty: unknown FBoneNode bRemoveBone
BoolProperty: unknown FBoneNode bLockBone
BoolProperty: unknown FBoneNode bRemoveBone
BoolProperty: unknown FBoneNode bLockBone
BoolProperty: unknown FBoneNode bRemoveBone
BoolProperty: unknown FBoneNode bLockBone
BoolProperty: unknown FBoneNode bRemoveBone
BoolProperty: unknown FBoneNode bLockBone
BoolProperty: unknown FBoneNode bRemoveBone
BoolProperty: unknown FBoneNode bLockBone
BoolProperty: unknown FBoneNode bRemoveBone
BoolProperty: unknown FBoneNode bLockBone
BoolProperty: unknown FBoneNode bRemoveBone
BoolProperty: unknown FBoneNode bLockBone
BoolProperty: unknown FBoneNode bRemoveBone
BoolProperty: unknown FBoneNode bLockBone
BoolProperty: unknown FBoneNode bRemoveBone
BoolProperty: unknown FBoneNode bLockBone
BoolProperty: unknown FBoneNode bRemoveBone
BoolProperty: unknown FBoneNode bLockBone
BoolProperty: unknown FBoneNode bRemoveBone
BoolProperty: unknown FBoneNode bLockBone
BoolProperty: unknown FBoneNode bRemoveBone
BoolProperty: unknown FBoneNode bLockBone
BoolProperty: unknown FBoneNode bRemoveBone
BoolProperty: unknown FBoneNode bLockBone
BoolProperty: unknown FBoneNode bRemoveBone
BoolProperty: unknown FBoneNode bLockBone
BoolProperty: unknown FBoneNode bRemoveBone
BoolProperty: unknown FBoneNode bLockBone
BoolProperty: unknown FBoneNode bRemoveBone
BoolProperty: unknown FBoneNode bLockBone
BoolProperty: unknown FBoneNode bRemoveBone
BoolProperty: unknown FBoneNode bLockBone
BoolProperty: unknown FBoneNode bRemoveBone
BoolProperty: unknown FBoneNode bLockBone
BoolProperty: unknown FBoneNode bRemoveBone
BoolProperty: unknown FBoneNode bLockBone
BoolProperty: unknown FBoneNode bRemoveBone
BoolProperty: unknown FBoneNode bLockBone
BoolProperty: unknown FBoneNode bRemoveBone
BoolProperty: unknown FBoneNode bLockBone
BoolProperty: unknown FBoneNode bRemoveBone
BoolProperty: unknown FBoneNode bLockBone
BoolProperty: unknown FBoneNode bRemoveBone
BoolProperty: unknown FBoneNode bLockBone
BoolProperty: unknown FBoneNode bRemoveBone
BoolProperty: unknown FBoneNode bLockBone
BoolProperty: unknown FBoneNode bRemoveBone
BoolProperty: unknown FBoneNode bLockBone
BoolProperty: unknown FBoneNode bRemoveBone
Exporting objects ...
Exporting AnimSequence4 Deinosuchus_Attack_TailWhip_Right to C:/Users/Nez/Desktop/GitHub/Ark-Survival-Returns/.work/exports/actorx/Mods/Additions_Pack/Deinosuchus/Dino/Animation/Deinosuchus_Attack_TailWhip_Right.psa
Memory: allocated 842743 bytes in 738 blocks
Loading AnimSequence4 Deinosuchus_Basking_End from package Mods/Additions_Pack/Deinosuchus/Dino/Animation/Deinosuchus_Basking_End.uasset
Loading AnimSequence4 Deinosuchus_Idle from package Mods/Additions_Pack/Deinosuchus/Dino/Animation/Deinosuchus_Idle.uasset
Loading Skeleton Deinosuchus_TLC_Rig_Skeleton from package Mods/Additions_Pack/Deinosuchus/Dino/Deinosuchus_TLC_Rig_Skeleton.uasset
BoolProperty: unknown FBoneNode bLockBone
BoolProperty: unknown FBoneNode bRemoveBone
BoolProperty: unknown FBoneNode bLockBone
BoolProperty: unknown FBoneNode bRemoveBone
BoolProperty: unknown FBoneNode bLockBone
BoolProperty: unknown FBoneNode bRemoveBone
BoolProperty: unknown FBoneNode bLockBone
BoolProperty: unknown FBoneNode bRemoveBone
BoolProperty: unknown FBoneNode bLockBone
BoolProperty: unknown FBoneNode bRemoveBone
BoolProperty: unknown FBoneNode bLockBone
BoolProperty: unknown FBoneNode bRemoveBone
BoolProperty: unknown FBoneNode bLockBone
BoolProperty: unknown FBoneNode bRemoveBone
BoolProperty: unknown FBoneNode bLockBone
BoolProperty: unknown FBoneNode bRemoveBone
BoolProperty: unknown FBoneNode bLockBone
BoolProperty: unknown FBoneNode bRemoveBone
BoolProperty: unknown FBoneNode bLockBone
BoolProperty: unknown FBoneNode bRemoveBone
BoolProperty: unknown FBoneNode bLockBone
BoolProperty: unknown FBoneNode bRemoveBone
BoolProperty: unknown FBoneNode bLockBone
BoolProperty: unknown FBoneNode bRemoveBone
BoolProperty: unknown FBoneNode bLockBone
BoolProperty: unknown FBoneNode bRemoveBone
BoolProperty: unknown FBoneNode bLockBone
BoolProperty: unknown FBoneNode bRemoveBone
BoolProperty: unknown FBoneNode bLockBone
BoolProperty: unknown FBoneNode bRemoveBone
BoolProperty: unknown FBoneNode bLockBone
BoolProperty: unknown FBoneNode bRemoveBone
BoolProperty: unknown FBoneNode bLockBone
BoolProperty: unknown FBoneNode bRemoveBone
BoolProperty: unknown FBoneNode bLockBone
BoolProperty: unknown FBoneNode bRemoveBone
BoolProperty: unknown FBoneNode bLockBone
BoolProperty: unknown FBoneNode bRemoveBone
BoolProperty: unknown FBoneNode bLockBone
BoolProperty: unknown FBoneNode bRemoveBone
BoolProperty: unknown FBoneNode bLockBone
BoolProperty: unknown FBoneNode bRemoveBone
BoolProperty: unknown FBoneNode bLockBone
BoolProperty: unknown FBoneNode bRemoveBone
BoolProperty: unknown FBoneNode bLockBone
BoolProperty: unknown FBoneNode bRemoveBone
BoolProperty: unknown FBoneNode bLockBone
BoolProperty: unknown FBoneNode bRemoveBone
BoolProperty: unknown FBoneNode bLockBone
BoolProperty: unknown FBoneNode bRemoveBone
BoolProperty: unknown FBoneNode bLockBone
BoolProperty: unknown FBoneNode bRemoveBone
BoolProperty: unknown FBoneNode bLockBone
BoolProperty: unknown FBoneNode bRemoveBone
BoolProperty: unknown FBoneNode bLockBone
BoolProperty: unknown FBoneNode bRemoveBone
BoolProperty: unknown FBoneNode bLockBone
BoolProperty: unknown FBoneNode bRemoveBone
BoolProperty: unknown FBoneNode bLockBone
BoolProperty: unknown FBoneNode bRemoveBone
BoolProperty: unknown FBoneNode bLockBone
BoolProperty: unknown FBoneNode bRemoveBone
BoolProperty: unknown FBoneNode bLockBone
BoolProperty: unknown FBoneNode bRemoveBone
BoolProperty: unknown FBoneNode bLockBone
BoolProperty: unknown FBoneNode bRemoveBone
BoolProperty: unknown FBoneNode bLockBone
BoolProperty: unknown FBoneNode bRemoveBone
BoolProperty: unknown FBoneNode bLockBone
BoolProperty: unknown FBoneNode bRemoveBone
BoolProperty: unknown FBoneNode bLockBone
BoolProperty: unknown FBoneNode bRemoveBone
BoolProperty: unknown FBoneNode bLockBone
BoolProperty: unknown FBoneNode bRemoveBone
BoolProperty: unknown FBoneNode bLockBone
BoolProperty: unknown FBoneNode bRemoveBone
BoolProperty: unknown FBoneNode bLockBone
BoolProperty: unknown FBoneNode bRemoveBone
BoolProperty: unknown FBoneNode bLockBone
BoolProperty: unknown FBoneNode bRemoveBone
BoolProperty: unknown FBoneNode bLockBone
BoolProperty: unknown FBoneNode bRemoveBone
BoolProperty: unknown FBoneNode bLockBone
BoolProperty: unknown FBoneNode bRemoveBone
BoolProperty: unknown FBoneNode bLockBone
BoolProperty: unknown FBoneNode bRemoveBone
BoolProperty: unknown FBoneNode bLockBone
BoolProperty: unknown FBoneNode bRemoveBone
BoolProperty: unknown FBoneNode bLockBone
BoolProperty: unknown FBoneNode bRemoveBone
BoolProperty: unknown FBoneNode bLockBone
BoolProperty: unknown FBoneNode bRemoveBone
BoolProperty: unknown FBoneNode bLockBone
BoolProperty: unknown FBoneNode bRemoveBone
BoolProperty: unknown FBoneNode bLockBone
BoolProperty: unknown FBoneNode bRemoveBone
BoolProperty: unknown FBoneNode bLockBone
BoolProperty: unknown FBoneNode bRemoveBone
BoolProperty: unknown FBoneNode bLockBone
BoolProperty: unknown FBoneNode bRemoveBone
BoolProperty: unknown FBoneNode bLockBone
BoolProperty: unknown FBoneNode bRemoveBone
BoolProperty: unknown FBoneNode bLockBone
BoolProperty: unknown FBoneNode bRemoveBone
BoolProperty: unknown FBoneNode bLockBone
BoolProperty: unknown FBoneNode bRemoveBone
BoolProperty: unknown FBoneNode bLockBone
BoolProperty: unknown FBoneNode bRemoveBone
BoolProperty: unknown FBoneNode bLockBone
BoolProperty: unknown FBoneNode bRemoveBone
BoolProperty: unknown FBoneNode bLockBone
BoolProperty: unknown FBoneNode bRemoveBone
BoolProperty: unknown FBoneNode bLockBone
BoolProperty: unknown FBoneNode bRemoveBone
BoolProperty: unknown FBoneNode bLockBone
BoolProperty: unknown FBoneNode bRemoveBone
BoolProperty: unknown FBoneNode bLockBone
BoolProperty: unknown FBoneNode bRemoveBone
BoolProperty: unknown FBoneNode bLockBone
BoolProperty: unknown FBoneNode bRemoveBone
BoolProperty: unknown FBoneNode bLockBone
BoolProperty: unknown FBoneNode bRemoveBone
BoolProperty: unknown FBoneNode bLockBone
BoolProperty: unknown FBoneNode bRemoveBone
BoolProperty: unknown FBoneNode bLockBone
BoolProperty: unknown FBoneNode bRemoveBone
Exporting objects ...
Exporting AnimSequence4 Deinosuchus_Basking_End to C:/Users/Nez/Desktop/GitHub/Ark-Survival-Returns/.work/exports/actorx/Mods/Additions_Pack/Deinosuchus/Dino/Animation/Deinosuchus_Basking_End.psa
Memory: allocated 855031 bytes in 741 blocks
Loading AnimSequence4 Deinosuchus_Basking_Idle from package Mods/Additions_Pack/Deinosuchus/Dino/Animation/Deinosuchus_Basking_Idle.uasset
Loading AnimSequence4 Deinosuchus_Idle from package Mods/Additions_Pack/Deinosuchus/Dino/Animation/Deinosuchus_Idle.uasset
Loading Skeleton Deinosuchus_TLC_Rig_Skeleton from package Mods/Additions_Pack/Deinosuchus/Dino/Deinosuchus_TLC_Rig_Skeleton.uasset
BoolProperty: unknown FBoneNode bLockBone
BoolProperty: unknown FBoneNode bRemoveBone
BoolProperty: unknown FBoneNode bLockBone
BoolProperty: unknown FBoneNode bRemoveBone
BoolProperty: unknown FBoneNode bLockBone
BoolProperty: unknown FBoneNode bRemoveBone
BoolProperty: unknown FBoneNode bLockBone
BoolProperty: unknown FBoneNode bRemoveBone
BoolProperty: unknown FBoneNode bLockBone
BoolProperty: unknown FBoneNode bRemoveBone
BoolProperty: unknown FBoneNode bLockBone
BoolProperty: unknown FBoneNode bRemoveBone
BoolProperty: unknown FBoneNode bLockBone
BoolProperty: unknown FBoneNode bRemoveBone
BoolProperty: unknown FBoneNode bLockBone
BoolProperty: unknown FBoneNode bRemoveBone
BoolProperty: unknown FBoneNode bLockBone
BoolProperty: unknown FBoneNode bRemoveBone
BoolProperty: unknown FBoneNode bLockBone
BoolProperty: unknown FBoneNode bRemoveBone
BoolProperty: unknown FBoneNode bLockBone
BoolProperty: unknown FBoneNode bRemoveBone
BoolProperty: unknown FBoneNode bLockBone
BoolProperty: unknown FBoneNode bRemoveBone
BoolProperty: unknown FBoneNode bLockBone
BoolProperty: unknown FBoneNode bRemoveBone
BoolProperty: unknown FBoneNode bLockBone
BoolProperty: unknown FBoneNode bRemoveBone
BoolProperty: unknown FBoneNode bLockBone
BoolProperty: unknown FBoneNode bRemoveBone
BoolProperty: unknown FBoneNode bLockBone
BoolProperty: unknown FBoneNode bRemoveBone
BoolProperty: unknown FBoneNode bLockBone
BoolProperty: unknown FBoneNode bRemoveBone
BoolProperty: unknown FBoneNode bLockBone
BoolProperty: unknown FBoneNode bRemoveBone
BoolProperty: unknown FBoneNode bLockBone
BoolProperty: unknown FBoneNode bRemoveBone
BoolProperty: unknown FBoneNode bLockBone
BoolProperty: unknown FBoneNode bRemoveBone
BoolProperty: unknown FBoneNode bLockBone
BoolProperty: unknown FBoneNode bRemoveBone
BoolProperty: unknown FBoneNode bLockBone
BoolProperty: unknown FBoneNode bRemoveBone
BoolProperty: unknown FBoneNode bLockBone
BoolProperty: unknown FBoneNode bRemoveBone
BoolProperty: unknown FBoneNode bLockBone
BoolProperty: unknown FBoneNode bRemoveBone
BoolProperty: unknown FBoneNode bLockBone
BoolProperty: unknown FBoneNode bRemoveBone
BoolProperty: unknown FBoneNode bLockBone
BoolProperty: unknown FBoneNode bRemoveBone
BoolProperty: unknown FBoneNode bLockBone
BoolProperty: unknown FBoneNode bRemoveBone
BoolProperty: unknown FBoneNode bLockBone
BoolProperty: unknown FBoneNode bRemoveBone
BoolProperty: unknown FBoneNode bLockBone
BoolProperty: unknown FBoneNode bRemoveBone
BoolProperty: unknown FBoneNode bLockBone
BoolProperty: unknown FBoneNode bRemoveBone
BoolProperty: unknown FBoneNode bLockBone
BoolProperty: unknown FBoneNode bRemoveBone
BoolProperty: unknown FBoneNode bLockBone
BoolProperty: unknown FBoneNode bRemoveBone
BoolProperty: unknown FBoneNode bLockBone
BoolProperty: unknown FBoneNode bRemoveBone
BoolProperty: unknown FBoneNode bLockBone
BoolProperty: unknown FBoneNode bRemoveBone
BoolProperty: unknown FBoneNode bLockBone
BoolProperty: unknown FBoneNode bRemoveBone
BoolProperty: unknown FBoneNode bLockBone
BoolProperty: unknown FBoneNode bRemoveBone
BoolProperty: unknown FBoneNode bLockBone
BoolProperty: unknown FBoneNode bRemoveBone
BoolProperty: unknown FBoneNode bLockBone
BoolProperty: unknown FBoneNode bRemoveBone
BoolProperty: unknown FBoneNode bLockBone
BoolProperty: unknown FBoneNode bRemoveBone
BoolProperty: unknown FBoneNode bLockBone
BoolProperty: unknown FBoneNode bRemoveBone
BoolProperty: unknown FBoneNode bLockBone
BoolProperty: unknown FBoneNode bRemoveBone
BoolProperty: unknown FBoneNode bLockBone
BoolProperty: unknown FBoneNode bRemoveBone
BoolProperty: unknown FBoneNode bLockBone
BoolProperty: unknown FBoneNode bRemoveBone
BoolProperty: unknown FBoneNode bLockBone
BoolProperty: unknown FBoneNode bRemoveBone
BoolProperty: unknown FBoneNode bLockBone
BoolProperty: unknown FBoneNode bRemoveBone
BoolProperty: unknown FBoneNode bLockBone
BoolProperty: unknown FBoneNode bRemoveBone
BoolProperty: unknown FBoneNode bLockBone
BoolProperty: unknown FBoneNode bRemoveBone
BoolProperty: unknown FBoneNode bLockBone
BoolProperty: unknown FBoneNode bRemoveBone
BoolProperty: unknown FBoneNode bLockBone
BoolProperty: unknown FBoneNode bRemoveBone
BoolProperty: unknown FBoneNode bLockBone
BoolProperty: unknown FBoneNode bRemoveBone
BoolProperty: unknown FBoneNode bLockBone
BoolProperty: unknown FBoneNode bRemoveBone
BoolProperty: unknown FBoneNode bLockBone
BoolProperty: unknown FBoneNode bRemoveBone
BoolProperty: unknown FBoneNode bLockBone
BoolProperty: unknown FBoneNode bRemoveBone
BoolProperty: unknown FBoneNode bLockBone
BoolProperty: unknown FBoneNode bRemoveBone
BoolProperty: unknown FBoneNode bLockBone
BoolProperty: unknown FBoneNode bRemoveBone
BoolProperty: unknown FBoneNode bLockBone
BoolProperty: unknown FBoneNode bRemoveBone
BoolProperty: unknown FBoneNode bLockBone
BoolProperty: unknown FBoneNode bRemoveBone
BoolProperty: unknown FBoneNode bLockBone
BoolProperty: unknown FBoneNode bRemoveBone
BoolProperty: unknown FBoneNode bLockBone
BoolProperty: unknown FBoneNode bRemoveBone
BoolProperty: unknown FBoneNode bLockBone
BoolProperty: unknown FBoneNode bRemoveBone
BoolProperty: unknown FBoneNode bLockBone
BoolProperty: unknown FBoneNode bRemoveBone
BoolProperty: unknown FBoneNode bLockBone
BoolProperty: unknown FBoneNode bRemoveBone
BoolProperty: unknown FBoneNode bLockBone
BoolProperty: unknown FBoneNode bRemoveBone
Exporting objects ...
Exporting AnimSequence4 Deinosuchus_Basking_Idle to C:/Users/Nez/Desktop/GitHub/Ark-Survival-Returns/.work/exports/actorx/Mods/Additions_Pack/Deinosuchus/Dino/Animation/Deinosuchus_Basking_Idle.psa
Memory: allocated 867319 bytes in 744 blocks
Loading AnimSequence4 Deinosuchus_Basking_Start from package Mods/Additions_Pack/Deinosuchus/Dino/Animation/Deinosuchus_Basking_Start.uasset
Loading AnimSequence4 Deinosuchus_Idle from package Mods/Additions_Pack/Deinosuchus/Dino/Animation/Deinosuchus_Idle.uasset
Loading Skeleton Deinosuchus_TLC_Rig_Skeleton from package Mods/Additions_Pack/Deinosuchus/Dino/Deinosuchus_TLC_Rig_Skeleton.uasset
BoolProperty: unknown FBoneNode bLockBone
BoolProperty: unknown FBoneNode bRemoveBone
BoolProperty: unknown FBoneNode bLockBone
BoolProperty: unknown FBoneNode bRemoveBone
BoolProperty: unknown FBoneNode bLockBone
BoolProperty: unknown FBoneNode bRemoveBone
BoolProperty: unknown FBoneNode bLockBone
BoolProperty: unknown FBoneNode bRemoveBone
BoolProperty: unknown FBoneNode bLockBone
BoolProperty: unknown FBoneNode bRemoveBone
BoolProperty: unknown FBoneNode bLockBone
BoolProperty: unknown FBoneNode bRemoveBone
BoolProperty: unknown FBoneNode bLockBone
BoolProperty: unknown FBoneNode bRemoveBone
BoolProperty: unknown FBoneNode bLockBone
BoolProperty: unknown FBoneNode bRemoveBone
BoolProperty: unknown FBoneNode bLockBone
BoolProperty: unknown FBoneNode bRemoveBone
BoolProperty: unknown FBoneNode bLockBone
BoolProperty: unknown FBoneNode bRemoveBone
BoolProperty: unknown FBoneNode bLockBone
BoolProperty: unknown FBoneNode bRemoveBone
BoolProperty: unknown FBoneNode bLockBone
BoolProperty: unknown FBoneNode bRemoveBone
BoolProperty: unknown FBoneNode bLockBone
BoolProperty: unknown FBoneNode bRemoveBone
BoolProperty: unknown FBoneNode bLockBone
BoolProperty: unknown FBoneNode bRemoveBone
BoolProperty: unknown FBoneNode bLockBone
BoolProperty: unknown FBoneNode bRemoveBone
BoolProperty: unknown FBoneNode bLockBone
BoolProperty: unknown FBoneNode bRemoveBone
BoolProperty: unknown FBoneNode bLockBone
BoolProperty: unknown FBoneNode bRemoveBone
BoolProperty: unknown FBoneNode bLockBone
BoolProperty: unknown FBoneNode bRemoveBone
BoolProperty: unknown FBoneNode bLockBone
BoolProperty: unknown FBoneNode bRemoveBone
BoolProperty: unknown FBoneNode bLockBone
BoolProperty: unknown FBoneNode bRemoveBone
BoolProperty: unknown FBoneNode bLockBone
BoolProperty: unknown FBoneNode bRemoveBone
BoolProperty: unknown FBoneNode bLockBone
BoolProperty: unknown FBoneNode bRemoveBone
BoolProperty: unknown FBoneNode bLockBone
BoolProperty: unknown FBoneNode bRemoveBone
BoolProperty: unknown FBoneNode bLockBone
BoolProperty: unknown FBoneNode bRemoveBone
BoolProperty: unknown FBoneNode bLockBone
BoolProperty: unknown FBoneNode bRemoveBone
BoolProperty: unknown FBoneNode bLockBone
BoolProperty: unknown FBoneNode bRemoveBone
BoolProperty: unknown FBoneNode bLockBone
BoolProperty: unknown FBoneNode bRemoveBone
BoolProperty: unknown FBoneNode bLockBone
BoolProperty: unknown FBoneNode bRemoveBone
BoolProperty: unknown FBoneNode bLockBone
BoolProperty: unknown FBoneNode bRemoveBone
BoolProperty: unknown FBoneNode bLockBone
BoolProperty: unknown FBoneNode bRemoveBone
BoolProperty: unknown FBoneNode bLockBone
BoolProperty: unknown FBoneNode bRemoveBone
BoolProperty: unknown FBoneNode bLockBone
BoolProperty: unknown FBoneNode bRemoveBone
BoolProperty: unknown FBoneNode bLockBone
BoolProperty: unknown FBoneNode bRemoveBone
BoolProperty: unknown FBoneNode bLockBone
BoolProperty: unknown FBoneNode bRemoveBone
BoolProperty: unknown FBoneNode bLockBone
BoolProperty: unknown FBoneNode bRemoveBone
BoolProperty: unknown FBoneNode bLockBone
BoolProperty: unknown FBoneNode bRemoveBone
BoolProperty: unknown FBoneNode bLockBone
BoolProperty: unknown FBoneNode bRemoveBone
BoolProperty: unknown FBoneNode bLockBone
BoolProperty: unknown FBoneNode bRemoveBone
BoolProperty: unknown FBoneNode bLockBone
BoolProperty: unknown FBoneNode bRemoveBone
BoolProperty: unknown FBoneNode bLockBone
BoolProperty: unknown FBoneNode bRemoveBone
BoolProperty: unknown FBoneNode bLockBone
BoolProperty: unknown FBoneNode bRemoveBone
BoolProperty: unknown FBoneNode bLockBone
BoolProperty: unknown FBoneNode bRemoveBone
BoolProperty: unknown FBoneNode bLockBone
BoolProperty: unknown FBoneNode bRemoveBone
BoolProperty: unknown FBoneNode bLockBone
BoolProperty: unknown FBoneNode bRemoveBone
BoolProperty: unknown FBoneNode bLockBone
BoolProperty: unknown FBoneNode bRemoveBone
BoolProperty: unknown FBoneNode bLockBone
BoolProperty: unknown FBoneNode bRemoveBone
BoolProperty: unknown FBoneNode bLockBone
BoolProperty: unknown FBoneNode bRemoveBone
BoolProperty: unknown FBoneNode bLockBone
BoolProperty: unknown FBoneNode bRemoveBone
BoolProperty: unknown FBoneNode bLockBone
BoolProperty: unknown FBoneNode bRemoveBone
BoolProperty: unknown FBoneNode bLockBone
BoolProperty: unknown FBoneNode bRemoveBone
BoolProperty: unknown FBoneNode bLockBone
BoolProperty: unknown FBoneNode bRemoveBone
BoolProperty: unknown FBoneNode bLockBone
BoolProperty: unknown FBoneNode bRemoveBone
BoolProperty: unknown FBoneNode bLockBone
BoolProperty: unknown FBoneNode bRemoveBone
BoolProperty: unknown FBoneNode bLockBone
BoolProperty: unknown FBoneNode bRemoveBone
BoolProperty: unknown FBoneNode bLockBone
BoolProperty: unknown FBoneNode bRemoveBone
BoolProperty: unknown FBoneNode bLockBone
BoolProperty: unknown FBoneNode bRemoveBone
BoolProperty: unknown FBoneNode bLockBone
BoolProperty: unknown FBoneNode bRemoveBone
BoolProperty: unknown FBoneNode bLockBone
BoolProperty: unknown FBoneNode bRemoveBone
BoolProperty: unknown FBoneNode bLockBone
BoolProperty: unknown FBoneNode bRemoveBone
BoolProperty: unknown FBoneNode bLockBone
BoolProperty: unknown FBoneNode bRemoveBone
BoolProperty: unknown FBoneNode bLockBone
BoolProperty: unknown FBoneNode bRemoveBone
BoolProperty: unknown FBoneNode bLockBone
BoolProperty: unknown FBoneNode bRemoveBone
BoolProperty: unknown FBoneNode bLockBone
BoolProperty: unknown FBoneNode bRemoveBone
Exporting objects ...
Exporting AnimSequence4 Deinosuchus_Basking_Start to C:/Users/Nez/Desktop/GitHub/Ark-Survival-Returns/.work/exports/actorx/Mods/Additions_Pack/Deinosuchus/Dino/Animation/Deinosuchus_Basking_Start.psa
Memory: allocated 879607 bytes in 747 blocks
Loading AnimSequence4 Deinosuchus_Blink from package Mods/Additions_Pack/Deinosuchus/Dino/Animation/Deinosuchus_Blink.uasset
Loading AnimSequence4 Deinosuchus_Idle from package Mods/Additions_Pack/Deinosuchus/Dino/Animation/Deinosuchus_Idle.uasset
Loading Skeleton Deinosuchus_TLC_Rig_Skeleton from package Mods/Additions_Pack/Deinosuchus/Dino/Deinosuchus_TLC_Rig_Skeleton.uasset
BoolProperty: unknown FBoneNode bLockBone
BoolProperty: unknown FBoneNode bRemoveBone
BoolProperty: unknown FBoneNode bLockBone
BoolProperty: unknown FBoneNode bRemoveBone
BoolProperty: unknown FBoneNode bLockBone
BoolProperty: unknown FBoneNode bRemoveBone
BoolProperty: unknown FBoneNode bLockBone
BoolProperty: unknown FBoneNode bRemoveBone
BoolProperty: unknown FBoneNode bLockBone
BoolProperty: unknown FBoneNode bRemoveBone
BoolProperty: unknown FBoneNode bLockBone
BoolProperty: unknown FBoneNode bRemoveBone
BoolProperty: unknown FBoneNode bLockBone
BoolProperty: unknown FBoneNode bRemoveBone
BoolProperty: unknown FBoneNode bLockBone
BoolProperty: unknown FBoneNode bRemoveBone
BoolProperty: unknown FBoneNode bLockBone
BoolProperty: unknown FBoneNode bRemoveBone
BoolProperty: unknown FBoneNode bLockBone
BoolProperty: unknown FBoneNode bRemoveBone
BoolProperty: unknown FBoneNode bLockBone
BoolProperty: unknown FBoneNode bRemoveBone
BoolProperty: unknown FBoneNode bLockBone
BoolProperty: unknown FBoneNode bRemoveBone
BoolProperty: unknown FBoneNode bLockBone
BoolProperty: unknown FBoneNode bRemoveBone
BoolProperty: unknown FBoneNode bLockBone
BoolProperty: unknown FBoneNode bRemoveBone
BoolProperty: unknown FBoneNode bLockBone
BoolProperty: unknown FBoneNode bRemoveBone
BoolProperty: unknown FBoneNode bLockBone
BoolProperty: unknown FBoneNode bRemoveBone
BoolProperty: unknown FBoneNode bLockBone
BoolProperty: unknown FBoneNode bRemoveBone
BoolProperty: unknown FBoneNode bLockBone
BoolProperty: unknown FBoneNode bRemoveBone
BoolProperty: unknown FBoneNode bLockBone
BoolProperty: unknown FBoneNode bRemoveBone
BoolProperty: unknown FBoneNode bLockBone
BoolProperty: unknown FBoneNode bRemoveBone
BoolProperty: unknown FBoneNode bLockBone
BoolProperty: unknown FBoneNode bRemoveBone
BoolProperty: unknown FBoneNode bLockBone
BoolProperty: unknown FBoneNode bRemoveBone
BoolProperty: unknown FBoneNode bLockBone
BoolProperty: unknown FBoneNode bRemoveBone
BoolProperty: unknown FBoneNode bLockBone
BoolProperty: unknown FBoneNode bRemoveBone
BoolProperty: unknown FBoneNode bLockBone
BoolProperty: unknown FBoneNode bRemoveBone
BoolProperty: unknown FBoneNode bLockBone
BoolProperty: unknown FBoneNode bRemoveBone
BoolProperty: unknown FBoneNode bLockBone
BoolProperty: unknown FBoneNode bRemoveBone
BoolProperty: unknown FBoneNode bLockBone
BoolProperty: unknown FBoneNode bRemoveBone
BoolProperty: unknown FBoneNode bLockBone
BoolProperty: unknown FBoneNode bRemoveBone
BoolProperty: unknown FBoneNode bLockBone
BoolProperty: unknown FBoneNode bRemoveBone
BoolProperty: unknown FBoneNode bLockBone
BoolProperty: unknown FBoneNode bRemoveBone
BoolProperty: unknown FBoneNode bLockBone
BoolProperty: unknown FBoneNode bRemoveBone
BoolProperty: unknown FBoneNode bLockBone
BoolProperty: unknown FBoneNode bRemoveBone
BoolProperty: unknown FBoneNode bLockBone
BoolProperty: unknown FBoneNode bRemoveBone
BoolProperty: unknown FBoneNode bLockBone
BoolProperty: unknown FBoneNode bRemoveBone
BoolProperty: unknown FBoneNode bLockBone
BoolProperty: unknown FBoneNode bRemoveBone
BoolProperty: unknown FBoneNode bLockBone
BoolProperty: unknown FBoneNode bRemoveBone
BoolProperty: unknown FBoneNode bLockBone
BoolProperty: unknown FBoneNode bRemoveBone
BoolProperty: unknown FBoneNode bLockBone
BoolProperty: unknown FBoneNode bRemoveBone
BoolProperty: unknown FBoneNode bLockBone
BoolProperty: unknown FBoneNode bRemoveBone
BoolProperty: unknown FBoneNode bLockBone
BoolProperty: unknown FBoneNode bRemoveBone
BoolProperty: unknown FBoneNode bLockBone
BoolProperty: unknown FBoneNode bRemoveBone
BoolProperty: unknown FBoneNode bLockBone
BoolProperty: unknown FBoneNode bRemoveBone
BoolProperty: unknown FBoneNode bLockBone
BoolProperty: unknown FBoneNode bRemoveBone
BoolProperty: unknown FBoneNode bLockBone
BoolProperty: unknown FBoneNode bRemoveBone
BoolProperty: unknown FBoneNode bLockBone
BoolProperty: unknown FBoneNode bRemoveBone
BoolProperty: unknown FBoneNode bLockBone
BoolProperty: unknown FBoneNode bRemoveBone
BoolProperty: unknown FBoneNode bLockBone
BoolProperty: unknown FBoneNode bRemoveBone
BoolProperty: unknown FBoneNode bLockBone
BoolProperty: unknown FBoneNode bRemoveBone
BoolProperty: unknown FBoneNode bLockBone
BoolProperty: unknown FBoneNode bRemoveBone
BoolProperty: unknown FBoneNode bLockBone
BoolProperty: unknown FBoneNode bRemoveBone
BoolProperty: unknown FBoneNode bLockBone
BoolProperty: unknown FBoneNode bRemoveBone
BoolProperty: unknown FBoneNode bLockBone
BoolProperty: unknown FBoneNode bRemoveBone
BoolProperty: unknown FBoneNode bLockBone
BoolProperty: unknown FBoneNode bRemoveBone
BoolProperty: unknown FBoneNode bLockBone
BoolProperty: unknown FBoneNode bRemoveBone
BoolProperty: unknown FBoneNode bLockBone
BoolProperty: unknown FBoneNode bRemoveBone
BoolProperty: unknown FBoneNode bLockBone
BoolProperty: unknown FBoneNode bRemoveBone
BoolProperty: unknown FBoneNode bLockBone
BoolProperty: unknown FBoneNode bRemoveBone
BoolProperty: unknown FBoneNode bLockBone
BoolProperty: unknown FBoneNode bRemoveBone
BoolProperty: unknown FBoneNode bLockBone
BoolProperty: unknown FBoneNode bRemoveBone
BoolProperty: unknown FBoneNode bLockBone
BoolProperty: unknown FBoneNode bRemoveBone
BoolProperty: unknown FBoneNode bLockBone
BoolProperty: unknown FBoneNode bRemoveBone
BoolProperty: unknown FBoneNode bLockBone
BoolProperty: unknown FBoneNode bRemoveBone
Exporting objects ...
Exporting AnimSequence4 Deinosuchus_Blink to C:/Users/Nez/Desktop/GitHub/Ark-Survival-Returns/.work/exports/actorx/Mods/Additions_Pack/Deinosuchus/Dino/Animation/Deinosuchus_Blink.psa
Memory: allocated 891895 bytes in 750 blocks
Loading AnimSequence4 Deinosuchus_Charge_FWD from package Mods/Additions_Pack/Deinosuchus/Dino/Animation/Deinosuchus_Charge_FWD.uasset
FloatProperty: unknown FAnimNotifyEvent DisplayTime
BoolProperty: unknown FAnimNotifyEvent bIgnoreOnDediServer
FloatProperty: unknown FAnimNotifyEvent DisplayTime
BoolProperty: unknown FAnimNotifyEvent bIgnoreOnDediServer
FloatProperty: unknown FAnimNotifyEvent DisplayTime
BoolProperty: unknown FAnimNotifyEvent bIgnoreOnDediServer
FloatProperty: unknown FAnimNotifyEvent DisplayTime
BoolProperty: unknown FAnimNotifyEvent bIgnoreOnDediServer
Loading Skeleton Deinosuchus_TLC_Rig_Skeleton from package Mods/Additions_Pack/Deinosuchus/Dino/Deinosuchus_TLC_Rig_Skeleton.uasset
BoolProperty: unknown FBoneNode bLockBone
BoolProperty: unknown FBoneNode bRemoveBone
BoolProperty: unknown FBoneNode bLockBone
BoolProperty: unknown FBoneNode bRemoveBone
BoolProperty: unknown FBoneNode bLockBone
BoolProperty: unknown FBoneNode bRemoveBone
BoolProperty: unknown FBoneNode bLockBone
BoolProperty: unknown FBoneNode bRemoveBone
BoolProperty: unknown FBoneNode bLockBone
BoolProperty: unknown FBoneNode bRemoveBone
BoolProperty: unknown FBoneNode bLockBone
BoolProperty: unknown FBoneNode bRemoveBone
BoolProperty: unknown FBoneNode bLockBone
BoolProperty: unknown FBoneNode bRemoveBone
BoolProperty: unknown FBoneNode bLockBone
BoolProperty: unknown FBoneNode bRemoveBone
BoolProperty: unknown FBoneNode bLockBone
BoolProperty: unknown FBoneNode bRemoveBone
BoolProperty: unknown FBoneNode bLockBone
BoolProperty: unknown FBoneNode bRemoveBone
BoolProperty: unknown FBoneNode bLockBone
BoolProperty: unknown FBoneNode bRemoveBone
BoolProperty: unknown FBoneNode bLockBone
BoolProperty: unknown FBoneNode bRemoveBone
BoolProperty: unknown FBoneNode bLockBone
BoolProperty: unknown FBoneNode bRemoveBone
BoolProperty: unknown FBoneNode bLockBone
BoolProperty: unknown FBoneNode bRemoveBone
BoolProperty: unknown FBoneNode bLockBone
BoolProperty: unknown FBoneNode bRemoveBone
BoolProperty: unknown FBoneNode bLockBone
BoolProperty: unknown FBoneNode bRemoveBone
BoolProperty: unknown FBoneNode bLockBone
BoolProperty: unknown FBoneNode bRemoveBone
BoolProperty: unknown FBoneNode bLockBone
BoolProperty: unknown FBoneNode bRemoveBone
BoolProperty: unknown FBoneNode bLockBone
BoolProperty: unknown FBoneNode bRemoveBone
BoolProperty: unknown FBoneNode bLockBone
BoolProperty: unknown FBoneNode bRemoveBone
BoolProperty: unknown FBoneNode bLockBone
BoolProperty: unknown FBoneNode bRemoveBone
BoolProperty: unknown FBoneNode bLockBone
BoolProperty: unknown FBoneNode bRemoveBone
BoolProperty: unknown FBoneNode bLockBone
BoolProperty: unknown FBoneNode bRemoveBone
BoolProperty: unknown FBoneNode bLockBone
BoolProperty: unknown FBoneNode bRemoveBone
BoolProperty: unknown FBoneNode bLockBone
BoolProperty: unknown FBoneNode bRemoveBone
BoolProperty: unknown FBoneNode bLockBone
BoolProperty: unknown FBoneNode bRemoveBone
BoolProperty: unknown FBoneNode bLockBone
BoolProperty: unknown FBoneNode bRemoveBone
BoolProperty: unknown FBoneNode bLockBone
BoolProperty: unknown FBoneNode bRemoveBone
BoolProperty: unknown FBoneNode bLockBone
BoolProperty: unknown FBoneNode bRemoveBone
BoolProperty: unknown FBoneNode bLockBone
BoolProperty: unknown FBoneNode bRemoveBone
BoolProperty: unknown FBoneNode bLockBone
BoolProperty: unknown FBoneNode bRemoveBone
BoolProperty: unknown FBoneNode bLockBone
BoolProperty: unknown FBoneNode bRemoveBone
BoolProperty: unknown FBoneNode bLockBone
BoolProperty: unknown FBoneNode bRemoveBone
BoolProperty: unknown FBoneNode bLockBone
BoolProperty: unknown FBoneNode bRemoveBone
BoolProperty: unknown FBoneNode bLockBone
BoolProperty: unknown FBoneNode bRemoveBone
BoolProperty: unknown FBoneNode bLockBone
BoolProperty: unknown FBoneNode bRemoveBone
BoolProperty: unknown FBoneNode bLockBone
BoolProperty: unknown FBoneNode bRemoveBone
BoolProperty: unknown FBoneNode bLockBone
BoolProperty: unknown FBoneNode bRemoveBone
BoolProperty: unknown FBoneNode bLockBone
BoolProperty: unknown FBoneNode bRemoveBone
BoolProperty: unknown FBoneNode bLockBone
BoolProperty: unknown FBoneNode bRemoveBone
BoolProperty: unknown FBoneNode bLockBone
BoolProperty: unknown FBoneNode bRemoveBone
BoolProperty: unknown FBoneNode bLockBone
BoolProperty: unknown FBoneNode bRemoveBone
BoolProperty: unknown FBoneNode bLockBone
BoolProperty: unknown FBoneNode bRemoveBone
BoolProperty: unknown FBoneNode bLockBone
BoolProperty: unknown FBoneNode bRemoveBone
BoolProperty: unknown FBoneNode bLockBone
BoolProperty: unknown FBoneNode bRemoveBone
BoolProperty: unknown FBoneNode bLockBone
BoolProperty: unknown FBoneNode bRemoveBone
BoolProperty: unknown FBoneNode bLockBone
BoolProperty: unknown FBoneNode bRemoveBone
BoolProperty: unknown FBoneNode bLockBone
BoolProperty: unknown FBoneNode bRemoveBone
BoolProperty: unknown FBoneNode bLockBone
BoolProperty: unknown FBoneNode bRemoveBone
BoolProperty: unknown FBoneNode bLockBone
BoolProperty: unknown FBoneNode bRemoveBone
BoolProperty: unknown FBoneNode bLockBone
BoolProperty: unknown FBoneNode bRemoveBone
BoolProperty: unknown FBoneNode bLockBone
BoolProperty: unknown FBoneNode bRemoveBone
BoolProperty: unknown FBoneNode bLockBone
BoolProperty: unknown FBoneNode bRemoveBone
BoolProperty: unknown FBoneNode bLockBone
BoolProperty: unknown FBoneNode bRemoveBone
BoolProperty: unknown FBoneNode bLockBone
BoolProperty: unknown FBoneNode bRemoveBone
BoolProperty: unknown FBoneNode bLockBone
BoolProperty: unknown FBoneNode bRemoveBone
BoolProperty: unknown FBoneNode bLockBone
BoolProperty: unknown FBoneNode bRemoveBone
BoolProperty: unknown FBoneNode bLockBone
BoolProperty: unknown FBoneNode bRemoveBone
BoolProperty: unknown FBoneNode bLockBone
BoolProperty: unknown FBoneNode bRemoveBone
BoolProperty: unknown FBoneNode bLockBone
BoolProperty: unknown FBoneNode bRemoveBone
BoolProperty: unknown FBoneNode bLockBone
BoolProperty: unknown FBoneNode bRemoveBone
BoolProperty: unknown FBoneNode bLockBone
BoolProperty: unknown FBoneNode bRemoveBone
BoolProperty: unknown FBoneNode bLockBone
BoolProperty: unknown FBoneNode bRemoveBone
Exporting objects ...
Exporting AnimSequence4 Deinosuchus_Charge_FWD to C:/Users/Nez/Desktop/GitHub/Ark-Survival-Returns/.work/exports/actorx/Mods/Additions_Pack/Deinosuchus/Dino/Animation/Deinosuchus_Charge_FWD.psa
Memory: allocated 904183 bytes in 753 blocks
Loading AnimSequence4 Deinosuchus_Charge_LEFT from package Mods/Additions_Pack/Deinosuchus/Dino/Animation/Deinosuchus_Charge_LEFT.uasset
FloatProperty: unknown FAnimNotifyEvent DisplayTime
BoolProperty: unknown FAnimNotifyEvent bIgnoreOnDediServer
FloatProperty: unknown FAnimNotifyEvent DisplayTime
BoolProperty: unknown FAnimNotifyEvent bIgnoreOnDediServer
FloatProperty: unknown FAnimNotifyEvent DisplayTime
BoolProperty: unknown FAnimNotifyEvent bIgnoreOnDediServer
FloatProperty: unknown FAnimNotifyEvent DisplayTime
BoolProperty: unknown FAnimNotifyEvent bIgnoreOnDediServer
Loading Skeleton Deinosuchus_TLC_Rig_Skeleton from package Mods/Additions_Pack/Deinosuchus/Dino/Deinosuchus_TLC_Rig_Skeleton.uasset
BoolProperty: unknown FBoneNode bLockBone
BoolProperty: unknown FBoneNode bRemoveBone
BoolProperty: unknown FBoneNode bLockBone
BoolProperty: unknown FBoneNode bRemoveBone
BoolProperty: unknown FBoneNode bLockBone
BoolProperty: unknown FBoneNode bRemoveBone
BoolProperty: unknown FBoneNode bLockBone
BoolProperty: unknown FBoneNode bRemoveBone
BoolProperty: unknown FBoneNode bLockBone
BoolProperty: unknown FBoneNode bRemoveBone
BoolProperty: unknown FBoneNode bLockBone
BoolProperty: unknown FBoneNode bRemoveBone
BoolProperty: unknown FBoneNode bLockBone
BoolProperty: unknown FBoneNode bRemoveBone
BoolProperty: unknown FBoneNode bLockBone
BoolProperty: unknown FBoneNode bRemoveBone
BoolProperty: unknown FBoneNode bLockBone
BoolProperty: unknown FBoneNode bRemoveBone
BoolProperty: unknown FBoneNode bLockBone
BoolProperty: unknown FBoneNode bRemoveBone
BoolProperty: unknown FBoneNode bLockBone
BoolProperty: unknown FBoneNode bRemoveBone
BoolProperty: unknown FBoneNode bLockBone
BoolProperty: unknown FBoneNode bRemoveBone
BoolProperty: unknown FBoneNode bLockBone
BoolProperty: unknown FBoneNode bRemoveBone
BoolProperty: unknown FBoneNode bLockBone
BoolProperty: unknown FBoneNode bRemoveBone
BoolProperty: unknown FBoneNode bLockBone
BoolProperty: unknown FBoneNode bRemoveBone
BoolProperty: unknown FBoneNode bLockBone
BoolProperty: unknown FBoneNode bRemoveBone
BoolProperty: unknown FBoneNode bLockBone
BoolProperty: unknown FBoneNode bRemoveBone
BoolProperty: unknown FBoneNode bLockBone
BoolProperty: unknown FBoneNode bRemoveBone
BoolProperty: unknown FBoneNode bLockBone
BoolProperty: unknown FBoneNode bRemoveBone
BoolProperty: unknown FBoneNode bLockBone
BoolProperty: unknown FBoneNode bRemoveBone
BoolProperty: unknown FBoneNode bLockBone
BoolProperty: unknown FBoneNode bRemoveBone
BoolProperty: unknown FBoneNode bLockBone
BoolProperty: unknown FBoneNode bRemoveBone
BoolProperty: unknown FBoneNode bLockBone
BoolProperty: unknown FBoneNode bRemoveBone
BoolProperty: unknown FBoneNode bLockBone
BoolProperty: unknown FBoneNode bRemoveBone
BoolProperty: unknown FBoneNode bLockBone
BoolProperty: unknown FBoneNode bRemoveBone
BoolProperty: unknown FBoneNode bLockBone
BoolProperty: unknown FBoneNode bRemoveBone
BoolProperty: unknown FBoneNode bLockBone
BoolProperty: unknown FBoneNode bRemoveBone
BoolProperty: unknown FBoneNode bLockBone
BoolProperty: unknown FBoneNode bRemoveBone
BoolProperty: unknown FBoneNode bLockBone
BoolProperty: unknown FBoneNode bRemoveBone
BoolProperty: unknown FBoneNode bLockBone
BoolProperty: unknown FBoneNode bRemoveBone
BoolProperty: unknown FBoneNode bLockBone
BoolProperty: unknown FBoneNode bRemoveBone
BoolProperty: unknown FBoneNode bLockBone
BoolProperty: unknown FBoneNode bRemoveBone
BoolProperty: unknown FBoneNode bLockBone
BoolProperty: unknown FBoneNode bRemoveBone
BoolProperty: unknown FBoneNode bLockBone
BoolProperty: unknown FBoneNode bRemoveBone
BoolProperty: unknown FBoneNode bLockBone
BoolProperty: unknown FBoneNode bRemoveBone
BoolProperty: unknown FBoneNode bLockBone
BoolProperty: unknown FBoneNode bRemoveBone
BoolProperty: unknown FBoneNode bLockBone
BoolProperty: unknown FBoneNode bRemoveBone
BoolProperty: unknown FBoneNode bLockBone
BoolProperty: unknown FBoneNode bRemoveBone
BoolProperty: unknown FBoneNode bLockBone
BoolProperty: unknown FBoneNode bRemoveBone
BoolProperty: unknown FBoneNode bLockBone
BoolProperty: unknown FBoneNode bRemoveBone
BoolProperty: unknown FBoneNode bLockBone
BoolProperty: unknown FBoneNode bRemoveBone
BoolProperty: unknown FBoneNode bLockBone
BoolProperty: unknown FBoneNode bRemoveBone
BoolProperty: unknown FBoneNode bLockBone
BoolProperty: unknown FBoneNode bRemoveBone
BoolProperty: unknown FBoneNode bLockBone
BoolProperty: unknown FBoneNode bRemoveBone
BoolProperty: unknown FBoneNode bLockBone
BoolProperty: unknown FBoneNode bRemoveBone
BoolProperty: unknown FBoneNode bLockBone
BoolProperty: unknown FBoneNode bRemoveBone
BoolProperty: unknown FBoneNode bLockBone
BoolProperty: unknown FBoneNode bRemoveBone
BoolProperty: unknown FBoneNode bLockBone
BoolProperty: unknown FBoneNode bRemoveBone
BoolProperty: unknown FBoneNode bLockBone
BoolProperty: unknown FBoneNode bRemoveBone
BoolProperty: unknown FBoneNode bLockBone
BoolProperty: unknown FBoneNode bRemoveBone
BoolProperty: unknown FBoneNode bLockBone
BoolProperty: unknown FBoneNode bRemoveBone
BoolProperty: unknown FBoneNode bLockBone
BoolProperty: unknown FBoneNode bRemoveBone
BoolProperty: unknown FBoneNode bLockBone
BoolProperty: unknown FBoneNode bRemoveBone
BoolProperty: unknown FBoneNode bLockBone
BoolProperty: unknown FBoneNode bRemoveBone
BoolProperty: unknown FBoneNode bLockBone
BoolProperty: unknown FBoneNode bRemoveBone
BoolProperty: unknown FBoneNode bLockBone
BoolProperty: unknown FBoneNode bRemoveBone
BoolProperty: unknown FBoneNode bLockBone
BoolProperty: unknown FBoneNode bRemoveBone
BoolProperty: unknown FBoneNode bLockBone
BoolProperty: unknown FBoneNode bRemoveBone
BoolProperty: unknown FBoneNode bLockBone
BoolProperty: unknown FBoneNode bRemoveBone
BoolProperty: unknown FBoneNode bLockBone
BoolProperty: unknown FBoneNode bRemoveBone
BoolProperty: unknown FBoneNode bLockBone
BoolProperty: unknown FBoneNode bRemoveBone
BoolProperty: unknown FBoneNode bLockBone
BoolProperty: unknown FBoneNode bRemoveBone
BoolProperty: unknown FBoneNode bLockBone
BoolProperty: unknown FBoneNode bRemoveBone
Exporting objects ...
Exporting AnimSequence4 Deinosuchus_Charge_LEFT to C:/Users/Nez/Desktop/GitHub/Ark-Survival-Returns/.work/exports/actorx/Mods/Additions_Pack/Deinosuchus/Dino/Animation/Deinosuchus_Charge_LEFT.psa
Memory: allocated 916471 bytes in 756 blocks
Loading AnimSequence4 Deinosuchus_Charge_RIGHT from package Mods/Additions_Pack/Deinosuchus/Dino/Animation/Deinosuchus_Charge_RIGHT.uasset
FloatProperty: unknown FAnimNotifyEvent DisplayTime
BoolProperty: unknown FAnimNotifyEvent bIgnoreOnDediServer
FloatProperty: unknown FAnimNotifyEvent DisplayTime
BoolProperty: unknown FAnimNotifyEvent bIgnoreOnDediServer
FloatProperty: unknown FAnimNotifyEvent DisplayTime
BoolProperty: unknown FAnimNotifyEvent bIgnoreOnDediServer
FloatProperty: unknown FAnimNotifyEvent DisplayTime
BoolProperty: unknown FAnimNotifyEvent bIgnoreOnDediServer
Loading Skeleton Deinosuchus_TLC_Rig_Skeleton from package Mods/Additions_Pack/Deinosuchus/Dino/Deinosuchus_TLC_Rig_Skeleton.uasset
BoolProperty: unknown FBoneNode bLockBone
BoolProperty: unknown FBoneNode bRemoveBone
BoolProperty: unknown FBoneNode bLockBone
BoolProperty: unknown FBoneNode bRemoveBone
BoolProperty: unknown FBoneNode bLockBone
BoolProperty: unknown FBoneNode bRemoveBone
BoolProperty: unknown FBoneNode bLockBone
BoolProperty: unknown FBoneNode bRemoveBone
BoolProperty: unknown FBoneNode bLockBone
BoolProperty: unknown FBoneNode bRemoveBone
BoolProperty: unknown FBoneNode bLockBone
BoolProperty: unknown FBoneNode bRemoveBone
BoolProperty: unknown FBoneNode bLockBone
BoolProperty: unknown FBoneNode bRemoveBone
BoolProperty: unknown FBoneNode bLockBone
BoolProperty: unknown FBoneNode bRemoveBone
BoolProperty: unknown FBoneNode bLockBone
BoolProperty: unknown FBoneNode bRemoveBone
BoolProperty: unknown FBoneNode bLockBone
BoolProperty: unknown FBoneNode bRemoveBone
BoolProperty: unknown FBoneNode bLockBone
BoolProperty: unknown FBoneNode bRemoveBone
BoolProperty: unknown FBoneNode bLockBone
BoolProperty: unknown FBoneNode bRemoveBone
BoolProperty: unknown FBoneNode bLockBone
BoolProperty: unknown FBoneNode bRemoveBone
BoolProperty: unknown FBoneNode bLockBone
BoolProperty: unknown FBoneNode bRemoveBone
BoolProperty: unknown FBoneNode bLockBone
BoolProperty: unknown FBoneNode bRemoveBone
BoolProperty: unknown FBoneNode bLockBone
BoolProperty: unknown FBoneNode bRemoveBone
BoolProperty: unknown FBoneNode bLockBone
BoolProperty: unknown FBoneNode bRemoveBone
BoolProperty: unknown FBoneNode bLockBone
BoolProperty: unknown FBoneNode bRemoveBone
BoolProperty: unknown FBoneNode bLockBone
BoolProperty: unknown FBoneNode bRemoveBone
BoolProperty: unknown FBoneNode bLockBone
BoolProperty: unknown FBoneNode bRemoveBone
BoolProperty: unknown FBoneNode bLockBone
BoolProperty: unknown FBoneNode bRemoveBone
BoolProperty: unknown FBoneNode bLockBone
BoolProperty: unknown FBoneNode bRemoveBone
BoolProperty: unknown FBoneNode bLockBone
BoolProperty: unknown FBoneNode bRemoveBone
BoolProperty: unknown FBoneNode bLockBone
BoolProperty: unknown FBoneNode bRemoveBone
BoolProperty: unknown FBoneNode bLockBone
BoolProperty: unknown FBoneNode bRemoveBone
BoolProperty: unknown FBoneNode bLockBone
BoolProperty: unknown FBoneNode bRemoveBone
BoolProperty: unknown FBoneNode bLockBone
BoolProperty: unknown FBoneNode bRemoveBone
BoolProperty: unknown FBoneNode bLockBone
BoolProperty: unknown FBoneNode bRemoveBone
BoolProperty: unknown FBoneNode bLockBone
BoolProperty: unknown FBoneNode bRemoveBone
BoolProperty: unknown FBoneNode bLockBone
BoolProperty: unknown FBoneNode bRemoveBone
BoolProperty: unknown FBoneNode bLockBone
BoolProperty: unknown FBoneNode bRemoveBone
BoolProperty: unknown FBoneNode bLockBone
BoolProperty: unknown FBoneNode bRemoveBone
BoolProperty: unknown FBoneNode bLockBone
BoolProperty: unknown FBoneNode bRemoveBone
BoolProperty: unknown FBoneNode bLockBone
BoolProperty: unknown FBoneNode bRemoveBone
BoolProperty: unknown FBoneNode bLockBone
BoolProperty: unknown FBoneNode bRemoveBone
BoolProperty: unknown FBoneNode bLockBone
BoolProperty: unknown FBoneNode bRemoveBone
BoolProperty: unknown FBoneNode bLockBone
BoolProperty: unknown FBoneNode bRemoveBone
BoolProperty: unknown FBoneNode bLockBone
BoolProperty: unknown FBoneNode bRemoveBone
BoolProperty: unknown FBoneNode bLockBone
BoolProperty: unknown FBoneNode bRemoveBone
BoolProperty: unknown FBoneNode bLockBone
BoolProperty: unknown FBoneNode bRemoveBone
BoolProperty: unknown FBoneNode bLockBone
BoolProperty: unknown FBoneNode bRemoveBone
BoolProperty: unknown FBoneNode bLockBone
BoolProperty: unknown FBoneNode bRemoveBone
BoolProperty: unknown FBoneNode bLockBone
BoolProperty: unknown FBoneNode bRemoveBone
BoolProperty: unknown FBoneNode bLockBone
BoolProperty: unknown FBoneNode bRemoveBone
BoolProperty: unknown FBoneNode bLockBone
BoolProperty: unknown FBoneNode bRemoveBone
BoolProperty: unknown FBoneNode bLockBone
BoolProperty: unknown FBoneNode bRemoveBone
BoolProperty: unknown FBoneNode bLockBone
BoolProperty: unknown FBoneNode bRemoveBone
BoolProperty: unknown FBoneNode bLockBone
BoolProperty: unknown FBoneNode bRemoveBone
BoolProperty: unknown FBoneNode bLockBone
BoolProperty: unknown FBoneNode bRemoveBone
BoolProperty: unknown FBoneNode bLockBone
BoolProperty: unknown FBoneNode bRemoveBone
BoolProperty: unknown FBoneNode bLockBone
BoolProperty: unknown FBoneNode bRemoveBone
BoolProperty: unknown FBoneNode bLockBone
BoolProperty: unknown FBoneNode bRemoveBone
BoolProperty: unknown FBoneNode bLockBone
BoolProperty: unknown FBoneNode bRemoveBone
BoolProperty: unknown FBoneNode bLockBone
BoolProperty: unknown FBoneNode bRemoveBone
BoolProperty: unknown FBoneNode bLockBone
BoolProperty: unknown FBoneNode bRemoveBone
BoolProperty: unknown FBoneNode bLockBone
BoolProperty: unknown FBoneNode bRemoveBone
BoolProperty: unknown FBoneNode bLockBone
BoolProperty: unknown FBoneNode bRemoveBone
BoolProperty: unknown FBoneNode bLockBone
BoolProperty: unknown FBoneNode bRemoveBone
BoolProperty: unknown FBoneNode bLockBone
BoolProperty: unknown FBoneNode bRemoveBone
BoolProperty: unknown FBoneNode bLockBone
BoolProperty: unknown FBoneNode bRemoveBone
BoolProperty: unknown FBoneNode bLockBone
BoolProperty: unknown FBoneNode bRemoveBone
BoolProperty: unknown FBoneNode bLockBone
BoolProperty: unknown FBoneNode bRemoveBone
BoolProperty: unknown FBoneNode bLockBone
BoolProperty: unknown FBoneNode bRemoveBone
Exporting objects ...
Exporting AnimSequence4 Deinosuchus_Charge_RIGHT to C:/Users/Nez/Desktop/GitHub/Ark-Survival-Returns/.work/exports/actorx/Mods/Additions_Pack/Deinosuchus/Dino/Animation/Deinosuchus_Charge_RIGHT.psa
Memory: allocated 928759 bytes in 759 blocks
Loading AnimSequence4 Deinosuchus_Eat from package Mods/Additions_Pack/Deinosuchus/Dino/Animation/Deinosuchus_Eat.uasset
Loading AnimSequence4 Deinosuchus_Idle from package Mods/Additions_Pack/Deinosuchus/Dino/Animation/Deinosuchus_Idle.uasset
Loading Skeleton Deinosuchus_TLC_Rig_Skeleton from package Mods/Additions_Pack/Deinosuchus/Dino/Deinosuchus_TLC_Rig_Skeleton.uasset
BoolProperty: unknown FBoneNode bLockBone
BoolProperty: unknown FBoneNode bRemoveBone
BoolProperty: unknown FBoneNode bLockBone
BoolProperty: unknown FBoneNode bRemoveBone
BoolProperty: unknown FBoneNode bLockBone
BoolProperty: unknown FBoneNode bRemoveBone
BoolProperty: unknown FBoneNode bLockBone
BoolProperty: unknown FBoneNode bRemoveBone
BoolProperty: unknown FBoneNode bLockBone
BoolProperty: unknown FBoneNode bRemoveBone
BoolProperty: unknown FBoneNode bLockBone
BoolProperty: unknown FBoneNode bRemoveBone
BoolProperty: unknown FBoneNode bLockBone
BoolProperty: unknown FBoneNode bRemoveBone
BoolProperty: unknown FBoneNode bLockBone
BoolProperty: unknown FBoneNode bRemoveBone
BoolProperty: unknown FBoneNode bLockBone
BoolProperty: unknown FBoneNode bRemoveBone
BoolProperty: unknown FBoneNode bLockBone
BoolProperty: unknown FBoneNode bRemoveBone
BoolProperty: unknown FBoneNode bLockBone
BoolProperty: unknown FBoneNode bRemoveBone
BoolProperty: unknown FBoneNode bLockBone
BoolProperty: unknown FBoneNode bRemoveBone
BoolProperty: unknown FBoneNode bLockBone
BoolProperty: unknown FBoneNode bRemoveBone
BoolProperty: unknown FBoneNode bLockBone
BoolProperty: unknown FBoneNode bRemoveBone
BoolProperty: unknown FBoneNode bLockBone
BoolProperty: unknown FBoneNode bRemoveBone
BoolProperty: unknown FBoneNode bLockBone
BoolProperty: unknown FBoneNode bRemoveBone
BoolProperty: unknown FBoneNode bLockBone
BoolProperty: unknown FBoneNode bRemoveBone
BoolProperty: unknown FBoneNode bLockBone
BoolProperty: unknown FBoneNode bRemoveBone
BoolProperty: unknown FBoneNode bLockBone
BoolProperty: unknown FBoneNode bRemoveBone
BoolProperty: unknown FBoneNode bLockBone
BoolProperty: unknown FBoneNode bRemoveBone
BoolProperty: unknown FBoneNode bLockBone
BoolProperty: unknown FBoneNode bRemoveBone
BoolProperty: unknown FBoneNode bLockBone
BoolProperty: unknown FBoneNode bRemoveBone
BoolProperty: unknown FBoneNode bLockBone
BoolProperty: unknown FBoneNode bRemoveBone
BoolProperty: unknown FBoneNode bLockBone
BoolProperty: unknown FBoneNode bRemoveBone
BoolProperty: unknown FBoneNode bLockBone
BoolProperty: unknown FBoneNode bRemoveBone
BoolProperty: unknown FBoneNode bLockBone
BoolProperty: unknown FBoneNode bRemoveBone
BoolProperty: unknown FBoneNode bLockBone
BoolProperty: unknown FBoneNode bRemoveBone
BoolProperty: unknown FBoneNode bLockBone
BoolProperty: unknown FBoneNode bRemoveBone
BoolProperty: unknown FBoneNode bLockBone
BoolProperty: unknown FBoneNode bRemoveBone
BoolProperty: unknown FBoneNode bLockBone
BoolProperty: unknown FBoneNode bRemoveBone
BoolProperty: unknown FBoneNode bLockBone
BoolProperty: unknown FBoneNode bRemoveBone
BoolProperty: unknown FBoneNode bLockBone
BoolProperty: unknown FBoneNode bRemoveBone
BoolProperty: unknown FBoneNode bLockBone
BoolProperty: unknown FBoneNode bRemoveBone
BoolProperty: unknown FBoneNode bLockBone
BoolProperty: unknown FBoneNode bRemoveBone
BoolProperty: unknown FBoneNode bLockBone
BoolProperty: unknown FBoneNode bRemoveBone
BoolProperty: unknown FBoneNode bLockBone
BoolProperty: unknown FBoneNode bRemoveBone
BoolProperty: unknown FBoneNode bLockBone
BoolProperty: unknown FBoneNode bRemoveBone
BoolProperty: unknown FBoneNode bLockBone
BoolProperty: unknown FBoneNode bRemoveBone
BoolProperty: unknown FBoneNode bLockBone
BoolProperty: unknown FBoneNode bRemoveBone
BoolProperty: unknown FBoneNode bLockBone
BoolProperty: unknown FBoneNode bRemoveBone
BoolProperty: unknown FBoneNode bLockBone
BoolProperty: unknown FBoneNode bRemoveBone
BoolProperty: unknown FBoneNode bLockBone
BoolProperty: unknown FBoneNode bRemoveBone
BoolProperty: unknown FBoneNode bLockBone
BoolProperty: unknown FBoneNode bRemoveBone
BoolProperty: unknown FBoneNode bLockBone
BoolProperty: unknown FBoneNode bRemoveBone
BoolProperty: unknown FBoneNode bLockBone
BoolProperty: unknown FBoneNode bRemoveBone
BoolProperty: unknown FBoneNode bLockBone
BoolProperty: unknown FBoneNode bRemoveBone
BoolProperty: unknown FBoneNode bLockBone
BoolProperty: unknown FBoneNode bRemoveBone
BoolProperty: unknown FBoneNode bLockBone
BoolProperty: unknown FBoneNode bRemoveBone
BoolProperty: unknown FBoneNode bLockBone
BoolProperty: unknown FBoneNode bRemoveBone
BoolProperty: unknown FBoneNode bLockBone
BoolProperty: unknown FBoneNode bRemoveBone
BoolProperty: unknown FBoneNode bLockBone
BoolProperty: unknown FBoneNode bRemoveBone
BoolProperty: unknown FBoneNode bLockBone
BoolProperty: unknown FBoneNode bRemoveBone
BoolProperty: unknown FBoneNode bLockBone
BoolProperty: unknown FBoneNode bRemoveBone
BoolProperty: unknown FBoneNode bLockBone
BoolProperty: unknown FBoneNode bRemoveBone
BoolProperty: unknown FBoneNode bLockBone
BoolProperty: unknown FBoneNode bRemoveBone
BoolProperty: unknown FBoneNode bLockBone
BoolProperty: unknown FBoneNode bRemoveBone
BoolProperty: unknown FBoneNode bLockBone
BoolProperty: unknown FBoneNode bRemoveBone
BoolProperty: unknown FBoneNode bLockBone
BoolProperty: unknown FBoneNode bRemoveBone
BoolProperty: unknown FBoneNode bLockBone
BoolProperty: unknown FBoneNode bRemoveBone
BoolProperty: unknown FBoneNode bLockBone
BoolProperty: unknown FBoneNode bRemoveBone
BoolProperty: unknown FBoneNode bLockBone
BoolProperty: unknown FBoneNode bRemoveBone
BoolProperty: unknown FBoneNode bLockBone
BoolProperty: unknown FBoneNode bRemoveBone
BoolProperty: unknown FBoneNode bLockBone
BoolProperty: unknown FBoneNode bRemoveBone
Exporting objects ...
Exporting AnimSequence4 Deinosuchus_Eat to C:/Users/Nez/Desktop/GitHub/Ark-Survival-Returns/.work/exports/actorx/Mods/Additions_Pack/Deinosuchus/Dino/Animation/Deinosuchus_Eat.psa
Memory: allocated 941047 bytes in 762 blocks
Loading AnimSequence4 Deinosuchus_Idle from package Mods/Additions_Pack/Deinosuchus/Dino/Animation/Deinosuchus_Idle.uasset
Loading Skeleton Deinosuchus_TLC_Rig_Skeleton from package Mods/Additions_Pack/Deinosuchus/Dino/Deinosuchus_TLC_Rig_Skeleton.uasset
BoolProperty: unknown FBoneNode bLockBone
BoolProperty: unknown FBoneNode bRemoveBone
BoolProperty: unknown FBoneNode bLockBone
BoolProperty: unknown FBoneNode bRemoveBone
BoolProperty: unknown FBoneNode bLockBone
BoolProperty: unknown FBoneNode bRemoveBone
BoolProperty: unknown FBoneNode bLockBone
BoolProperty: unknown FBoneNode bRemoveBone
BoolProperty: unknown FBoneNode bLockBone
BoolProperty: unknown FBoneNode bRemoveBone
BoolProperty: unknown FBoneNode bLockBone
BoolProperty: unknown FBoneNode bRemoveBone
BoolProperty: unknown FBoneNode bLockBone
BoolProperty: unknown FBoneNode bRemoveBone
BoolProperty: unknown FBoneNode bLockBone
BoolProperty: unknown FBoneNode bRemoveBone
BoolProperty: unknown FBoneNode bLockBone
BoolProperty: unknown FBoneNode bRemoveBone
BoolProperty: unknown FBoneNode bLockBone
BoolProperty: unknown FBoneNode bRemoveBone
BoolProperty: unknown FBoneNode bLockBone
BoolProperty: unknown FBoneNode bRemoveBone
BoolProperty: unknown FBoneNode bLockBone
BoolProperty: unknown FBoneNode bRemoveBone
BoolProperty: unknown FBoneNode bLockBone
BoolProperty: unknown FBoneNode bRemoveBone
BoolProperty: unknown FBoneNode bLockBone
BoolProperty: unknown FBoneNode bRemoveBone
BoolProperty: unknown FBoneNode bLockBone
BoolProperty: unknown FBoneNode bRemoveBone
BoolProperty: unknown FBoneNode bLockBone
BoolProperty: unknown FBoneNode bRemoveBone
BoolProperty: unknown FBoneNode bLockBone
BoolProperty: unknown FBoneNode bRemoveBone
BoolProperty: unknown FBoneNode bLockBone
BoolProperty: unknown FBoneNode bRemoveBone
BoolProperty: unknown FBoneNode bLockBone
BoolProperty: unknown FBoneNode bRemoveBone
BoolProperty: unknown FBoneNode bLockBone
BoolProperty: unknown FBoneNode bRemoveBone
BoolProperty: unknown FBoneNode bLockBone
BoolProperty: unknown FBoneNode bRemoveBone
BoolProperty: unknown FBoneNode bLockBone
BoolProperty: unknown FBoneNode bRemoveBone
BoolProperty: unknown FBoneNode bLockBone
BoolProperty: unknown FBoneNode bRemoveBone
BoolProperty: unknown FBoneNode bLockBone
BoolProperty: unknown FBoneNode bRemoveBone
BoolProperty: unknown FBoneNode bLockBone
BoolProperty: unknown FBoneNode bRemoveBone
BoolProperty: unknown FBoneNode bLockBone
BoolProperty: unknown FBoneNode bRemoveBone
BoolProperty: unknown FBoneNode bLockBone
BoolProperty: unknown FBoneNode bRemoveBone
BoolProperty: unknown FBoneNode bLockBone
BoolProperty: unknown FBoneNode bRemoveBone
BoolProperty: unknown FBoneNode bLockBone
BoolProperty: unknown FBoneNode bRemoveBone
BoolProperty: unknown FBoneNode bLockBone
BoolProperty: unknown FBoneNode bRemoveBone
BoolProperty: unknown FBoneNode bLockBone
BoolProperty: unknown FBoneNode bRemoveBone
BoolProperty: unknown FBoneNode bLockBone
BoolProperty: unknown FBoneNode bRemoveBone
BoolProperty: unknown FBoneNode bLockBone
BoolProperty: unknown FBoneNode bRemoveBone
BoolProperty: unknown FBoneNode bLockBone
BoolProperty: unknown FBoneNode bRemoveBone
BoolProperty: unknown FBoneNode bLockBone
BoolProperty: unknown FBoneNode bRemoveBone
BoolProperty: unknown FBoneNode bLockBone
BoolProperty: unknown FBoneNode bRemoveBone
BoolProperty: unknown FBoneNode bLockBone
BoolProperty: unknown FBoneNode bRemoveBone
BoolProperty: unknown FBoneNode bLockBone
BoolProperty: unknown FBoneNode bRemoveBone
BoolProperty: unknown FBoneNode bLockBone
BoolProperty: unknown FBoneNode bRemoveBone
BoolProperty: unknown FBoneNode bLockBone
BoolProperty: unknown FBoneNode bRemoveBone
BoolProperty: unknown FBoneNode bLockBone
BoolProperty: unknown FBoneNode bRemoveBone
BoolProperty: unknown FBoneNode bLockBone
BoolProperty: unknown FBoneNode bRemoveBone
BoolProperty: unknown FBoneNode bLockBone
BoolProperty: unknown FBoneNode bRemoveBone
BoolProperty: unknown FBoneNode bLockBone
BoolProperty: unknown FBoneNode bRemoveBone
BoolProperty: unknown FBoneNode bLockBone
BoolProperty: unknown FBoneNode bRemoveBone
BoolProperty: unknown FBoneNode bLockBone
BoolProperty: unknown FBoneNode bRemoveBone
BoolProperty: unknown FBoneNode bLockBone
BoolProperty: unknown FBoneNode bRemoveBone
BoolProperty: unknown FBoneNode bLockBone
BoolProperty: unknown FBoneNode bRemoveBone
BoolProperty: unknown FBoneNode bLockBone
BoolProperty: unknown FBoneNode bRemoveBone
BoolProperty: unknown FBoneNode bLockBone
BoolProperty: unknown FBoneNode bRemoveBone
BoolProperty: unknown FBoneNode bLockBone
BoolProperty: unknown FBoneNode bRemoveBone
BoolProperty: unknown FBoneNode bLockBone
BoolProperty: unknown FBoneNode bRemoveBone
BoolProperty: unknown FBoneNode bLockBone
BoolProperty: unknown FBoneNode bRemoveBone
BoolProperty: unknown FBoneNode bLockBone
BoolProperty: unknown FBoneNode bRemoveBone
BoolProperty: unknown FBoneNode bLockBone
BoolProperty: unknown FBoneNode bRemoveBone
BoolProperty: unknown FBoneNode bLockBone
BoolProperty: unknown FBoneNode bRemoveBone
BoolProperty: unknown FBoneNode bLockBone
BoolProperty: unknown FBoneNode bRemoveBone
BoolProperty: unknown FBoneNode bLockBone
BoolProperty: unknown FBoneNode bRemoveBone
BoolProperty: unknown FBoneNode bLockBone
BoolProperty: unknown FBoneNode bRemoveBone
BoolProperty: unknown FBoneNode bLockBone
BoolProperty: unknown FBoneNode bRemoveBone
BoolProperty: unknown FBoneNode bLockBone
BoolProperty: unknown FBoneNode bRemoveBone
BoolProperty: unknown FBoneNode bLockBone
BoolProperty: unknown FBoneNode bRemoveBone
BoolProperty: unknown FBoneNode bLockBone
BoolProperty: unknown FBoneNode bRemoveBone
Exporting objects ...
Loading AnimSequence4 Deinosuchus_Move_FWD from package Mods/Additions_Pack/Deinosuchus/Dino/Animation/Deinosuchus_Move_FWD.uasset
FloatProperty: unknown FAnimNotifyEvent DisplayTime
BoolProperty: unknown FAnimNotifyEvent bIgnoreOnDediServer
FloatProperty: unknown FAnimNotifyEvent DisplayTime
BoolProperty: unknown FAnimNotifyEvent bIgnoreOnDediServer
FloatProperty: unknown FAnimNotifyEvent DisplayTime
BoolProperty: unknown FAnimNotifyEvent bIgnoreOnDediServer
FloatProperty: unknown FAnimNotifyEvent DisplayTime
BoolProperty: unknown FAnimNotifyEvent bIgnoreOnDediServer
Loading Skeleton Deinosuchus_TLC_Rig_Skeleton from package Mods/Additions_Pack/Deinosuchus/Dino/Deinosuchus_TLC_Rig_Skeleton.uasset
BoolProperty: unknown FBoneNode bLockBone
BoolProperty: unknown FBoneNode bRemoveBone
BoolProperty: unknown FBoneNode bLockBone
BoolProperty: unknown FBoneNode bRemoveBone
BoolProperty: unknown FBoneNode bLockBone
BoolProperty: unknown FBoneNode bRemoveBone
BoolProperty: unknown FBoneNode bLockBone
BoolProperty: unknown FBoneNode bRemoveBone
BoolProperty: unknown FBoneNode bLockBone
BoolProperty: unknown FBoneNode bRemoveBone
BoolProperty: unknown FBoneNode bLockBone
BoolProperty: unknown FBoneNode bRemoveBone
BoolProperty: unknown FBoneNode bLockBone
BoolProperty: unknown FBoneNode bRemoveBone
BoolProperty: unknown FBoneNode bLockBone
BoolProperty: unknown FBoneNode bRemoveBone
BoolProperty: unknown FBoneNode bLockBone
BoolProperty: unknown FBoneNode bRemoveBone
BoolProperty: unknown FBoneNode bLockBone
BoolProperty: unknown FBoneNode bRemoveBone
BoolProperty: unknown FBoneNode bLockBone
BoolProperty: unknown FBoneNode bRemoveBone
BoolProperty: unknown FBoneNode bLockBone
BoolProperty: unknown FBoneNode bRemoveBone
BoolProperty: unknown FBoneNode bLockBone
BoolProperty: unknown FBoneNode bRemoveBone
BoolProperty: unknown FBoneNode bLockBone
BoolProperty: unknown FBoneNode bRemoveBone
BoolProperty: unknown FBoneNode bLockBone
BoolProperty: unknown FBoneNode bRemoveBone
BoolProperty: unknown FBoneNode bLockBone
BoolProperty: unknown FBoneNode bRemoveBone
BoolProperty: unknown FBoneNode bLockBone
BoolProperty: unknown FBoneNode bRemoveBone
BoolProperty: unknown FBoneNode bLockBone
BoolProperty: unknown FBoneNode bRemoveBone
BoolProperty: unknown FBoneNode bLockBone
BoolProperty: unknown FBoneNode bRemoveBone
BoolProperty: unknown FBoneNode bLockBone
BoolProperty: unknown FBoneNode bRemoveBone
BoolProperty: unknown FBoneNode bLockBone
BoolProperty: unknown FBoneNode bRemoveBone
BoolProperty: unknown FBoneNode bLockBone
BoolProperty: unknown FBoneNode bRemoveBone
BoolProperty: unknown FBoneNode bLockBone
BoolProperty: unknown FBoneNode bRemoveBone
BoolProperty: unknown FBoneNode bLockBone
BoolProperty: unknown FBoneNode bRemoveBone
BoolProperty: unknown FBoneNode bLockBone
BoolProperty: unknown FBoneNode bRemoveBone
BoolProperty: unknown FBoneNode bLockBone
BoolProperty: unknown FBoneNode bRemoveBone
BoolProperty: unknown FBoneNode bLockBone
BoolProperty: unknown FBoneNode bRemoveBone
BoolProperty: unknown FBoneNode bLockBone
BoolProperty: unknown FBoneNode bRemoveBone
BoolProperty: unknown FBoneNode bLockBone
BoolProperty: unknown FBoneNode bRemoveBone
BoolProperty: unknown FBoneNode bLockBone
BoolProperty: unknown FBoneNode bRemoveBone
BoolProperty: unknown FBoneNode bLockBone
BoolProperty: unknown FBoneNode bRemoveBone
BoolProperty: unknown FBoneNode bLockBone
BoolProperty: unknown FBoneNode bRemoveBone
BoolProperty: unknown FBoneNode bLockBone
BoolProperty: unknown FBoneNode bRemoveBone
BoolProperty: unknown FBoneNode bLockBone
BoolProperty: unknown FBoneNode bRemoveBone
BoolProperty: unknown FBoneNode bLockBone
BoolProperty: unknown FBoneNode bRemoveBone
BoolProperty: unknown FBoneNode bLockBone
BoolProperty: unknown FBoneNode bRemoveBone
BoolProperty: unknown FBoneNode bLockBone
BoolProperty: unknown FBoneNode bRemoveBone
BoolProperty: unknown FBoneNode bLockBone
BoolProperty: unknown FBoneNode bRemoveBone
BoolProperty: unknown FBoneNode bLockBone
BoolProperty: unknown FBoneNode bRemoveBone
BoolProperty: unknown FBoneNode bLockBone
BoolProperty: unknown FBoneNode bRemoveBone
BoolProperty: unknown FBoneNode bLockBone
BoolProperty: unknown FBoneNode bRemoveBone
BoolProperty: unknown FBoneNode bLockBone
BoolProperty: unknown FBoneNode bRemoveBone
BoolProperty: unknown FBoneNode bLockBone
BoolProperty: unknown FBoneNode bRemoveBone
BoolProperty: unknown FBoneNode bLockBone
BoolProperty: unknown FBoneNode bRemoveBone
BoolProperty: unknown FBoneNode bLockBone
BoolProperty: unknown FBoneNode bRemoveBone
BoolProperty: unknown FBoneNode bLockBone
BoolProperty: unknown FBoneNode bRemoveBone
BoolProperty: unknown FBoneNode bLockBone
BoolProperty: unknown FBoneNode bRemoveBone
BoolProperty: unknown FBoneNode bLockBone
BoolProperty: unknown FBoneNode bRemoveBone
BoolProperty: unknown FBoneNode bLockBone
BoolProperty: unknown FBoneNode bRemoveBone
BoolProperty: unknown FBoneNode bLockBone
BoolProperty: unknown FBoneNode bRemoveBone
BoolProperty: unknown FBoneNode bLockBone
BoolProperty: unknown FBoneNode bRemoveBone
BoolProperty: unknown FBoneNode bLockBone
BoolProperty: unknown FBoneNode bRemoveBone
BoolProperty: unknown FBoneNode bLockBone
BoolProperty: unknown FBoneNode bRemoveBone
BoolProperty: unknown FBoneNode bLockBone
BoolProperty: unknown FBoneNode bRemoveBone
BoolProperty: unknown FBoneNode bLockBone
BoolProperty: unknown FBoneNode bRemoveBone
BoolProperty: unknown FBoneNode bLockBone
BoolProperty: unknown FBoneNode bRemoveBone
BoolProperty: unknown FBoneNode bLockBone
BoolProperty: unknown FBoneNode bRemoveBone
BoolProperty: unknown FBoneNode bLockBone
BoolProperty: unknown FBoneNode bRemoveBone
BoolProperty: unknown FBoneNode bLockBone
BoolProperty: unknown FBoneNode bRemoveBone
BoolProperty: unknown FBoneNode bLockBone
BoolProperty: unknown FBoneNode bRemoveBone
BoolProperty: unknown FBoneNode bLockBone
BoolProperty: unknown FBoneNode bRemoveBone
BoolProperty: unknown FBoneNode bLockBone
BoolProperty: unknown FBoneNode bRemoveBone
BoolProperty: unknown FBoneNode bLockBone
BoolProperty: unknown FBoneNode bRemoveBone
Exporting objects ...
Exporting AnimSequence4 Deinosuchus_Move_FWD to C:/Users/Nez/Desktop/GitHub/Ark-Survival-Returns/.work/exports/actorx/Mods/Additions_Pack/Deinosuchus/Dino/Animation/Deinosuchus_Move_FWD.psa
Memory: allocated 953335 bytes in 765 blocks
Loading AnimSequence4 Deinosuchus_Move_Left from package Mods/Additions_Pack/Deinosuchus/Dino/Animation/Deinosuchus_Move_Left.uasset
FloatProperty: unknown FAnimNotifyEvent DisplayTime
BoolProperty: unknown FAnimNotifyEvent bIgnoreOnDediServer
FloatProperty: unknown FAnimNotifyEvent DisplayTime
BoolProperty: unknown FAnimNotifyEvent bIgnoreOnDediServer
FloatProperty: unknown FAnimNotifyEvent DisplayTime
BoolProperty: unknown FAnimNotifyEvent bIgnoreOnDediServer
FloatProperty: unknown FAnimNotifyEvent DisplayTime
BoolProperty: unknown FAnimNotifyEvent bIgnoreOnDediServer
Loading Skeleton Deinosuchus_TLC_Rig_Skeleton from package Mods/Additions_Pack/Deinosuchus/Dino/Deinosuchus_TLC_Rig_Skeleton.uasset
BoolProperty: unknown FBoneNode bLockBone
BoolProperty: unknown FBoneNode bRemoveBone
BoolProperty: unknown FBoneNode bLockBone
BoolProperty: unknown FBoneNode bRemoveBone
BoolProperty: unknown FBoneNode bLockBone
BoolProperty: unknown FBoneNode bRemoveBone
BoolProperty: unknown FBoneNode bLockBone
BoolProperty: unknown FBoneNode bRemoveBone
BoolProperty: unknown FBoneNode bLockBone
BoolProperty: unknown FBoneNode bRemoveBone
BoolProperty: unknown FBoneNode bLockBone
BoolProperty: unknown FBoneNode bRemoveBone
BoolProperty: unknown FBoneNode bLockBone
BoolProperty: unknown FBoneNode bRemoveBone
BoolProperty: unknown FBoneNode bLockBone
BoolProperty: unknown FBoneNode bRemoveBone
BoolProperty: unknown FBoneNode bLockBone
BoolProperty: unknown FBoneNode bRemoveBone
BoolProperty: unknown FBoneNode bLockBone
BoolProperty: unknown FBoneNode bRemoveBone
BoolProperty: unknown FBoneNode bLockBone
BoolProperty: unknown FBoneNode bRemoveBone
BoolProperty: unknown FBoneNode bLockBone
BoolProperty: unknown FBoneNode bRemoveBone
BoolProperty: unknown FBoneNode bLockBone
BoolProperty: unknown FBoneNode bRemoveBone
BoolProperty: unknown FBoneNode bLockBone
BoolProperty: unknown FBoneNode bRemoveBone
BoolProperty: unknown FBoneNode bLockBone
BoolProperty: unknown FBoneNode bRemoveBone
BoolProperty: unknown FBoneNode bLockBone
BoolProperty: unknown FBoneNode bRemoveBone
BoolProperty: unknown FBoneNode bLockBone
BoolProperty: unknown FBoneNode bRemoveBone
BoolProperty: unknown FBoneNode bLockBone
BoolProperty: unknown FBoneNode bRemoveBone
BoolProperty: unknown FBoneNode bLockBone
BoolProperty: unknown FBoneNode bRemoveBone
BoolProperty: unknown FBoneNode bLockBone
BoolProperty: unknown FBoneNode bRemoveBone
BoolProperty: unknown FBoneNode bLockBone
BoolProperty: unknown FBoneNode bRemoveBone
BoolProperty: unknown FBoneNode bLockBone
BoolProperty: unknown FBoneNode bRemoveBone
BoolProperty: unknown FBoneNode bLockBone
BoolProperty: unknown FBoneNode bRemoveBone
BoolProperty: unknown FBoneNode bLockBone
BoolProperty: unknown FBoneNode bRemoveBone
BoolProperty: unknown FBoneNode bLockBone
BoolProperty: unknown FBoneNode bRemoveBone
BoolProperty: unknown FBoneNode bLockBone
BoolProperty: unknown FBoneNode bRemoveBone
BoolProperty: unknown FBoneNode bLockBone
BoolProperty: unknown FBoneNode bRemoveBone
BoolProperty: unknown FBoneNode bLockBone
BoolProperty: unknown FBoneNode bRemoveBone
BoolProperty: unknown FBoneNode bLockBone
BoolProperty: unknown FBoneNode bRemoveBone
BoolProperty: unknown FBoneNode bLockBone
BoolProperty: unknown FBoneNode bRemoveBone
BoolProperty: unknown FBoneNode bLockBone
BoolProperty: unknown FBoneNode bRemoveBone
BoolProperty: unknown FBoneNode bLockBone
BoolProperty: unknown FBoneNode bRemoveBone
BoolProperty: unknown FBoneNode bLockBone
BoolProperty: unknown FBoneNode bRemoveBone
BoolProperty: unknown FBoneNode bLockBone
BoolProperty: unknown FBoneNode bRemoveBone
BoolProperty: unknown FBoneNode bLockBone
BoolProperty: unknown FBoneNode bRemoveBone
BoolProperty: unknown FBoneNode bLockBone
BoolProperty: unknown FBoneNode bRemoveBone
BoolProperty: unknown FBoneNode bLockBone
BoolProperty: unknown FBoneNode bRemoveBone
BoolProperty: unknown FBoneNode bLockBone
BoolProperty: unknown FBoneNode bRemoveBone
BoolProperty: unknown FBoneNode bLockBone
BoolProperty: unknown FBoneNode bRemoveBone
BoolProperty: unknown FBoneNode bLockBone
BoolProperty: unknown FBoneNode bRemoveBone
BoolProperty: unknown FBoneNode bLockBone
BoolProperty: unknown FBoneNode bRemoveBone
BoolProperty: unknown FBoneNode bLockBone
BoolProperty: unknown FBoneNode bRemoveBone
BoolProperty: unknown FBoneNode bLockBone
BoolProperty: unknown FBoneNode bRemoveBone
BoolProperty: unknown FBoneNode bLockBone
BoolProperty: unknown FBoneNode bRemoveBone
BoolProperty: unknown FBoneNode bLockBone
BoolProperty: unknown FBoneNode bRemoveBone
BoolProperty: unknown FBoneNode bLockBone
BoolProperty: unknown FBoneNode bRemoveBone
BoolProperty: unknown FBoneNode bLockBone
BoolProperty: unknown FBoneNode bRemoveBone
BoolProperty: unknown FBoneNode bLockBone
BoolProperty: unknown FBoneNode bRemoveBone
BoolProperty: unknown FBoneNode bLockBone
BoolProperty: unknown FBoneNode bRemoveBone
BoolProperty: unknown FBoneNode bLockBone
BoolProperty: unknown FBoneNode bRemoveBone
BoolProperty: unknown FBoneNode bLockBone
BoolProperty: unknown FBoneNode bRemoveBone
BoolProperty: unknown FBoneNode bLockBone
BoolProperty: unknown FBoneNode bRemoveBone
BoolProperty: unknown FBoneNode bLockBone
BoolProperty: unknown FBoneNode bRemoveBone
BoolProperty: unknown FBoneNode bLockBone
BoolProperty: unknown FBoneNode bRemoveBone
BoolProperty: unknown FBoneNode bLockBone
BoolProperty: unknown FBoneNode bRemoveBone
BoolProperty: unknown FBoneNode bLockBone
BoolProperty: unknown FBoneNode bRemoveBone
BoolProperty: unknown FBoneNode bLockBone
BoolProperty: unknown FBoneNode bRemoveBone
BoolProperty: unknown FBoneNode bLockBone
BoolProperty: unknown FBoneNode bRemoveBone
BoolProperty: unknown FBoneNode bLockBone
BoolProperty: unknown FBoneNode bRemoveBone
BoolProperty: unknown FBoneNode bLockBone
BoolProperty: unknown FBoneNode bRemoveBone
BoolProperty: unknown FBoneNode bLockBone
BoolProperty: unknown FBoneNode bRemoveBone
BoolProperty: unknown FBoneNode bLockBone
BoolProperty: unknown FBoneNode bRemoveBone
BoolProperty: unknown FBoneNode bLockBone
BoolProperty: unknown FBoneNode bRemoveBone
Exporting objects ...
Exporting AnimSequence4 Deinosuchus_Move_Left to C:/Users/Nez/Desktop/GitHub/Ark-Survival-Returns/.work/exports/actorx/Mods/Additions_Pack/Deinosuchus/Dino/Animation/Deinosuchus_Move_Left.psa
Memory: allocated 965623 bytes in 768 blocks
Loading AnimSequence4 Deinosuchus_Move_Right from package Mods/Additions_Pack/Deinosuchus/Dino/Animation/Deinosuchus_Move_Right.uasset
FloatProperty: unknown FAnimNotifyEvent DisplayTime
BoolProperty: unknown FAnimNotifyEvent bIgnoreOnDediServer
FloatProperty: unknown FAnimNotifyEvent DisplayTime
BoolProperty: unknown FAnimNotifyEvent bIgnoreOnDediServer
FloatProperty: unknown FAnimNotifyEvent DisplayTime
BoolProperty: unknown FAnimNotifyEvent bIgnoreOnDediServer
FloatProperty: unknown FAnimNotifyEvent DisplayTime
BoolProperty: unknown FAnimNotifyEvent bIgnoreOnDediServer
Loading Skeleton Deinosuchus_TLC_Rig_Skeleton from package Mods/Additions_Pack/Deinosuchus/Dino/Deinosuchus_TLC_Rig_Skeleton.uasset
BoolProperty: unknown FBoneNode bLockBone
BoolProperty: unknown FBoneNode bRemoveBone
BoolProperty: unknown FBoneNode bLockBone
BoolProperty: unknown FBoneNode bRemoveBone
BoolProperty: unknown FBoneNode bLockBone
BoolProperty: unknown FBoneNode bRemoveBone
BoolProperty: unknown FBoneNode bLockBone
BoolProperty: unknown FBoneNode bRemoveBone
BoolProperty: unknown FBoneNode bLockBone
BoolProperty: unknown FBoneNode bRemoveBone
BoolProperty: unknown FBoneNode bLockBone
BoolProperty: unknown FBoneNode bRemoveBone
BoolProperty: unknown FBoneNode bLockBone
BoolProperty: unknown FBoneNode bRemoveBone
BoolProperty: unknown FBoneNode bLockBone
BoolProperty: unknown FBoneNode bRemoveBone
BoolProperty: unknown FBoneNode bLockBone
BoolProperty: unknown FBoneNode bRemoveBone
BoolProperty: unknown FBoneNode bLockBone
BoolProperty: unknown FBoneNode bRemoveBone
BoolProperty: unknown FBoneNode bLockBone
BoolProperty: unknown FBoneNode bRemoveBone
BoolProperty: unknown FBoneNode bLockBone
BoolProperty: unknown FBoneNode bRemoveBone
BoolProperty: unknown FBoneNode bLockBone
BoolProperty: unknown FBoneNode bRemoveBone
BoolProperty: unknown FBoneNode bLockBone
BoolProperty: unknown FBoneNode bRemoveBone
BoolProperty: unknown FBoneNode bLockBone
BoolProperty: unknown FBoneNode bRemoveBone
BoolProperty: unknown FBoneNode bLockBone
BoolProperty: unknown FBoneNode bRemoveBone
BoolProperty: unknown FBoneNode bLockBone
BoolProperty: unknown FBoneNode bRemoveBone
BoolProperty: unknown FBoneNode bLockBone
BoolProperty: unknown FBoneNode bRemoveBone
BoolProperty: unknown FBoneNode bLockBone
BoolProperty: unknown FBoneNode bRemoveBone
BoolProperty: unknown FBoneNode bLockBone
BoolProperty: unknown FBoneNode bRemoveBone
BoolProperty: unknown FBoneNode bLockBone
BoolProperty: unknown FBoneNode bRemoveBone
BoolProperty: unknown FBoneNode bLockBone
BoolProperty: unknown FBoneNode bRemoveBone
BoolProperty: unknown FBoneNode bLockBone
BoolProperty: unknown FBoneNode bRemoveBone
BoolProperty: unknown FBoneNode bLockBone
BoolProperty: unknown FBoneNode bRemoveBone
BoolProperty: unknown FBoneNode bLockBone
BoolProperty: unknown FBoneNode bRemoveBone
BoolProperty: unknown FBoneNode bLockBone
BoolProperty: unknown FBoneNode bRemoveBone
BoolProperty: unknown FBoneNode bLockBone
BoolProperty: unknown FBoneNode bRemoveBone
BoolProperty: unknown FBoneNode bLockBone
BoolProperty: unknown FBoneNode bRemoveBone
BoolProperty: unknown FBoneNode bLockBone
BoolProperty: unknown FBoneNode bRemoveBone
BoolProperty: unknown FBoneNode bLockBone
BoolProperty: unknown FBoneNode bRemoveBone
BoolProperty: unknown FBoneNode bLockBone
BoolProperty: unknown FBoneNode bRemoveBone
BoolProperty: unknown FBoneNode bLockBone
BoolProperty: unknown FBoneNode bRemoveBone
BoolProperty: unknown FBoneNode bLockBone
BoolProperty: unknown FBoneNode bRemoveBone
BoolProperty: unknown FBoneNode bLockBone
BoolProperty: unknown FBoneNode bRemoveBone
BoolProperty: unknown FBoneNode bLockBone
BoolProperty: unknown FBoneNode bRemoveBone
BoolProperty: unknown FBoneNode bLockBone
BoolProperty: unknown FBoneNode bRemoveBone
BoolProperty: unknown FBoneNode bLockBone
BoolProperty: unknown FBoneNode bRemoveBone
BoolProperty: unknown FBoneNode bLockBone
BoolProperty: unknown FBoneNode bRemoveBone
BoolProperty: unknown FBoneNode bLockBone
BoolProperty: unknown FBoneNode bRemoveBone
BoolProperty: unknown FBoneNode bLockBone
BoolProperty: unknown FBoneNode bRemoveBone
BoolProperty: unknown FBoneNode bLockBone
BoolProperty: unknown FBoneNode bRemoveBone
BoolProperty: unknown FBoneNode bLockBone
BoolProperty: unknown FBoneNode bRemoveBone
BoolProperty: unknown FBoneNode bLockBone
BoolProperty: unknown FBoneNode bRemoveBone
BoolProperty: unknown FBoneNode bLockBone
BoolProperty: unknown FBoneNode bRemoveBone
BoolProperty: unknown FBoneNode bLockBone
BoolProperty: unknown FBoneNode bRemoveBone
BoolProperty: unknown FBoneNode bLockBone
BoolProperty: unknown FBoneNode bRemoveBone
BoolProperty: unknown FBoneNode bLockBone
BoolProperty: unknown FBoneNode bRemoveBone
BoolProperty: unknown FBoneNode bLockBone
BoolProperty: unknown FBoneNode bRemoveBone
BoolProperty: unknown FBoneNode bLockBone
BoolProperty: unknown FBoneNode bRemoveBone
BoolProperty: unknown FBoneNode bLockBone
BoolProperty: unknown FBoneNode bRemoveBone
BoolProperty: unknown FBoneNode bLockBone
BoolProperty: unknown FBoneNode bRemoveBone
BoolProperty: unknown FBoneNode bLockBone
BoolProperty: unknown FBoneNode bRemoveBone
BoolProperty: unknown FBoneNode bLockBone
BoolProperty: unknown FBoneNode bRemoveBone
BoolProperty: unknown FBoneNode bLockBone
BoolProperty: unknown FBoneNode bRemoveBone
BoolProperty: unknown FBoneNode bLockBone
BoolProperty: unknown FBoneNode bRemoveBone
BoolProperty: unknown FBoneNode bLockBone
BoolProperty: unknown FBoneNode bRemoveBone
BoolProperty: unknown FBoneNode bLockBone
BoolProperty: unknown FBoneNode bRemoveBone
BoolProperty: unknown FBoneNode bLockBone
BoolProperty: unknown FBoneNode bRemoveBone
BoolProperty: unknown FBoneNode bLockBone
BoolProperty: unknown FBoneNode bRemoveBone
BoolProperty: unknown FBoneNode bLockBone
BoolProperty: unknown FBoneNode bRemoveBone
BoolProperty: unknown FBoneNode bLockBone
BoolProperty: unknown FBoneNode bRemoveBone
BoolProperty: unknown FBoneNode bLockBone
BoolProperty: unknown FBoneNode bRemoveBone
BoolProperty: unknown FBoneNode bLockBone
BoolProperty: unknown FBoneNode bRemoveBone
Exporting objects ...
Exporting AnimSequence4 Deinosuchus_Move_Right to C:/Users/Nez/Desktop/GitHub/Ark-Survival-Returns/.work/exports/actorx/Mods/Additions_Pack/Deinosuchus/Dino/Animation/Deinosuchus_Move_Right.psa
Memory: allocated 977911 bytes in 771 blocks
Loading AnimSequence4 Deinosuchus_Move_TurnLeft from package Mods/Additions_Pack/Deinosuchus/Dino/Animation/Deinosuchus_Move_TurnLeft.uasset
FloatProperty: unknown FAnimNotifyEvent DisplayTime
BoolProperty: unknown FAnimNotifyEvent bIgnoreOnDediServer
FloatProperty: unknown FAnimNotifyEvent DisplayTime
BoolProperty: unknown FAnimNotifyEvent bIgnoreOnDediServer
FloatProperty: unknown FAnimNotifyEvent DisplayTime
BoolProperty: unknown FAnimNotifyEvent bIgnoreOnDediServer
FloatProperty: unknown FAnimNotifyEvent DisplayTime
BoolProperty: unknown FAnimNotifyEvent bIgnoreOnDediServer
Loading Skeleton Deinosuchus_TLC_Rig_Skeleton from package Mods/Additions_Pack/Deinosuchus/Dino/Deinosuchus_TLC_Rig_Skeleton.uasset
BoolProperty: unknown FBoneNode bLockBone
BoolProperty: unknown FBoneNode bRemoveBone
BoolProperty: unknown FBoneNode bLockBone
BoolProperty: unknown FBoneNode bRemoveBone
BoolProperty: unknown FBoneNode bLockBone
BoolProperty: unknown FBoneNode bRemoveBone
BoolProperty: unknown FBoneNode bLockBone
BoolProperty: unknown FBoneNode bRemoveBone
BoolProperty: unknown FBoneNode bLockBone
BoolProperty: unknown FBoneNode bRemoveBone
BoolProperty: unknown FBoneNode bLockBone
BoolProperty: unknown FBoneNode bRemoveBone
BoolProperty: unknown FBoneNode bLockBone
BoolProperty: unknown FBoneNode bRemoveBone
BoolProperty: unknown FBoneNode bLockBone
BoolProperty: unknown FBoneNode bRemoveBone
BoolProperty: unknown FBoneNode bLockBone
BoolProperty: unknown FBoneNode bRemoveBone
BoolProperty: unknown FBoneNode bLockBone
BoolProperty: unknown FBoneNode bRemoveBone
BoolProperty: unknown FBoneNode bLockBone
BoolProperty: unknown FBoneNode bRemoveBone
BoolProperty: unknown FBoneNode bLockBone
BoolProperty: unknown FBoneNode bRemoveBone
BoolProperty: unknown FBoneNode bLockBone
BoolProperty: unknown FBoneNode bRemoveBone
BoolProperty: unknown FBoneNode bLockBone
BoolProperty: unknown FBoneNode bRemoveBone
BoolProperty: unknown FBoneNode bLockBone
BoolProperty: unknown FBoneNode bRemoveBone
BoolProperty: unknown FBoneNode bLockBone
BoolProperty: unknown FBoneNode bRemoveBone
BoolProperty: unknown FBoneNode bLockBone
BoolProperty: unknown FBoneNode bRemoveBone
BoolProperty: unknown FBoneNode bLockBone
BoolProperty: unknown FBoneNode bRemoveBone
BoolProperty: unknown FBoneNode bLockBone
BoolProperty: unknown FBoneNode bRemoveBone
BoolProperty: unknown FBoneNode bLockBone
BoolProperty: unknown FBoneNode bRemoveBone
BoolProperty: unknown FBoneNode bLockBone
BoolProperty: unknown FBoneNode bRemoveBone
BoolProperty: unknown FBoneNode bLockBone
BoolProperty: unknown FBoneNode bRemoveBone
BoolProperty: unknown FBoneNode bLockBone
BoolProperty: unknown FBoneNode bRemoveBone
BoolProperty: unknown FBoneNode bLockBone
BoolProperty: unknown FBoneNode bRemoveBone
BoolProperty: unknown FBoneNode bLockBone
BoolProperty: unknown FBoneNode bRemoveBone
BoolProperty: unknown FBoneNode bLockBone
BoolProperty: unknown FBoneNode bRemoveBone
BoolProperty: unknown FBoneNode bLockBone
BoolProperty: unknown FBoneNode bRemoveBone
BoolProperty: unknown FBoneNode bLockBone
BoolProperty: unknown FBoneNode bRemoveBone
BoolProperty: unknown FBoneNode bLockBone
BoolProperty: unknown FBoneNode bRemoveBone
BoolProperty: unknown FBoneNode bLockBone
BoolProperty: unknown FBoneNode bRemoveBone
BoolProperty: unknown FBoneNode bLockBone
BoolProperty: unknown FBoneNode bRemoveBone
BoolProperty: unknown FBoneNode bLockBone
BoolProperty: unknown FBoneNode bRemoveBone
BoolProperty: unknown FBoneNode bLockBone
BoolProperty: unknown FBoneNode bRemoveBone
BoolProperty: unknown FBoneNode bLockBone
BoolProperty: unknown FBoneNode bRemoveBone
BoolProperty: unknown FBoneNode bLockBone
BoolProperty: unknown FBoneNode bRemoveBone
BoolProperty: unknown FBoneNode bLockBone
BoolProperty: unknown FBoneNode bRemoveBone
BoolProperty: unknown FBoneNode bLockBone
BoolProperty: unknown FBoneNode bRemoveBone
BoolProperty: unknown FBoneNode bLockBone
BoolProperty: unknown FBoneNode bRemoveBone
BoolProperty: unknown FBoneNode bLockBone
BoolProperty: unknown FBoneNode bRemoveBone
BoolProperty: unknown FBoneNode bLockBone
BoolProperty: unknown FBoneNode bRemoveBone
BoolProperty: unknown FBoneNode bLockBone
BoolProperty: unknown FBoneNode bRemoveBone
BoolProperty: unknown FBoneNode bLockBone
BoolProperty: unknown FBoneNode bRemoveBone
BoolProperty: unknown FBoneNode bLockBone
BoolProperty: unknown FBoneNode bRemoveBone
BoolProperty: unknown FBoneNode bLockBone
BoolProperty: unknown FBoneNode bRemoveBone
BoolProperty: unknown FBoneNode bLockBone
BoolProperty: unknown FBoneNode bRemoveBone
BoolProperty: unknown FBoneNode bLockBone
BoolProperty: unknown FBoneNode bRemoveBone
BoolProperty: unknown FBoneNode bLockBone
BoolProperty: unknown FBoneNode bRemoveBone
BoolProperty: unknown FBoneNode bLockBone
BoolProperty: unknown FBoneNode bRemoveBone
BoolProperty: unknown FBoneNode bLockBone
BoolProperty: unknown FBoneNode bRemoveBone
BoolProperty: unknown FBoneNode bLockBone
BoolProperty: unknown FBoneNode bRemoveBone
BoolProperty: unknown FBoneNode bLockBone
BoolProperty: unknown FBoneNode bRemoveBone
BoolProperty: unknown FBoneNode bLockBone
BoolProperty: unknown FBoneNode bRemoveBone
BoolProperty: unknown FBoneNode bLockBone
BoolProperty: unknown FBoneNode bRemoveBone
BoolProperty: unknown FBoneNode bLockBone
BoolProperty: unknown FBoneNode bRemoveBone
BoolProperty: unknown FBoneNode bLockBone
BoolProperty: unknown FBoneNode bRemoveBone
BoolProperty: unknown FBoneNode bLockBone
BoolProperty: unknown FBoneNode bRemoveBone
BoolProperty: unknown FBoneNode bLockBone
BoolProperty: unknown FBoneNode bRemoveBone
BoolProperty: unknown FBoneNode bLockBone
BoolProperty: unknown FBoneNode bRemoveBone
BoolProperty: unknown FBoneNode bLockBone
BoolProperty: unknown FBoneNode bRemoveBone
BoolProperty: unknown FBoneNode bLockBone
BoolProperty: unknown FBoneNode bRemoveBone
BoolProperty: unknown FBoneNode bLockBone
BoolProperty: unknown FBoneNode bRemoveBone
BoolProperty: unknown FBoneNode bLockBone
BoolProperty: unknown FBoneNode bRemoveBone
BoolProperty: unknown FBoneNode bLockBone
BoolProperty: unknown FBoneNode bRemoveBone
Exporting objects ...
Exporting AnimSequence4 Deinosuchus_Move_TurnLeft to C:/Users/Nez/Desktop/GitHub/Ark-Survival-Returns/.work/exports/actorx/Mods/Additions_Pack/Deinosuchus/Dino/Animation/Deinosuchus_Move_TurnLeft.psa
Memory: allocated 990199 bytes in 774 blocks
Loading AnimSequence4 Deinosuchus_Move_TurnRight from package Mods/Additions_Pack/Deinosuchus/Dino/Animation/Deinosuchus_Move_TurnRight.uasset
FloatProperty: unknown FAnimNotifyEvent DisplayTime
BoolProperty: unknown FAnimNotifyEvent bIgnoreOnDediServer
FloatProperty: unknown FAnimNotifyEvent DisplayTime
BoolProperty: unknown FAnimNotifyEvent bIgnoreOnDediServer
FloatProperty: unknown FAnimNotifyEvent DisplayTime
BoolProperty: unknown FAnimNotifyEvent bIgnoreOnDediServer
FloatProperty: unknown FAnimNotifyEvent DisplayTime
BoolProperty: unknown FAnimNotifyEvent bIgnoreOnDediServer
Loading Skeleton Deinosuchus_TLC_Rig_Skeleton from package Mods/Additions_Pack/Deinosuchus/Dino/Deinosuchus_TLC_Rig_Skeleton.uasset
BoolProperty: unknown FBoneNode bLockBone
BoolProperty: unknown FBoneNode bRemoveBone
BoolProperty: unknown FBoneNode bLockBone
BoolProperty: unknown FBoneNode bRemoveBone
BoolProperty: unknown FBoneNode bLockBone
BoolProperty: unknown FBoneNode bRemoveBone
BoolProperty: unknown FBoneNode bLockBone
BoolProperty: unknown FBoneNode bRemoveBone
BoolProperty: unknown FBoneNode bLockBone
BoolProperty: unknown FBoneNode bRemoveBone
BoolProperty: unknown FBoneNode bLockBone
BoolProperty: unknown FBoneNode bRemoveBone
BoolProperty: unknown FBoneNode bLockBone
BoolProperty: unknown FBoneNode bRemoveBone
BoolProperty: unknown FBoneNode bLockBone
BoolProperty: unknown FBoneNode bRemoveBone
BoolProperty: unknown FBoneNode bLockBone
BoolProperty: unknown FBoneNode bRemoveBone
BoolProperty: unknown FBoneNode bLockBone
BoolProperty: unknown FBoneNode bRemoveBone
BoolProperty: unknown FBoneNode bLockBone
BoolProperty: unknown FBoneNode bRemoveBone
BoolProperty: unknown FBoneNode bLockBone
BoolProperty: unknown FBoneNode bRemoveBone
BoolProperty: unknown FBoneNode bLockBone
BoolProperty: unknown FBoneNode bRemoveBone
BoolProperty: unknown FBoneNode bLockBone
BoolProperty: unknown FBoneNode bRemoveBone
BoolProperty: unknown FBoneNode bLockBone
BoolProperty: unknown FBoneNode bRemoveBone
BoolProperty: unknown FBoneNode bLockBone
BoolProperty: unknown FBoneNode bRemoveBone
BoolProperty: unknown FBoneNode bLockBone
BoolProperty: unknown FBoneNode bRemoveBone
BoolProperty: unknown FBoneNode bLockBone
BoolProperty: unknown FBoneNode bRemoveBone
BoolProperty: unknown FBoneNode bLockBone
BoolProperty: unknown FBoneNode bRemoveBone
BoolProperty: unknown FBoneNode bLockBone
BoolProperty: unknown FBoneNode bRemoveBone
BoolProperty: unknown FBoneNode bLockBone
BoolProperty: unknown FBoneNode bRemoveBone
BoolProperty: unknown FBoneNode bLockBone
BoolProperty: unknown FBoneNode bRemoveBone
BoolProperty: unknown FBoneNode bLockBone
BoolProperty: unknown FBoneNode bRemoveBone
BoolProperty: unknown FBoneNode bLockBone
BoolProperty: unknown FBoneNode bRemoveBone
BoolProperty: unknown FBoneNode bLockBone
BoolProperty: unknown FBoneNode bRemoveBone
BoolProperty: unknown FBoneNode bLockBone
BoolProperty: unknown FBoneNode bRemoveBone
BoolProperty: unknown FBoneNode bLockBone
BoolProperty: unknown FBoneNode bRemoveBone
BoolProperty: unknown FBoneNode bLockBone
BoolProperty: unknown FBoneNode bRemoveBone
BoolProperty: unknown FBoneNode bLockBone
BoolProperty: unknown FBoneNode bRemoveBone
BoolProperty: unknown FBoneNode bLockBone
BoolProperty: unknown FBoneNode bRemoveBone
BoolProperty: unknown FBoneNode bLockBone
BoolProperty: unknown FBoneNode bRemoveBone
BoolProperty: unknown FBoneNode bLockBone
BoolProperty: unknown FBoneNode bRemoveBone
BoolProperty: unknown FBoneNode bLockBone
BoolProperty: unknown FBoneNode bRemoveBone
BoolProperty: unknown FBoneNode bLockBone
BoolProperty: unknown FBoneNode bRemoveBone
BoolProperty: unknown FBoneNode bLockBone
BoolProperty: unknown FBoneNode bRemoveBone
BoolProperty: unknown FBoneNode bLockBone
BoolProperty: unknown FBoneNode bRemoveBone
BoolProperty: unknown FBoneNode bLockBone
BoolProperty: unknown FBoneNode bRemoveBone
BoolProperty: unknown FBoneNode bLockBone
BoolProperty: unknown FBoneNode bRemoveBone
BoolProperty: unknown FBoneNode bLockBone
BoolProperty: unknown FBoneNode bRemoveBone
BoolProperty: unknown FBoneNode bLockBone
BoolProperty: unknown FBoneNode bRemoveBone
BoolProperty: unknown FBoneNode bLockBone
BoolProperty: unknown FBoneNode bRemoveBone
BoolProperty: unknown FBoneNode bLockBone
BoolProperty: unknown FBoneNode bRemoveBone
BoolProperty: unknown FBoneNode bLockBone
BoolProperty: unknown FBoneNode bRemoveBone
BoolProperty: unknown FBoneNode bLockBone
BoolProperty: unknown FBoneNode bRemoveBone
BoolProperty: unknown FBoneNode bLockBone
BoolProperty: unknown FBoneNode bRemoveBone
BoolProperty: unknown FBoneNode bLockBone
BoolProperty: unknown FBoneNode bRemoveBone
BoolProperty: unknown FBoneNode bLockBone
BoolProperty: unknown FBoneNode bRemoveBone
BoolProperty: unknown FBoneNode bLockBone
BoolProperty: unknown FBoneNode bRemoveBone
BoolProperty: unknown FBoneNode bLockBone
BoolProperty: unknown FBoneNode bRemoveBone
BoolProperty: unknown FBoneNode bLockBone
BoolProperty: unknown FBoneNode bRemoveBone
BoolProperty: unknown FBoneNode bLockBone
BoolProperty: unknown FBoneNode bRemoveBone
BoolProperty: unknown FBoneNode bLockBone
BoolProperty: unknown FBoneNode bRemoveBone
BoolProperty: unknown FBoneNode bLockBone
BoolProperty: unknown FBoneNode bRemoveBone
BoolProperty: unknown FBoneNode bLockBone
BoolProperty: unknown FBoneNode bRemoveBone
BoolProperty: unknown FBoneNode bLockBone
BoolProperty: unknown FBoneNode bRemoveBone
BoolProperty: unknown FBoneNode bLockBone
BoolProperty: unknown FBoneNode bRemoveBone
BoolProperty: unknown FBoneNode bLockBone
BoolProperty: unknown FBoneNode bRemoveBone
BoolProperty: unknown FBoneNode bLockBone
BoolProperty: unknown FBoneNode bRemoveBone
BoolProperty: unknown FBoneNode bLockBone
BoolProperty: unknown FBoneNode bRemoveBone
BoolProperty: unknown FBoneNode bLockBone
BoolProperty: unknown FBoneNode bRemoveBone
BoolProperty: unknown FBoneNode bLockBone
BoolProperty: unknown FBoneNode bRemoveBone
BoolProperty: unknown FBoneNode bLockBone
BoolProperty: unknown FBoneNode bRemoveBone
BoolProperty: unknown FBoneNode bLockBone
BoolProperty: unknown FBoneNode bRemoveBone
Exporting objects ...
Exporting AnimSequence4 Deinosuchus_Move_TurnRight to C:/Users/Nez/Desktop/GitHub/Ark-Survival-Returns/.work/exports/actorx/Mods/Additions_Pack/Deinosuchus/Dino/Animation/Deinosuchus_Move_TurnRight.psa
Memory: allocated 1002487 bytes in 777 blocks
Loading AnimSequence4 Deinosuchus_Swim_Charge_FWD from package Mods/Additions_Pack/Deinosuchus/Dino/Animation/Deinosuchus_Swim_Charge_FWD.uasset
Loading Skeleton Deinosuchus_TLC_Rig_Skeleton from package Mods/Additions_Pack/Deinosuchus/Dino/Deinosuchus_TLC_Rig_Skeleton.uasset
BoolProperty: unknown FBoneNode bLockBone
BoolProperty: unknown FBoneNode bRemoveBone
BoolProperty: unknown FBoneNode bLockBone
BoolProperty: unknown FBoneNode bRemoveBone
BoolProperty: unknown FBoneNode bLockBone
BoolProperty: unknown FBoneNode bRemoveBone
BoolProperty: unknown FBoneNode bLockBone
BoolProperty: unknown FBoneNode bRemoveBone
BoolProperty: unknown FBoneNode bLockBone
BoolProperty: unknown FBoneNode bRemoveBone
BoolProperty: unknown FBoneNode bLockBone
BoolProperty: unknown FBoneNode bRemoveBone
BoolProperty: unknown FBoneNode bLockBone
BoolProperty: unknown FBoneNode bRemoveBone
BoolProperty: unknown FBoneNode bLockBone
BoolProperty: unknown FBoneNode bRemoveBone
BoolProperty: unknown FBoneNode bLockBone
BoolProperty: unknown FBoneNode bRemoveBone
BoolProperty: unknown FBoneNode bLockBone
BoolProperty: unknown FBoneNode bRemoveBone
BoolProperty: unknown FBoneNode bLockBone
BoolProperty: unknown FBoneNode bRemoveBone
BoolProperty: unknown FBoneNode bLockBone
BoolProperty: unknown FBoneNode bRemoveBone
BoolProperty: unknown FBoneNode bLockBone
BoolProperty: unknown FBoneNode bRemoveBone
BoolProperty: unknown FBoneNode bLockBone
BoolProperty: unknown FBoneNode bRemoveBone
BoolProperty: unknown FBoneNode bLockBone
BoolProperty: unknown FBoneNode bRemoveBone
BoolProperty: unknown FBoneNode bLockBone
BoolProperty: unknown FBoneNode bRemoveBone
BoolProperty: unknown FBoneNode bLockBone
BoolProperty: unknown FBoneNode bRemoveBone
BoolProperty: unknown FBoneNode bLockBone
BoolProperty: unknown FBoneNode bRemoveBone
BoolProperty: unknown FBoneNode bLockBone
BoolProperty: unknown FBoneNode bRemoveBone
BoolProperty: unknown FBoneNode bLockBone
BoolProperty: unknown FBoneNode bRemoveBone
BoolProperty: unknown FBoneNode bLockBone
BoolProperty: unknown FBoneNode bRemoveBone
BoolProperty: unknown FBoneNode bLockBone
BoolProperty: unknown FBoneNode bRemoveBone
BoolProperty: unknown FBoneNode bLockBone
BoolProperty: unknown FBoneNode bRemoveBone
BoolProperty: unknown FBoneNode bLockBone
BoolProperty: unknown FBoneNode bRemoveBone
BoolProperty: unknown FBoneNode bLockBone
BoolProperty: unknown FBoneNode bRemoveBone
BoolProperty: unknown FBoneNode bLockBone
BoolProperty: unknown FBoneNode bRemoveBone
BoolProperty: unknown FBoneNode bLockBone
BoolProperty: unknown FBoneNode bRemoveBone
BoolProperty: unknown FBoneNode bLockBone
BoolProperty: unknown FBoneNode bRemoveBone
BoolProperty: unknown FBoneNode bLockBone
BoolProperty: unknown FBoneNode bRemoveBone
BoolProperty: unknown FBoneNode bLockBone
BoolProperty: unknown FBoneNode bRemoveBone
BoolProperty: unknown FBoneNode bLockBone
BoolProperty: unknown FBoneNode bRemoveBone
BoolProperty: unknown FBoneNode bLockBone
BoolProperty: unknown FBoneNode bRemoveBone
BoolProperty: unknown FBoneNode bLockBone
BoolProperty: unknown FBoneNode bRemoveBone
BoolProperty: unknown FBoneNode bLockBone
BoolProperty: unknown FBoneNode bRemoveBone
BoolProperty: unknown FBoneNode bLockBone
BoolProperty: unknown FBoneNode bRemoveBone
BoolProperty: unknown FBoneNode bLockBone
BoolProperty: unknown FBoneNode bRemoveBone
BoolProperty: unknown FBoneNode bLockBone
BoolProperty: unknown FBoneNode bRemoveBone
BoolProperty: unknown FBoneNode bLockBone
BoolProperty: unknown FBoneNode bRemoveBone
BoolProperty: unknown FBoneNode bLockBone
BoolProperty: unknown FBoneNode bRemoveBone
BoolProperty: unknown FBoneNode bLockBone
BoolProperty: unknown FBoneNode bRemoveBone
BoolProperty: unknown FBoneNode bLockBone
BoolProperty: unknown FBoneNode bRemoveBone
BoolProperty: unknown FBoneNode bLockBone
BoolProperty: unknown FBoneNode bRemoveBone
BoolProperty: unknown FBoneNode bLockBone
BoolProperty: unknown FBoneNode bRemoveBone
BoolProperty: unknown FBoneNode bLockBone
BoolProperty: unknown FBoneNode bRemoveBone
BoolProperty: unknown FBoneNode bLockBone
BoolProperty: unknown FBoneNode bRemoveBone
BoolProperty: unknown FBoneNode bLockBone
BoolProperty: unknown FBoneNode bRemoveBone
BoolProperty: unknown FBoneNode bLockBone
BoolProperty: unknown FBoneNode bRemoveBone
BoolProperty: unknown FBoneNode bLockBone
BoolProperty: unknown FBoneNode bRemoveBone
BoolProperty: unknown FBoneNode bLockBone
BoolProperty: unknown FBoneNode bRemoveBone
BoolProperty: unknown FBoneNode bLockBone
BoolProperty: unknown FBoneNode bRemoveBone
BoolProperty: unknown FBoneNode bLockBone
BoolProperty: unknown FBoneNode bRemoveBone
BoolProperty: unknown FBoneNode bLockBone
BoolProperty: unknown FBoneNode bRemoveBone
BoolProperty: unknown FBoneNode bLockBone
BoolProperty: unknown FBoneNode bRemoveBone
BoolProperty: unknown FBoneNode bLockBone
BoolProperty: unknown FBoneNode bRemoveBone
BoolProperty: unknown FBoneNode bLockBone
BoolProperty: unknown FBoneNode bRemoveBone
BoolProperty: unknown FBoneNode bLockBone
BoolProperty: unknown FBoneNode bRemoveBone
BoolProperty: unknown FBoneNode bLockBone
BoolProperty: unknown FBoneNode bRemoveBone
BoolProperty: unknown FBoneNode bLockBone
BoolProperty: unknown FBoneNode bRemoveBone
BoolProperty: unknown FBoneNode bLockBone
BoolProperty: unknown FBoneNode bRemoveBone
BoolProperty: unknown FBoneNode bLockBone
BoolProperty: unknown FBoneNode bRemoveBone
BoolProperty: unknown FBoneNode bLockBone
BoolProperty: unknown FBoneNode bRemoveBone
BoolProperty: unknown FBoneNode bLockBone
BoolProperty: unknown FBoneNode bRemoveBone
BoolProperty: unknown FBoneNode bLockBone
BoolProperty: unknown FBoneNode bRemoveBone
Exporting objects ...
Exporting AnimSequence4 Deinosuchus_Swim_Charge_FWD to C:/Users/Nez/Desktop/GitHub/Ark-Survival-Returns/.work/exports/actorx/Mods/Additions_Pack/Deinosuchus/Dino/Animation/Deinosuchus_Swim_Charge_FWD.psa
Memory: allocated 1014775 bytes in 780 blocks
Loading AnimSequence4 Deinosuchus_Swim_Charge_LEFT from package Mods/Additions_Pack/Deinosuchus/Dino/Animation/Deinosuchus_Swim_Charge_LEFT.uasset
Loading Skeleton Deinosuchus_TLC_Rig_Skeleton from package Mods/Additions_Pack/Deinosuchus/Dino/Deinosuchus_TLC_Rig_Skeleton.uasset
BoolProperty: unknown FBoneNode bLockBone
BoolProperty: unknown FBoneNode bRemoveBone
BoolProperty: unknown FBoneNode bLockBone
BoolProperty: unknown FBoneNode bRemoveBone
BoolProperty: unknown FBoneNode bLockBone
BoolProperty: unknown FBoneNode bRemoveBone
BoolProperty: unknown FBoneNode bLockBone
BoolProperty: unknown FBoneNode bRemoveBone
BoolProperty: unknown FBoneNode bLockBone
BoolProperty: unknown FBoneNode bRemoveBone
BoolProperty: unknown FBoneNode bLockBone
BoolProperty: unknown FBoneNode bRemoveBone
BoolProperty: unknown FBoneNode bLockBone
BoolProperty: unknown FBoneNode bRemoveBone
BoolProperty: unknown FBoneNode bLockBone
BoolProperty: unknown FBoneNode bRemoveBone
BoolProperty: unknown FBoneNode bLockBone
BoolProperty: unknown FBoneNode bRemoveBone
BoolProperty: unknown FBoneNode bLockBone
BoolProperty: unknown FBoneNode bRemoveBone
BoolProperty: unknown FBoneNode bLockBone
BoolProperty: unknown FBoneNode bRemoveBone
BoolProperty: unknown FBoneNode bLockBone
BoolProperty: unknown FBoneNode bRemoveBone
BoolProperty: unknown FBoneNode bLockBone
BoolProperty: unknown FBoneNode bRemoveBone
BoolProperty: unknown FBoneNode bLockBone
BoolProperty: unknown FBoneNode bRemoveBone
BoolProperty: unknown FBoneNode bLockBone
BoolProperty: unknown FBoneNode bRemoveBone
BoolProperty: unknown FBoneNode bLockBone
BoolProperty: unknown FBoneNode bRemoveBone
BoolProperty: unknown FBoneNode bLockBone
BoolProperty: unknown FBoneNode bRemoveBone
BoolProperty: unknown FBoneNode bLockBone
BoolProperty: unknown FBoneNode bRemoveBone
BoolProperty: unknown FBoneNode bLockBone
BoolProperty: unknown FBoneNode bRemoveBone
BoolProperty: unknown FBoneNode bLockBone
BoolProperty: unknown FBoneNode bRemoveBone
BoolProperty: unknown FBoneNode bLockBone
BoolProperty: unknown FBoneNode bRemoveBone
BoolProperty: unknown FBoneNode bLockBone
BoolProperty: unknown FBoneNode bRemoveBone
BoolProperty: unknown FBoneNode bLockBone
BoolProperty: unknown FBoneNode bRemoveBone
BoolProperty: unknown FBoneNode bLockBone
BoolProperty: unknown FBoneNode bRemoveBone
BoolProperty: unknown FBoneNode bLockBone
BoolProperty: unknown FBoneNode bRemoveBone
BoolProperty: unknown FBoneNode bLockBone
BoolProperty: unknown FBoneNode bRemoveBone
BoolProperty: unknown FBoneNode bLockBone
BoolProperty: unknown FBoneNode bRemoveBone
BoolProperty: unknown FBoneNode bLockBone
BoolProperty: unknown FBoneNode bRemoveBone
BoolProperty: unknown FBoneNode bLockBone
BoolProperty: unknown FBoneNode bRemoveBone
BoolProperty: unknown FBoneNode bLockBone
BoolProperty: unknown FBoneNode bRemoveBone
BoolProperty: unknown FBoneNode bLockBone
BoolProperty: unknown FBoneNode bRemoveBone
BoolProperty: unknown FBoneNode bLockBone
BoolProperty: unknown FBoneNode bRemoveBone
BoolProperty: unknown FBoneNode bLockBone
BoolProperty: unknown FBoneNode bRemoveBone
BoolProperty: unknown FBoneNode bLockBone
BoolProperty: unknown FBoneNode bRemoveBone
BoolProperty: unknown FBoneNode bLockBone
BoolProperty: unknown FBoneNode bRemoveBone
BoolProperty: unknown FBoneNode bLockBone
BoolProperty: unknown FBoneNode bRemoveBone
BoolProperty: unknown FBoneNode bLockBone
BoolProperty: unknown FBoneNode bRemoveBone
BoolProperty: unknown FBoneNode bLockBone
BoolProperty: unknown FBoneNode bRemoveBone
BoolProperty: unknown FBoneNode bLockBone
BoolProperty: unknown FBoneNode bRemoveBone
BoolProperty: unknown FBoneNode bLockBone
BoolProperty: unknown FBoneNode bRemoveBone
BoolProperty: unknown FBoneNode bLockBone
BoolProperty: unknown FBoneNode bRemoveBone
BoolProperty: unknown FBoneNode bLockBone
BoolProperty: unknown FBoneNode bRemoveBone
BoolProperty: unknown FBoneNode bLockBone
BoolProperty: unknown FBoneNode bRemoveBone
BoolProperty: unknown FBoneNode bLockBone
BoolProperty: unknown FBoneNode bRemoveBone
BoolProperty: unknown FBoneNode bLockBone
BoolProperty: unknown FBoneNode bRemoveBone
BoolProperty: unknown FBoneNode bLockBone
BoolProperty: unknown FBoneNode bRemoveBone
BoolProperty: unknown FBoneNode bLockBone
BoolProperty: unknown FBoneNode bRemoveBone
BoolProperty: unknown FBoneNode bLockBone
BoolProperty: unknown FBoneNode bRemoveBone
BoolProperty: unknown FBoneNode bLockBone
BoolProperty: unknown FBoneNode bRemoveBone
BoolProperty: unknown FBoneNode bLockBone
BoolProperty: unknown FBoneNode bRemoveBone
BoolProperty: unknown FBoneNode bLockBone
BoolProperty: unknown FBoneNode bRemoveBone
BoolProperty: unknown FBoneNode bLockBone
BoolProperty: unknown FBoneNode bRemoveBone
BoolProperty: unknown FBoneNode bLockBone
BoolProperty: unknown FBoneNode bRemoveBone
BoolProperty: unknown FBoneNode bLockBone
BoolProperty: unknown FBoneNode bRemoveBone
BoolProperty: unknown FBoneNode bLockBone
BoolProperty: unknown FBoneNode bRemoveBone
BoolProperty: unknown FBoneNode bLockBone
BoolProperty: unknown FBoneNode bRemoveBone
BoolProperty: unknown FBoneNode bLockBone
BoolProperty: unknown FBoneNode bRemoveBone
BoolProperty: unknown FBoneNode bLockBone
BoolProperty: unknown FBoneNode bRemoveBone
BoolProperty: unknown FBoneNode bLockBone
BoolProperty: unknown FBoneNode bRemoveBone
BoolProperty: unknown FBoneNode bLockBone
BoolProperty: unknown FBoneNode bRemoveBone
BoolProperty: unknown FBoneNode bLockBone
BoolProperty: unknown FBoneNode bRemoveBone
BoolProperty: unknown FBoneNode bLockBone
BoolProperty: unknown FBoneNode bRemoveBone
BoolProperty: unknown FBoneNode bLockBone
BoolProperty: unknown FBoneNode bRemoveBone
Exporting objects ...
Exporting AnimSequence4 Deinosuchus_Swim_Charge_LEFT to C:/Users/Nez/Desktop/GitHub/Ark-Survival-Returns/.work/exports/actorx/Mods/Additions_Pack/Deinosuchus/Dino/Animation/Deinosuchus_Swim_Charge_LEFT.psa
Memory: allocated 1027063 bytes in 783 blocks
Loading AnimSequence4 Deinosuchus_Swim_Charge_RIGHT from package Mods/Additions_Pack/Deinosuchus/Dino/Animation/Deinosuchus_Swim_Charge_RIGHT.uasset
Loading Skeleton Deinosuchus_TLC_Rig_Skeleton from package Mods/Additions_Pack/Deinosuchus/Dino/Deinosuchus_TLC_Rig_Skeleton.uasset
BoolProperty: unknown FBoneNode bLockBone
BoolProperty: unknown FBoneNode bRemoveBone
BoolProperty: unknown FBoneNode bLockBone
BoolProperty: unknown FBoneNode bRemoveBone
BoolProperty: unknown FBoneNode bLockBone
BoolProperty: unknown FBoneNode bRemoveBone
BoolProperty: unknown FBoneNode bLockBone
BoolProperty: unknown FBoneNode bRemoveBone
BoolProperty: unknown FBoneNode bLockBone
BoolProperty: unknown FBoneNode bRemoveBone
BoolProperty: unknown FBoneNode bLockBone
BoolProperty: unknown FBoneNode bRemoveBone
BoolProperty: unknown FBoneNode bLockBone
BoolProperty: unknown FBoneNode bRemoveBone
BoolProperty: unknown FBoneNode bLockBone
BoolProperty: unknown FBoneNode bRemoveBone
BoolProperty: unknown FBoneNode bLockBone
BoolProperty: unknown FBoneNode bRemoveBone
BoolProperty: unknown FBoneNode bLockBone
BoolProperty: unknown FBoneNode bRemoveBone
BoolProperty: unknown FBoneNode bLockBone
BoolProperty: unknown FBoneNode bRemoveBone
BoolProperty: unknown FBoneNode bLockBone
BoolProperty: unknown FBoneNode bRemoveBone
BoolProperty: unknown FBoneNode bLockBone
BoolProperty: unknown FBoneNode bRemoveBone
BoolProperty: unknown FBoneNode bLockBone
BoolProperty: unknown FBoneNode bRemoveBone
BoolProperty: unknown FBoneNode bLockBone
BoolProperty: unknown FBoneNode bRemoveBone
BoolProperty: unknown FBoneNode bLockBone
BoolProperty: unknown FBoneNode bRemoveBone
BoolProperty: unknown FBoneNode bLockBone
BoolProperty: unknown FBoneNode bRemoveBone
BoolProperty: unknown FBoneNode bLockBone
BoolProperty: unknown FBoneNode bRemoveBone
BoolProperty: unknown FBoneNode bLockBone
BoolProperty: unknown FBoneNode bRemoveBone
BoolProperty: unknown FBoneNode bLockBone
BoolProperty: unknown FBoneNode bRemoveBone
BoolProperty: unknown FBoneNode bLockBone
BoolProperty: unknown FBoneNode bRemoveBone
BoolProperty: unknown FBoneNode bLockBone
BoolProperty: unknown FBoneNode bRemoveBone
BoolProperty: unknown FBoneNode bLockBone
BoolProperty: unknown FBoneNode bRemoveBone
BoolProperty: unknown FBoneNode bLockBone
BoolProperty: unknown FBoneNode bRemoveBone
BoolProperty: unknown FBoneNode bLockBone
BoolProperty: unknown FBoneNode bRemoveBone
BoolProperty: unknown FBoneNode bLockBone
BoolProperty: unknown FBoneNode bRemoveBone
BoolProperty: unknown FBoneNode bLockBone
BoolProperty: unknown FBoneNode bRemoveBone
BoolProperty: unknown FBoneNode bLockBone
BoolProperty: unknown FBoneNode bRemoveBone
BoolProperty: unknown FBoneNode bLockBone
BoolProperty: unknown FBoneNode bRemoveBone
BoolProperty: unknown FBoneNode bLockBone
BoolProperty: unknown FBoneNode bRemoveBone
BoolProperty: unknown FBoneNode bLockBone
BoolProperty: unknown FBoneNode bRemoveBone
BoolProperty: unknown FBoneNode bLockBone
BoolProperty: unknown FBoneNode bRemoveBone
BoolProperty: unknown FBoneNode bLockBone
BoolProperty: unknown FBoneNode bRemoveBone
BoolProperty: unknown FBoneNode bLockBone
BoolProperty: unknown FBoneNode bRemoveBone
BoolProperty: unknown FBoneNode bLockBone
BoolProperty: unknown FBoneNode bRemoveBone
BoolProperty: unknown FBoneNode bLockBone
BoolProperty: unknown FBoneNode bRemoveBone
BoolProperty: unknown FBoneNode bLockBone
BoolProperty: unknown FBoneNode bRemoveBone
BoolProperty: unknown FBoneNode bLockBone
BoolProperty: unknown FBoneNode bRemoveBone
BoolProperty: unknown FBoneNode bLockBone
BoolProperty: unknown FBoneNode bRemoveBone
BoolProperty: unknown FBoneNode bLockBone
BoolProperty: unknown FBoneNode bRemoveBone
BoolProperty: unknown FBoneNode bLockBone
BoolProperty: unknown FBoneNode bRemoveBone
BoolProperty: unknown FBoneNode bLockBone
BoolProperty: unknown FBoneNode bRemoveBone
BoolProperty: unknown FBoneNode bLockBone
BoolProperty: unknown FBoneNode bRemoveBone
BoolProperty: unknown FBoneNode bLockBone
BoolProperty: unknown FBoneNode bRemoveBone
BoolProperty: unknown FBoneNode bLockBone
BoolProperty: unknown FBoneNode bRemoveBone
BoolProperty: unknown FBoneNode bLockBone
BoolProperty: unknown FBoneNode bRemoveBone
BoolProperty: unknown FBoneNode bLockBone
BoolProperty: unknown FBoneNode bRemoveBone
BoolProperty: unknown FBoneNode bLockBone
BoolProperty: unknown FBoneNode bRemoveBone
BoolProperty: unknown FBoneNode bLockBone
BoolProperty: unknown FBoneNode bRemoveBone
BoolProperty: unknown FBoneNode bLockBone
BoolProperty: unknown FBoneNode bRemoveBone
BoolProperty: unknown FBoneNode bLockBone
BoolProperty: unknown FBoneNode bRemoveBone
BoolProperty: unknown FBoneNode bLockBone
BoolProperty: unknown FBoneNode bRemoveBone
BoolProperty: unknown FBoneNode bLockBone
BoolProperty: unknown FBoneNode bRemoveBone
BoolProperty: unknown FBoneNode bLockBone
BoolProperty: unknown FBoneNode bRemoveBone
BoolProperty: unknown FBoneNode bLockBone
BoolProperty: unknown FBoneNode bRemoveBone
BoolProperty: unknown FBoneNode bLockBone
BoolProperty: unknown FBoneNode bRemoveBone
BoolProperty: unknown FBoneNode bLockBone
BoolProperty: unknown FBoneNode bRemoveBone
BoolProperty: unknown FBoneNode bLockBone
BoolProperty: unknown FBoneNode bRemoveBone
BoolProperty: unknown FBoneNode bLockBone
BoolProperty: unknown FBoneNode bRemoveBone
BoolProperty: unknown FBoneNode bLockBone
BoolProperty: unknown FBoneNode bRemoveBone
BoolProperty: unknown FBoneNode bLockBone
BoolProperty: unknown FBoneNode bRemoveBone
BoolProperty: unknown FBoneNode bLockBone
BoolProperty: unknown FBoneNode bRemoveBone
BoolProperty: unknown FBoneNode bLockBone
BoolProperty: unknown FBoneNode bRemoveBone
Exporting objects ...
Exporting AnimSequence4 Deinosuchus_Swim_Charge_RIGHT to C:/Users/Nez/Desktop/GitHub/Ark-Survival-Returns/.work/exports/actorx/Mods/Additions_Pack/Deinosuchus/Dino/Animation/Deinosuchus_Swim_Charge_RIGHT.psa
Memory: allocated 1039351 bytes in 786 blocks
Loading AnimSequence4 Deinosuchus_Swim_Idle from package Mods/Additions_Pack/Deinosuchus/Dino/Animation/Deinosuchus_Swim_Idle.uasset
Loading Skeleton Deinosuchus_TLC_Rig_Skeleton from package Mods/Additions_Pack/Deinosuchus/Dino/Deinosuchus_TLC_Rig_Skeleton.uasset
BoolProperty: unknown FBoneNode bLockBone
BoolProperty: unknown FBoneNode bRemoveBone
BoolProperty: unknown FBoneNode bLockBone
BoolProperty: unknown FBoneNode bRemoveBone
BoolProperty: unknown FBoneNode bLockBone
BoolProperty: unknown FBoneNode bRemoveBone
BoolProperty: unknown FBoneNode bLockBone
BoolProperty: unknown FBoneNode bRemoveBone
BoolProperty: unknown FBoneNode bLockBone
BoolProperty: unknown FBoneNode bRemoveBone
BoolProperty: unknown FBoneNode bLockBone
BoolProperty: unknown FBoneNode bRemoveBone
BoolProperty: unknown FBoneNode bLockBone
BoolProperty: unknown FBoneNode bRemoveBone
BoolProperty: unknown FBoneNode bLockBone
BoolProperty: unknown FBoneNode bRemoveBone
BoolProperty: unknown FBoneNode bLockBone
BoolProperty: unknown FBoneNode bRemoveBone
BoolProperty: unknown FBoneNode bLockBone
BoolProperty: unknown FBoneNode bRemoveBone
BoolProperty: unknown FBoneNode bLockBone
BoolProperty: unknown FBoneNode bRemoveBone
BoolProperty: unknown FBoneNode bLockBone
BoolProperty: unknown FBoneNode bRemoveBone
BoolProperty: unknown FBoneNode bLockBone
BoolProperty: unknown FBoneNode bRemoveBone
BoolProperty: unknown FBoneNode bLockBone
BoolProperty: unknown FBoneNode bRemoveBone
BoolProperty: unknown FBoneNode bLockBone
BoolProperty: unknown FBoneNode bRemoveBone
BoolProperty: unknown FBoneNode bLockBone
BoolProperty: unknown FBoneNode bRemoveBone
BoolProperty: unknown FBoneNode bLockBone
BoolProperty: unknown FBoneNode bRemoveBone
BoolProperty: unknown FBoneNode bLockBone
BoolProperty: unknown FBoneNode bRemoveBone
BoolProperty: unknown FBoneNode bLockBone
BoolProperty: unknown FBoneNode bRemoveBone
BoolProperty: unknown FBoneNode bLockBone
BoolProperty: unknown FBoneNode bRemoveBone
BoolProperty: unknown FBoneNode bLockBone
BoolProperty: unknown FBoneNode bRemoveBone
BoolProperty: unknown FBoneNode bLockBone
BoolProperty: unknown FBoneNode bRemoveBone
BoolProperty: unknown FBoneNode bLockBone
BoolProperty: unknown FBoneNode bRemoveBone
BoolProperty: unknown FBoneNode bLockBone
BoolProperty: unknown FBoneNode bRemoveBone
BoolProperty: unknown FBoneNode bLockBone
BoolProperty: unknown FBoneNode bRemoveBone
BoolProperty: unknown FBoneNode bLockBone
BoolProperty: unknown FBoneNode bRemoveBone
BoolProperty: unknown FBoneNode bLockBone
BoolProperty: unknown FBoneNode bRemoveBone
BoolProperty: unknown FBoneNode bLockBone
BoolProperty: unknown FBoneNode bRemoveBone
BoolProperty: unknown FBoneNode bLockBone
BoolProperty: unknown FBoneNode bRemoveBone
BoolProperty: unknown FBoneNode bLockBone
BoolProperty: unknown FBoneNode bRemoveBone
BoolProperty: unknown FBoneNode bLockBone
BoolProperty: unknown FBoneNode bRemoveBone
BoolProperty: unknown FBoneNode bLockBone
BoolProperty: unknown FBoneNode bRemoveBone
BoolProperty: unknown FBoneNode bLockBone
BoolProperty: unknown FBoneNode bRemoveBone
BoolProperty: unknown FBoneNode bLockBone
BoolProperty: unknown FBoneNode bRemoveBone
BoolProperty: unknown FBoneNode bLockBone
BoolProperty: unknown FBoneNode bRemoveBone
BoolProperty: unknown FBoneNode bLockBone
BoolProperty: unknown FBoneNode bRemoveBone
BoolProperty: unknown FBoneNode bLockBone
BoolProperty: unknown FBoneNode bRemoveBone
BoolProperty: unknown FBoneNode bLockBone
BoolProperty: unknown FBoneNode bRemoveBone
BoolProperty: unknown FBoneNode bLockBone
BoolProperty: unknown FBoneNode bRemoveBone
BoolProperty: unknown FBoneNode bLockBone
BoolProperty: unknown FBoneNode bRemoveBone
BoolProperty: unknown FBoneNode bLockBone
BoolProperty: unknown FBoneNode bRemoveBone
BoolProperty: unknown FBoneNode bLockBone
BoolProperty: unknown FBoneNode bRemoveBone
BoolProperty: unknown FBoneNode bLockBone
BoolProperty: unknown FBoneNode bRemoveBone
BoolProperty: unknown FBoneNode bLockBone
BoolProperty: unknown FBoneNode bRemoveBone
BoolProperty: unknown FBoneNode bLockBone
BoolProperty: unknown FBoneNode bRemoveBone
BoolProperty: unknown FBoneNode bLockBone
BoolProperty: unknown FBoneNode bRemoveBone
BoolProperty: unknown FBoneNode bLockBone
BoolProperty: unknown FBoneNode bRemoveBone
BoolProperty: unknown FBoneNode bLockBone
BoolProperty: unknown FBoneNode bRemoveBone
BoolProperty: unknown FBoneNode bLockBone
BoolProperty: unknown FBoneNode bRemoveBone
BoolProperty: unknown FBoneNode bLockBone
BoolProperty: unknown FBoneNode bRemoveBone
BoolProperty: unknown FBoneNode bLockBone
BoolProperty: unknown FBoneNode bRemoveBone
BoolProperty: unknown FBoneNode bLockBone
BoolProperty: unknown FBoneNode bRemoveBone
BoolProperty: unknown FBoneNode bLockBone
BoolProperty: unknown FBoneNode bRemoveBone
BoolProperty: unknown FBoneNode bLockBone
BoolProperty: unknown FBoneNode bRemoveBone
BoolProperty: unknown FBoneNode bLockBone
BoolProperty: unknown FBoneNode bRemoveBone
BoolProperty: unknown FBoneNode bLockBone
BoolProperty: unknown FBoneNode bRemoveBone
BoolProperty: unknown FBoneNode bLockBone
BoolProperty: unknown FBoneNode bRemoveBone
BoolProperty: unknown FBoneNode bLockBone
BoolProperty: unknown FBoneNode bRemoveBone
BoolProperty: unknown FBoneNode bLockBone
BoolProperty: unknown FBoneNode bRemoveBone
BoolProperty: unknown FBoneNode bLockBone
BoolProperty: unknown FBoneNode bRemoveBone
BoolProperty: unknown FBoneNode bLockBone
BoolProperty: unknown FBoneNode bRemoveBone
BoolProperty: unknown FBoneNode bLockBone
BoolProperty: unknown FBoneNode bRemoveBone
BoolProperty: unknown FBoneNode bLockBone
BoolProperty: unknown FBoneNode bRemoveBone
Exporting objects ...
Loading AnimSequence4 Deinosuchus_Swim_Move_FWD from package Mods/Additions_Pack/Deinosuchus/Dino/Animation/Deinosuchus_Swim_Move_FWD.uasset
FloatProperty: unknown FAnimNotifyEvent DisplayTime
BoolProperty: unknown FAnimNotifyEvent bIgnoreOnDediServer
FloatProperty: unknown FAnimNotifyEvent DisplayTime
BoolProperty: unknown FAnimNotifyEvent bIgnoreOnDediServer
Loading Skeleton Deinosuchus_TLC_Rig_Skeleton from package Mods/Additions_Pack/Deinosuchus/Dino/Deinosuchus_TLC_Rig_Skeleton.uasset
BoolProperty: unknown FBoneNode bLockBone
BoolProperty: unknown FBoneNode bRemoveBone
BoolProperty: unknown FBoneNode bLockBone
BoolProperty: unknown FBoneNode bRemoveBone
BoolProperty: unknown FBoneNode bLockBone
BoolProperty: unknown FBoneNode bRemoveBone
BoolProperty: unknown FBoneNode bLockBone
BoolProperty: unknown FBoneNode bRemoveBone
BoolProperty: unknown FBoneNode bLockBone
BoolProperty: unknown FBoneNode bRemoveBone
BoolProperty: unknown FBoneNode bLockBone
BoolProperty: unknown FBoneNode bRemoveBone
BoolProperty: unknown FBoneNode bLockBone
BoolProperty: unknown FBoneNode bRemoveBone
BoolProperty: unknown FBoneNode bLockBone
BoolProperty: unknown FBoneNode bRemoveBone
BoolProperty: unknown FBoneNode bLockBone
BoolProperty: unknown FBoneNode bRemoveBone
BoolProperty: unknown FBoneNode bLockBone
BoolProperty: unknown FBoneNode bRemoveBone
BoolProperty: unknown FBoneNode bLockBone
BoolProperty: unknown FBoneNode bRemoveBone
BoolProperty: unknown FBoneNode bLockBone
BoolProperty: unknown FBoneNode bRemoveBone
BoolProperty: unknown FBoneNode bLockBone
BoolProperty: unknown FBoneNode bRemoveBone
BoolProperty: unknown FBoneNode bLockBone
BoolProperty: unknown FBoneNode bRemoveBone
BoolProperty: unknown FBoneNode bLockBone
BoolProperty: unknown FBoneNode bRemoveBone
BoolProperty: unknown FBoneNode bLockBone
BoolProperty: unknown FBoneNode bRemoveBone
BoolProperty: unknown FBoneNode bLockBone
BoolProperty: unknown FBoneNode bRemoveBone
BoolProperty: unknown FBoneNode bLockBone
BoolProperty: unknown FBoneNode bRemoveBone
BoolProperty: unknown FBoneNode bLockBone
BoolProperty: unknown FBoneNode bRemoveBone
BoolProperty: unknown FBoneNode bLockBone
BoolProperty: unknown FBoneNode bRemoveBone
BoolProperty: unknown FBoneNode bLockBone
BoolProperty: unknown FBoneNode bRemoveBone
BoolProperty: unknown FBoneNode bLockBone
BoolProperty: unknown FBoneNode bRemoveBone
BoolProperty: unknown FBoneNode bLockBone
BoolProperty: unknown FBoneNode bRemoveBone
BoolProperty: unknown FBoneNode bLockBone
BoolProperty: unknown FBoneNode bRemoveBone
BoolProperty: unknown FBoneNode bLockBone
BoolProperty: unknown FBoneNode bRemoveBone
BoolProperty: unknown FBoneNode bLockBone
BoolProperty: unknown FBoneNode bRemoveBone
BoolProperty: unknown FBoneNode bLockBone
BoolProperty: unknown FBoneNode bRemoveBone
BoolProperty: unknown FBoneNode bLockBone
BoolProperty: unknown FBoneNode bRemoveBone
BoolProperty: unknown FBoneNode bLockBone
BoolProperty: unknown FBoneNode bRemoveBone
BoolProperty: unknown FBoneNode bLockBone
BoolProperty: unknown FBoneNode bRemoveBone
BoolProperty: unknown FBoneNode bLockBone
BoolProperty: unknown FBoneNode bRemoveBone
BoolProperty: unknown FBoneNode bLockBone
BoolProperty: unknown FBoneNode bRemoveBone
BoolProperty: unknown FBoneNode bLockBone
BoolProperty: unknown FBoneNode bRemoveBone
BoolProperty: unknown FBoneNode bLockBone
BoolProperty: unknown FBoneNode bRemoveBone
BoolProperty: unknown FBoneNode bLockBone
BoolProperty: unknown FBoneNode bRemoveBone
BoolProperty: unknown FBoneNode bLockBone
BoolProperty: unknown FBoneNode bRemoveBone
BoolProperty: unknown FBoneNode bLockBone
BoolProperty: unknown FBoneNode bRemoveBone
BoolProperty: unknown FBoneNode bLockBone
BoolProperty: unknown FBoneNode bRemoveBone
BoolProperty: unknown FBoneNode bLockBone
BoolProperty: unknown FBoneNode bRemoveBone
BoolProperty: unknown FBoneNode bLockBone
BoolProperty: unknown FBoneNode bRemoveBone
BoolProperty: unknown FBoneNode bLockBone
BoolProperty: unknown FBoneNode bRemoveBone
BoolProperty: unknown FBoneNode bLockBone
BoolProperty: unknown FBoneNode bRemoveBone
BoolProperty: unknown FBoneNode bLockBone
BoolProperty: unknown FBoneNode bRemoveBone
BoolProperty: unknown FBoneNode bLockBone
BoolProperty: unknown FBoneNode bRemoveBone
BoolProperty: unknown FBoneNode bLockBone
BoolProperty: unknown FBoneNode bRemoveBone
BoolProperty: unknown FBoneNode bLockBone
BoolProperty: unknown FBoneNode bRemoveBone
BoolProperty: unknown FBoneNode bLockBone
BoolProperty: unknown FBoneNode bRemoveBone
BoolProperty: unknown FBoneNode bLockBone
BoolProperty: unknown FBoneNode bRemoveBone
BoolProperty: unknown FBoneNode bLockBone
BoolProperty: unknown FBoneNode bRemoveBone
BoolProperty: unknown FBoneNode bLockBone
BoolProperty: unknown FBoneNode bRemoveBone
BoolProperty: unknown FBoneNode bLockBone
BoolProperty: unknown FBoneNode bRemoveBone
BoolProperty: unknown FBoneNode bLockBone
BoolProperty: unknown FBoneNode bRemoveBone
BoolProperty: unknown FBoneNode bLockBone
BoolProperty: unknown FBoneNode bRemoveBone
BoolProperty: unknown FBoneNode bLockBone
BoolProperty: unknown FBoneNode bRemoveBone
BoolProperty: unknown FBoneNode bLockBone
BoolProperty: unknown FBoneNode bRemoveBone
BoolProperty: unknown FBoneNode bLockBone
BoolProperty: unknown FBoneNode bRemoveBone
BoolProperty: unknown FBoneNode bLockBone
BoolProperty: unknown FBoneNode bRemoveBone
BoolProperty: unknown FBoneNode bLockBone
BoolProperty: unknown FBoneNode bRemoveBone
BoolProperty: unknown FBoneNode bLockBone
BoolProperty: unknown FBoneNode bRemoveBone
BoolProperty: unknown FBoneNode bLockBone
BoolProperty: unknown FBoneNode bRemoveBone
BoolProperty: unknown FBoneNode bLockBone
BoolProperty: unknown FBoneNode bRemoveBone
BoolProperty: unknown FBoneNode bLockBone
BoolProperty: unknown FBoneNode bRemoveBone
BoolProperty: unknown FBoneNode bLockBone
BoolProperty: unknown FBoneNode bRemoveBone
Exporting objects ...
Exporting AnimSequence4 Deinosuchus_Swim_Move_FWD to C:/Users/Nez/Desktop/GitHub/Ark-Survival-Returns/.work/exports/actorx/Mods/Additions_Pack/Deinosuchus/Dino/Animation/Deinosuchus_Swim_Move_FWD.psa
Memory: allocated 1051639 bytes in 789 blocks
Loading AnimSequence4 Deinosuchus_Swim_Move_LEFT from package Mods/Additions_Pack/Deinosuchus/Dino/Animation/Deinosuchus_Swim_Move_LEFT.uasset
Loading Skeleton Deinosuchus_TLC_Rig_Skeleton from package Mods/Additions_Pack/Deinosuchus/Dino/Deinosuchus_TLC_Rig_Skeleton.uasset
BoolProperty: unknown FBoneNode bLockBone
BoolProperty: unknown FBoneNode bRemoveBone
BoolProperty: unknown FBoneNode bLockBone
BoolProperty: unknown FBoneNode bRemoveBone
BoolProperty: unknown FBoneNode bLockBone
BoolProperty: unknown FBoneNode bRemoveBone
BoolProperty: unknown FBoneNode bLockBone
BoolProperty: unknown FBoneNode bRemoveBone
BoolProperty: unknown FBoneNode bLockBone
BoolProperty: unknown FBoneNode bRemoveBone
BoolProperty: unknown FBoneNode bLockBone
BoolProperty: unknown FBoneNode bRemoveBone
BoolProperty: unknown FBoneNode bLockBone
BoolProperty: unknown FBoneNode bRemoveBone
BoolProperty: unknown FBoneNode bLockBone
BoolProperty: unknown FBoneNode bRemoveBone
BoolProperty: unknown FBoneNode bLockBone
BoolProperty: unknown FBoneNode bRemoveBone
BoolProperty: unknown FBoneNode bLockBone
BoolProperty: unknown FBoneNode bRemoveBone
BoolProperty: unknown FBoneNode bLockBone
BoolProperty: unknown FBoneNode bRemoveBone
BoolProperty: unknown FBoneNode bLockBone
BoolProperty: unknown FBoneNode bRemoveBone
BoolProperty: unknown FBoneNode bLockBone
BoolProperty: unknown FBoneNode bRemoveBone
BoolProperty: unknown FBoneNode bLockBone
BoolProperty: unknown FBoneNode bRemoveBone
BoolProperty: unknown FBoneNode bLockBone
BoolProperty: unknown FBoneNode bRemoveBone
BoolProperty: unknown FBoneNode bLockBone
BoolProperty: unknown FBoneNode bRemoveBone
BoolProperty: unknown FBoneNode bLockBone
BoolProperty: unknown FBoneNode bRemoveBone
BoolProperty: unknown FBoneNode bLockBone
BoolProperty: unknown FBoneNode bRemoveBone
BoolProperty: unknown FBoneNode bLockBone
BoolProperty: unknown FBoneNode bRemoveBone
BoolProperty: unknown FBoneNode bLockBone
BoolProperty: unknown FBoneNode bRemoveBone
BoolProperty: unknown FBoneNode bLockBone
BoolProperty: unknown FBoneNode bRemoveBone
BoolProperty: unknown FBoneNode bLockBone
BoolProperty: unknown FBoneNode bRemoveBone
BoolProperty: unknown FBoneNode bLockBone
BoolProperty: unknown FBoneNode bRemoveBone
BoolProperty: unknown FBoneNode bLockBone
BoolProperty: unknown FBoneNode bRemoveBone
BoolProperty: unknown FBoneNode bLockBone
BoolProperty: unknown FBoneNode bRemoveBone
BoolProperty: unknown FBoneNode bLockBone
BoolProperty: unknown FBoneNode bRemoveBone
BoolProperty: unknown FBoneNode bLockBone
BoolProperty: unknown FBoneNode bRemoveBone
BoolProperty: unknown FBoneNode bLockBone
BoolProperty: unknown FBoneNode bRemoveBone
BoolProperty: unknown FBoneNode bLockBone
BoolProperty: unknown FBoneNode bRemoveBone
BoolProperty: unknown FBoneNode bLockBone
BoolProperty: unknown FBoneNode bRemoveBone
BoolProperty: unknown FBoneNode bLockBone
BoolProperty: unknown FBoneNode bRemoveBone
BoolProperty: unknown FBoneNode bLockBone
BoolProperty: unknown FBoneNode bRemoveBone
BoolProperty: unknown FBoneNode bLockBone
BoolProperty: unknown FBoneNode bRemoveBone
BoolProperty: unknown FBoneNode bLockBone
BoolProperty: unknown FBoneNode bRemoveBone
BoolProperty: unknown FBoneNode bLockBone
BoolProperty: unknown FBoneNode bRemoveBone
BoolProperty: unknown FBoneNode bLockBone
BoolProperty: unknown FBoneNode bRemoveBone
BoolProperty: unknown FBoneNode bLockBone
BoolProperty: unknown FBoneNode bRemoveBone
BoolProperty: unknown FBoneNode bLockBone
BoolProperty: unknown FBoneNode bRemoveBone
BoolProperty: unknown FBoneNode bLockBone
BoolProperty: unknown FBoneNode bRemoveBone
BoolProperty: unknown FBoneNode bLockBone
BoolProperty: unknown FBoneNode bRemoveBone
BoolProperty: unknown FBoneNode bLockBone
BoolProperty: unknown FBoneNode bRemoveBone
BoolProperty: unknown FBoneNode bLockBone
BoolProperty: unknown FBoneNode bRemoveBone
BoolProperty: unknown FBoneNode bLockBone
BoolProperty: unknown FBoneNode bRemoveBone
BoolProperty: unknown FBoneNode bLockBone
BoolProperty: unknown FBoneNode bRemoveBone
BoolProperty: unknown FBoneNode bLockBone
BoolProperty: unknown FBoneNode bRemoveBone
BoolProperty: unknown FBoneNode bLockBone
BoolProperty: unknown FBoneNode bRemoveBone
BoolProperty: unknown FBoneNode bLockBone
BoolProperty: unknown FBoneNode bRemoveBone
BoolProperty: unknown FBoneNode bLockBone
BoolProperty: unknown FBoneNode bRemoveBone
BoolProperty: unknown FBoneNode bLockBone
BoolProperty: unknown FBoneNode bRemoveBone
BoolProperty: unknown FBoneNode bLockBone
BoolProperty: unknown FBoneNode bRemoveBone
BoolProperty: unknown FBoneNode bLockBone
BoolProperty: unknown FBoneNode bRemoveBone
BoolProperty: unknown FBoneNode bLockBone
BoolProperty: unknown FBoneNode bRemoveBone
BoolProperty: unknown FBoneNode bLockBone
BoolProperty: unknown FBoneNode bRemoveBone
BoolProperty: unknown FBoneNode bLockBone
BoolProperty: unknown FBoneNode bRemoveBone
BoolProperty: unknown FBoneNode bLockBone
BoolProperty: unknown FBoneNode bRemoveBone
BoolProperty: unknown FBoneNode bLockBone
BoolProperty: unknown FBoneNode bRemoveBone
BoolProperty: unknown FBoneNode bLockBone
BoolProperty: unknown FBoneNode bRemoveBone
BoolProperty: unknown FBoneNode bLockBone
BoolProperty: unknown FBoneNode bRemoveBone
BoolProperty: unknown FBoneNode bLockBone
BoolProperty: unknown FBoneNode bRemoveBone
BoolProperty: unknown FBoneNode bLockBone
BoolProperty: unknown FBoneNode bRemoveBone
BoolProperty: unknown FBoneNode bLockBone
BoolProperty: unknown FBoneNode bRemoveBone
BoolProperty: unknown FBoneNode bLockBone
BoolProperty: unknown FBoneNode bRemoveBone
BoolProperty: unknown FBoneNode bLockBone
BoolProperty: unknown FBoneNode bRemoveBone
Exporting objects ...
Exporting AnimSequence4 Deinosuchus_Swim_Move_LEFT to C:/Users/Nez/Desktop/GitHub/Ark-Survival-Returns/.work/exports/actorx/Mods/Additions_Pack/Deinosuchus/Dino/Animation/Deinosuchus_Swim_Move_LEFT.psa
Memory: allocated 1063927 bytes in 792 blocks
Loading AnimSequence4 Deinosuchus_Swim_Move_RIGHT from package Mods/Additions_Pack/Deinosuchus/Dino/Animation/Deinosuchus_Swim_Move_RIGHT.uasset
Loading Skeleton Deinosuchus_TLC_Rig_Skeleton from package Mods/Additions_Pack/Deinosuchus/Dino/Deinosuchus_TLC_Rig_Skeleton.uasset
BoolProperty: unknown FBoneNode bLockBone
BoolProperty: unknown FBoneNode bRemoveBone
BoolProperty: unknown FBoneNode bLockBone
BoolProperty: unknown FBoneNode bRemoveBone
BoolProperty: unknown FBoneNode bLockBone
BoolProperty: unknown FBoneNode bRemoveBone
BoolProperty: unknown FBoneNode bLockBone
BoolProperty: unknown FBoneNode bRemoveBone
BoolProperty: unknown FBoneNode bLockBone
BoolProperty: unknown FBoneNode bRemoveBone
BoolProperty: unknown FBoneNode bLockBone
BoolProperty: unknown FBoneNode bRemoveBone
BoolProperty: unknown FBoneNode bLockBone
BoolProperty: unknown FBoneNode bRemoveBone
BoolProperty: unknown FBoneNode bLockBone
BoolProperty: unknown FBoneNode bRemoveBone
BoolProperty: unknown FBoneNode bLockBone
BoolProperty: unknown FBoneNode bRemoveBone
BoolProperty: unknown FBoneNode bLockBone
BoolProperty: unknown FBoneNode bRemoveBone
BoolProperty: unknown FBoneNode bLockBone
BoolProperty: unknown FBoneNode bRemoveBone
BoolProperty: unknown FBoneNode bLockBone
BoolProperty: unknown FBoneNode bRemoveBone
BoolProperty: unknown FBoneNode bLockBone
BoolProperty: unknown FBoneNode bRemoveBone
BoolProperty: unknown FBoneNode bLockBone
BoolProperty: unknown FBoneNode bRemoveBone
BoolProperty: unknown FBoneNode bLockBone
BoolProperty: unknown FBoneNode bRemoveBone
BoolProperty: unknown FBoneNode bLockBone
BoolProperty: unknown FBoneNode bRemoveBone
BoolProperty: unknown FBoneNode bLockBone
BoolProperty: unknown FBoneNode bRemoveBone
BoolProperty: unknown FBoneNode bLockBone
BoolProperty: unknown FBoneNode bRemoveBone
BoolProperty: unknown FBoneNode bLockBone
BoolProperty: unknown FBoneNode bRemoveBone
BoolProperty: unknown FBoneNode bLockBone
BoolProperty: unknown FBoneNode bRemoveBone
BoolProperty: unknown FBoneNode bLockBone
BoolProperty: unknown FBoneNode bRemoveBone
BoolProperty: unknown FBoneNode bLockBone
BoolProperty: unknown FBoneNode bRemoveBone
BoolProperty: unknown FBoneNode bLockBone
BoolProperty: unknown FBoneNode bRemoveBone
BoolProperty: unknown FBoneNode bLockBone
BoolProperty: unknown FBoneNode bRemoveBone
BoolProperty: unknown FBoneNode bLockBone
BoolProperty: unknown FBoneNode bRemoveBone
BoolProperty: unknown FBoneNode bLockBone
BoolProperty: unknown FBoneNode bRemoveBone
BoolProperty: unknown FBoneNode bLockBone
BoolProperty: unknown FBoneNode bRemoveBone
BoolProperty: unknown FBoneNode bLockBone
BoolProperty: unknown FBoneNode bRemoveBone
BoolProperty: unknown FBoneNode bLockBone
BoolProperty: unknown FBoneNode bRemoveBone
BoolProperty: unknown FBoneNode bLockBone
BoolProperty: unknown FBoneNode bRemoveBone
BoolProperty: unknown FBoneNode bLockBone
BoolProperty: unknown FBoneNode bRemoveBone
BoolProperty: unknown FBoneNode bLockBone
BoolProperty: unknown FBoneNode bRemoveBone
BoolProperty: unknown FBoneNode bLockBone
BoolProperty: unknown FBoneNode bRemoveBone
BoolProperty: unknown FBoneNode bLockBone
BoolProperty: unknown FBoneNode bRemoveBone
BoolProperty: unknown FBoneNode bLockBone
BoolProperty: unknown FBoneNode bRemoveBone
BoolProperty: unknown FBoneNode bLockBone
BoolProperty: unknown FBoneNode bRemoveBone
BoolProperty: unknown FBoneNode bLockBone
BoolProperty: unknown FBoneNode bRemoveBone
BoolProperty: unknown FBoneNode bLockBone
BoolProperty: unknown FBoneNode bRemoveBone
BoolProperty: unknown FBoneNode bLockBone
BoolProperty: unknown FBoneNode bRemoveBone
BoolProperty: unknown FBoneNode bLockBone
BoolProperty: unknown FBoneNode bRemoveBone
BoolProperty: unknown FBoneNode bLockBone
BoolProperty: unknown FBoneNode bRemoveBone
BoolProperty: unknown FBoneNode bLockBone
BoolProperty: unknown FBoneNode bRemoveBone
BoolProperty: unknown FBoneNode bLockBone
BoolProperty: unknown FBoneNode bRemoveBone
BoolProperty: unknown FBoneNode bLockBone
BoolProperty: unknown FBoneNode bRemoveBone
BoolProperty: unknown FBoneNode bLockBone
BoolProperty: unknown FBoneNode bRemoveBone
BoolProperty: unknown FBoneNode bLockBone
BoolProperty: unknown FBoneNode bRemoveBone
BoolProperty: unknown FBoneNode bLockBone
BoolProperty: unknown FBoneNode bRemoveBone
BoolProperty: unknown FBoneNode bLockBone
BoolProperty: unknown FBoneNode bRemoveBone
BoolProperty: unknown FBoneNode bLockBone
BoolProperty: unknown FBoneNode bRemoveBone
BoolProperty: unknown FBoneNode bLockBone
BoolProperty: unknown FBoneNode bRemoveBone
BoolProperty: unknown FBoneNode bLockBone
BoolProperty: unknown FBoneNode bRemoveBone
BoolProperty: unknown FBoneNode bLockBone
BoolProperty: unknown FBoneNode bRemoveBone
BoolProperty: unknown FBoneNode bLockBone
BoolProperty: unknown FBoneNode bRemoveBone
BoolProperty: unknown FBoneNode bLockBone
BoolProperty: unknown FBoneNode bRemoveBone
BoolProperty: unknown FBoneNode bLockBone
BoolProperty: unknown FBoneNode bRemoveBone
BoolProperty: unknown FBoneNode bLockBone
BoolProperty: unknown FBoneNode bRemoveBone
BoolProperty: unknown FBoneNode bLockBone
BoolProperty: unknown FBoneNode bRemoveBone
BoolProperty: unknown FBoneNode bLockBone
BoolProperty: unknown FBoneNode bRemoveBone
BoolProperty: unknown FBoneNode bLockBone
BoolProperty: unknown FBoneNode bRemoveBone
BoolProperty: unknown FBoneNode bLockBone
BoolProperty: unknown FBoneNode bRemoveBone
BoolProperty: unknown FBoneNode bLockBone
BoolProperty: unknown FBoneNode bRemoveBone
BoolProperty: unknown FBoneNode bLockBone
BoolProperty: unknown FBoneNode bRemoveBone
BoolProperty: unknown FBoneNode bLockBone
BoolProperty: unknown FBoneNode bRemoveBone
Exporting objects ...
Exporting AnimSequence4 Deinosuchus_Swim_Move_RIGHT to C:/Users/Nez/Desktop/GitHub/Ark-Survival-Returns/.work/exports/actorx/Mods/Additions_Pack/Deinosuchus/Dino/Animation/Deinosuchus_Swim_Move_RIGHT.psa
Memory: allocated 1076215 bytes in 795 blocks
Loading AnimSequence4 Deinosuchus_Torp_In from package Mods/Additions_Pack/Deinosuchus/Dino/Animation/Deinosuchus_Torp_In.uasset
Loading AnimSequence4 Deinosuchus_Idle from package Mods/Additions_Pack/Deinosuchus/Dino/Animation/Deinosuchus_Idle.uasset
Loading Skeleton Deinosuchus_TLC_Rig_Skeleton from package Mods/Additions_Pack/Deinosuchus/Dino/Deinosuchus_TLC_Rig_Skeleton.uasset
BoolProperty: unknown FBoneNode bLockBone
BoolProperty: unknown FBoneNode bRemoveBone
BoolProperty: unknown FBoneNode bLockBone
BoolProperty: unknown FBoneNode bRemoveBone
BoolProperty: unknown FBoneNode bLockBone
BoolProperty: unknown FBoneNode bRemoveBone
BoolProperty: unknown FBoneNode bLockBone
BoolProperty: unknown FBoneNode bRemoveBone
BoolProperty: unknown FBoneNode bLockBone
BoolProperty: unknown FBoneNode bRemoveBone
BoolProperty: unknown FBoneNode bLockBone
BoolProperty: unknown FBoneNode bRemoveBone
BoolProperty: unknown FBoneNode bLockBone
BoolProperty: unknown FBoneNode bRemoveBone
BoolProperty: unknown FBoneNode bLockBone
BoolProperty: unknown FBoneNode bRemoveBone
BoolProperty: unknown FBoneNode bLockBone
BoolProperty: unknown FBoneNode bRemoveBone
BoolProperty: unknown FBoneNode bLockBone
BoolProperty: unknown FBoneNode bRemoveBone
BoolProperty: unknown FBoneNode bLockBone
BoolProperty: unknown FBoneNode bRemoveBone
BoolProperty: unknown FBoneNode bLockBone
BoolProperty: unknown FBoneNode bRemoveBone
BoolProperty: unknown FBoneNode bLockBone
BoolProperty: unknown FBoneNode bRemoveBone
BoolProperty: unknown FBoneNode bLockBone
BoolProperty: unknown FBoneNode bRemoveBone
BoolProperty: unknown FBoneNode bLockBone
BoolProperty: unknown FBoneNode bRemoveBone
BoolProperty: unknown FBoneNode bLockBone
BoolProperty: unknown FBoneNode bRemoveBone
BoolProperty: unknown FBoneNode bLockBone
BoolProperty: unknown FBoneNode bRemoveBone
BoolProperty: unknown FBoneNode bLockBone
BoolProperty: unknown FBoneNode bRemoveBone
BoolProperty: unknown FBoneNode bLockBone
BoolProperty: unknown FBoneNode bRemoveBone
BoolProperty: unknown FBoneNode bLockBone
BoolProperty: unknown FBoneNode bRemoveBone
BoolProperty: unknown FBoneNode bLockBone
BoolProperty: unknown FBoneNode bRemoveBone
BoolProperty: unknown FBoneNode bLockBone
BoolProperty: unknown FBoneNode bRemoveBone
BoolProperty: unknown FBoneNode bLockBone
BoolProperty: unknown FBoneNode bRemoveBone
BoolProperty: unknown FBoneNode bLockBone
BoolProperty: unknown FBoneNode bRemoveBone
BoolProperty: unknown FBoneNode bLockBone
BoolProperty: unknown FBoneNode bRemoveBone
BoolProperty: unknown FBoneNode bLockBone
BoolProperty: unknown FBoneNode bRemoveBone
BoolProperty: unknown FBoneNode bLockBone
BoolProperty: unknown FBoneNode bRemoveBone
BoolProperty: unknown FBoneNode bLockBone
BoolProperty: unknown FBoneNode bRemoveBone
BoolProperty: unknown FBoneNode bLockBone
BoolProperty: unknown FBoneNode bRemoveBone
BoolProperty: unknown FBoneNode bLockBone
BoolProperty: unknown FBoneNode bRemoveBone
BoolProperty: unknown FBoneNode bLockBone
BoolProperty: unknown FBoneNode bRemoveBone
BoolProperty: unknown FBoneNode bLockBone
BoolProperty: unknown FBoneNode bRemoveBone
BoolProperty: unknown FBoneNode bLockBone
BoolProperty: unknown FBoneNode bRemoveBone
BoolProperty: unknown FBoneNode bLockBone
BoolProperty: unknown FBoneNode bRemoveBone
BoolProperty: unknown FBoneNode bLockBone
BoolProperty: unknown FBoneNode bRemoveBone
BoolProperty: unknown FBoneNode bLockBone
BoolProperty: unknown FBoneNode bRemoveBone
BoolProperty: unknown FBoneNode bLockBone
BoolProperty: unknown FBoneNode bRemoveBone
BoolProperty: unknown FBoneNode bLockBone
BoolProperty: unknown FBoneNode bRemoveBone
BoolProperty: unknown FBoneNode bLockBone
BoolProperty: unknown FBoneNode bRemoveBone
BoolProperty: unknown FBoneNode bLockBone
BoolProperty: unknown FBoneNode bRemoveBone
BoolProperty: unknown FBoneNode bLockBone
BoolProperty: unknown FBoneNode bRemoveBone
BoolProperty: unknown FBoneNode bLockBone
BoolProperty: unknown FBoneNode bRemoveBone
BoolProperty: unknown FBoneNode bLockBone
BoolProperty: unknown FBoneNode bRemoveBone
BoolProperty: unknown FBoneNode bLockBone
BoolProperty: unknown FBoneNode bRemoveBone
BoolProperty: unknown FBoneNode bLockBone
BoolProperty: unknown FBoneNode bRemoveBone
BoolProperty: unknown FBoneNode bLockBone
BoolProperty: unknown FBoneNode bRemoveBone
BoolProperty: unknown FBoneNode bLockBone
BoolProperty: unknown FBoneNode bRemoveBone
BoolProperty: unknown FBoneNode bLockBone
BoolProperty: unknown FBoneNode bRemoveBone
BoolProperty: unknown FBoneNode bLockBone
BoolProperty: unknown FBoneNode bRemoveBone
BoolProperty: unknown FBoneNode bLockBone
BoolProperty: unknown FBoneNode bRemoveBone
BoolProperty: unknown FBoneNode bLockBone
BoolProperty: unknown FBoneNode bRemoveBone
BoolProperty: unknown FBoneNode bLockBone
BoolProperty: unknown FBoneNode bRemoveBone
BoolProperty: unknown FBoneNode bLockBone
BoolProperty: unknown FBoneNode bRemoveBone
BoolProperty: unknown FBoneNode bLockBone
BoolProperty: unknown FBoneNode bRemoveBone
BoolProperty: unknown FBoneNode bLockBone
BoolProperty: unknown FBoneNode bRemoveBone
BoolProperty: unknown FBoneNode bLockBone
BoolProperty: unknown FBoneNode bRemoveBone
BoolProperty: unknown FBoneNode bLockBone
BoolProperty: unknown FBoneNode bRemoveBone
BoolProperty: unknown FBoneNode bLockBone
BoolProperty: unknown FBoneNode bRemoveBone
BoolProperty: unknown FBoneNode bLockBone
BoolProperty: unknown FBoneNode bRemoveBone
BoolProperty: unknown FBoneNode bLockBone
BoolProperty: unknown FBoneNode bRemoveBone
BoolProperty: unknown FBoneNode bLockBone
BoolProperty: unknown FBoneNode bRemoveBone
BoolProperty: unknown FBoneNode bLockBone
BoolProperty: unknown FBoneNode bRemoveBone
BoolProperty: unknown FBoneNode bLockBone
BoolProperty: unknown FBoneNode bRemoveBone
Exporting objects ...
Exporting AnimSequence4 Deinosuchus_Torp_In to C:/Users/Nez/Desktop/GitHub/Ark-Survival-Returns/.work/exports/actorx/Mods/Additions_Pack/Deinosuchus/Dino/Animation/Deinosuchus_Torp_In.psa
Memory: allocated 1088503 bytes in 798 blocks
Exported 46/46 objects in 0.2 sec
