Found 1929 game files (0 skipped) in 75 folders at path "C:/Users/Nez/Desktop/GitHub/Ark-Survival-Returns/.work/normalized"
Scanned game directory in 0.0 sec, 2120 allocs, 0.00 MBytes serialized in 0 calls.
Loading package: PrimalEarth/Dinos/Liopleurodon/Animations/Liopleurodon-Aim-Center.uasset Ver: 405/10 Engine: 0 Names: 39 Exports: 1 Imports: 6 Game: 1000051
Loading package: PrimalEarth/Dinos/Liopleurodon/Animations/Liopleurodon-Aim-Dwn-Lft.uasset Ver: 405/10 Engine: 0 Names: 39 Exports: 1 Imports: 6 Game: 1000051
Loading package: PrimalEarth/Dinos/Liopleurodon/Animations/Liopleurodon-Aim-Dwn-Rit.uasset Ver: 405/10 Engine: 0 Names: 39 Exports: 1 Imports: 6 Game: 1000051
Loading package: PrimalEarth/Dinos/Liopleurodon/Animations/Liopleurodon-Aim-Dwn.uasset Ver: 405/10 Engine: 0 Names: 39 Exports: 1 Imports: 6 Game: 1000051
Loading package: PrimalEarth/Dinos/Liopleurodon/Animations/Liopleurodon-Aim-Lft.uasset Ver: 405/10 Engine: 0 Names: 39 Exports: 1 Imports: 6 Game: 1000051
Loading package: PrimalEarth/Dinos/Liopleurodon/Animations/Liopleurodon-Aim-Rit.uasset Ver: 405/10 Engine: 0 Names: 39 Exports: 1 Imports: 6 Game: 1000051
Loading package: PrimalEarth/Dinos/Liopleurodon/Animations/Liopleurodon-Aim-Up-Lft.uasset Ver: 405/10 Engine: 0 Names: 39 Exports: 1 Imports: 6 Game: 1000051
Loading package: PrimalEarth/Dinos/Liopleurodon/Animations/Liopleurodon-Aim-Up-Rit.uasset Ver: 405/10 Engine: 0 Names: 39 Exports: 1 Imports: 6 Game: 1000051
Loading package: PrimalEarth/Dinos/Liopleurodon/Animations/Liopleurodon-Aim-Up.uasset Ver: 405/10 Engine: 0 Names: 39 Exports: 1 Imports: 6 Game: 1000051
Loading package: PrimalEarth/Dinos/Liopleurodon/Animations/Liopleurodon-Attack-Chomp.uasset Ver: 405/10 Engine: 0 Names: 70 Exports: 3 Imports: 14 Game: 1000051
Loading package: PrimalEarth/Dinos/Liopleurodon/Animations/Liopleurodon-Attack-Chomp_Montage.uasset Ver: 405/10 Engine: 0 Names: 53 Exports: 2 Imports: 8 Game: 1000051
Loading package: PrimalEarth/Dinos/Liopleurodon/Animations/Liopleurodon-Cuddle.uasset Ver: 405/10 Engine: 0 Names: 52 Exports: 2 Imports: 8 Game: 1000051
Loading package: PrimalEarth/Dinos/Liopleurodon/Animations/Liopleurodon-Cuddle_Montage.uasset Ver: 405/10 Engine: 0 Names: 37 Exports: 1 Imports: 6 Game: 1000051
Loading package: PrimalEarth/Dinos/Liopleurodon/Animations/Liopleurodon-Hurt-Big.uasset Ver: 405/10 Engine: 0 Names: 39 Exports: 1 Imports: 6 Game: 1000051
Loading package: PrimalEarth/Dinos/Liopleurodon/Animations/Liopleurodon-Hurt-Big_Montage.uasset Ver: 405/10 Engine: 0 Names: 38 Exports: 1 Imports: 6 Game: 1000051
Loading package: PrimalEarth/Dinos/Liopleurodon/Animations/Liopleurodon-Idle.uasset Ver: 405/10 Engine: 0 Names: 50 Exports: 2 Imports: 8 Game: 1000051
Loading package: PrimalEarth/Dinos/Liopleurodon/Animations/Liopleurodon-Spin.uasset Ver: 405/10 Engine: 0 Names: 52 Exports: 2 Imports: 8 Game: 1000051
Loading package: PrimalEarth/Dinos/Liopleurodon/Animations/Liopleurodon-Spin_Montage.uasset Ver: 405/10 Engine: 0 Names: 37 Exports: 1 Imports: 6 Game: 1000051
Loading package: PrimalEarth/Dinos/Liopleurodon/Animations/Liopleurodon-Swim-Charge-Fwd.uasset Ver: 405/10 Engine: 0 Names: 49 Exports: 3 Imports: 8 Game: 1000051
Loading package: PrimalEarth/Dinos/Liopleurodon/Animations/Liopleurodon-Swim-Charge-Lft.uasset Ver: 405/10 Engine: 0 Names: 49 Exports: 3 Imports: 8 Game: 1000051
Loading package: PrimalEarth/Dinos/Liopleurodon/Animations/Liopleurodon-Swim-Charge-Rit.uasset Ver: 405/10 Engine: 0 Names: 49 Exports: 3 Imports: 8 Game: 1000051
Loading package: PrimalEarth/Dinos/Liopleurodon/Animations/Liopleurodon-Swim-Fwd.uasset Ver: 405/10 Engine: 0 Names: 49 Exports: 3 Imports: 8 Game: 1000051
Loading package: PrimalEarth/Dinos/Liopleurodon/Animations/Liopleurodon-Swim-Lft.uasset Ver: 405/10 Engine: 0 Names: 49 Exports: 3 Imports: 8 Game: 1000051
Loading package: PrimalEarth/Dinos/Liopleurodon/Animations/Liopleurodon-Swim-Rit.uasset Ver: 405/10 Engine: 0 Names: 49 Exports: 3 Imports: 8 Game: 1000051
Loading package: PrimalEarth/Dinos/Liopleurodon/Animations/Liopleurodon-Torpid-Eat.uasset Ver: 405/10 Engine: 0 Names: 49 Exports: 2 Imports: 8 Game: 1000051
Loading package: PrimalEarth/Dinos/Liopleurodon/Animations/Liopleurodon-Torpid-Eat_Montage.uasset Ver: 405/10 Engine: 0 Names: 37 Exports: 1 Imports: 6 Game: 1000051
Loading package: PrimalEarth/Dinos/Liopleurodon/Animations/Liopleurodon-Torpid-Idle.uasset Ver: 405/10 Engine: 0 Names: 30 Exports: 1 Imports: 4 Game: 1000051
Loading package: PrimalEarth/Dinos/Liopleurodon/Animations/Liopleurodon-Torpid-In.uasset Ver: 405/10 Engine: 0 Names: 49 Exports: 2 Imports: 8 Game: 1000051
Loading package: PrimalEarth/Dinos/Liopleurodon/Animations/Liopleurodon-Torpid-In_Montage.uasset Ver: 405/10 Engine: 0 Names: 37 Exports: 1 Imports: 6 Game: 1000051
Loading package: PrimalEarth/Dinos/Liopleurodon/Animations/Liopleurodon-Torpid-Out-Tamed.uasset Ver: 405/10 Engine: 0 Names: 57 Exports: 3 Imports: 12 Game: 1000051
Loading package: PrimalEarth/Dinos/Liopleurodon/Animations/Liopleurodon-Torpid-Out-Tamed_Montage.uasset Ver: 405/10 Engine: 0 Names: 37 Exports: 1 Imports: 6 Game: 1000051
Loading package: PrimalEarth/Dinos/Liopleurodon/Animations/Liopleurodon-Torpid-Out-Wild.uasset Ver: 405/10 Engine: 0 Names: 49 Exports: 2 Imports: 8 Game: 1000051
Loading package: PrimalEarth/Dinos/Liopleurodon/Animations/Liopleurodon-Torpid-Out-Wild_Montage.uasset Ver: 405/10 Engine: 0 Names: 37 Exports: 1 Imports: 6 Game: 1000051
Loading package: PrimalEarth/Dinos/Liopleurodon/Animations/Liopleurodon_AimOffset.uasset Ver: 405/10 Engine: 0 Names: 49 Exports: 1 Imports: 22 Game: 1000051
Loaded in 0.2 sec, 703 allocs, 0.12 MBytes serialized in 34 calls.
Loading AnimSequence4 Liopleurodon-Aim-Center from package PrimalEarth/Dinos/Liopleurodon/Animations/Liopleurodon-Aim-Center.uasset
Loading package: PrimalEarth/Dinos/Liopleurodon/Liopleurodon_Skeleton.uasset Ver: 405/10 Engine: 0 Names: 97 Exports: 14 Imports: 3 Game: 1000051
Loading AnimSequence4 Liopleurodon-Idle from package PrimalEarth/Dinos/Liopleurodon/Animations/Liopleurodon-Idle.uasset
FloatProperty: unknown FAnimNotifyEvent DisplayTime
BoolProperty: unknown FAnimNotifyEvent bIgnoreOnDediServer
Loading Skeleton Liopleurodon_Skeleton from package PrimalEarth/Dinos/Liopleurodon/Liopleurodon_Skeleton.uasset
BoolProperty: unknown FBoneNode bLockBone
BoolProperty: unknown FBoneNode bRemoveBone
BoolProperty: unknown FBoneNode bLockBone
BoolProperty: unknown FBoneNode bRemoveBone
BoolProperty: unknown FBoneNode bLockBone
BoolProperty: unknown FBoneNode bRemoveBone
BoolProperty: unknown FBoneNode bLockBone
BoolProperty: unknown FBoneNode bRemoveBone
BoolProperty: unknown FBoneNode bLockBone
BoolProperty: unknown FBoneNode bRemoveBone
BoolProperty: unknown FBoneNode bLockBone
BoolProperty: unknown FBoneNode bRemoveBone
BoolProperty: unknown FBoneNode bLockBone
BoolProperty: unknown FBoneNode bRemoveBone
BoolProperty: unknown FBoneNode bLockBone
BoolProperty: unknown FBoneNode bRemoveBone
BoolProperty: unknown FBoneNode bLockBone
BoolProperty: unknown FBoneNode bRemoveBone
BoolProperty: unknown FBoneNode bLockBone
BoolProperty: unknown FBoneNode bRemoveBone
BoolProperty: unknown FBoneNode bLockBone
BoolProperty: unknown FBoneNode bRemoveBone
BoolProperty: unknown FBoneNode bLockBone
BoolProperty: unknown FBoneNode bRemoveBone
BoolProperty: unknown FBoneNode bLockBone
BoolProperty: unknown FBoneNode bRemoveBone
BoolProperty: unknown FBoneNode bLockBone
BoolProperty: unknown FBoneNode bRemoveBone
BoolProperty: unknown FBoneNode bLockBone
BoolProperty: unknown FBoneNode bRemoveBone
BoolProperty: unknown FBoneNode bLockBone
BoolProperty: unknown FBoneNode bRemoveBone
BoolProperty: unknown FBoneNode bLockBone
BoolProperty: unknown FBoneNode bRemoveBone
BoolProperty: unknown FBoneNode bLockBone
BoolProperty: unknown FBoneNode bRemoveBone
BoolProperty: unknown FBoneNode bLockBone
BoolProperty: unknown FBoneNode bRemoveBone
BoolProperty: unknown FBoneNode bLockBone
BoolProperty: unknown FBoneNode bRemoveBone
BoolProperty: unknown FBoneNode bLockBone
BoolProperty: unknown FBoneNode bRemoveBone
BoolProperty: unknown FBoneNode bLockBone
BoolProperty: unknown FBoneNode bRemoveBone
BoolProperty: unknown FBoneNode bLockBone
BoolProperty: unknown FBoneNode bRemoveBone
BoolProperty: unknown FBoneNode bLockBone
BoolProperty: unknown FBoneNode bRemoveBone
BoolProperty: unknown FBoneNode bLockBone
BoolProperty: unknown FBoneNode bRemoveBone
BoolProperty: unknown FBoneNode bLockBone
BoolProperty: unknown FBoneNode bRemoveBone
BoolProperty: unknown FBoneNode bLockBone
BoolProperty: unknown FBoneNode bRemoveBone
BoolProperty: unknown FBoneNode bLockBone
BoolProperty: unknown FBoneNode bRemoveBone
BoolProperty: unknown FBoneNode bLockBone
BoolProperty: unknown FBoneNode bRemoveBone
BoolProperty: unknown FBoneNode bLockBone
BoolProperty: unknown FBoneNode bRemoveBone
BoolProperty: unknown FBoneNode bLockBone
BoolProperty: unknown FBoneNode bRemoveBone
BoolProperty: unknown FBoneNode bLockBone
BoolProperty: unknown FBoneNode bRemoveBone
BoolProperty: unknown FBoneNode bLockBone
BoolProperty: unknown FBoneNode bRemoveBone
BoolProperty: unknown FBoneNode bLockBone
BoolProperty: unknown FBoneNode bRemoveBone
BoolProperty: unknown FBoneNode bLockBone
BoolProperty: unknown FBoneNode bRemoveBone
BoolProperty: unknown FBoneNode bLockBone
BoolProperty: unknown FBoneNode bRemoveBone
BoolProperty: unknown FBoneNode bLockBone
BoolProperty: unknown FBoneNode bRemoveBone
BoolProperty: unknown FBoneNode bLockBone
BoolProperty: unknown FBoneNode bRemoveBone
BoolProperty: unknown FBoneNode bLockBone
BoolProperty: unknown FBoneNode bRemoveBone
BoolProperty: unknown FBoneNode bLockBone
BoolProperty: unknown FBoneNode bRemoveBone
BoolProperty: unknown FBoneNode bLockBone
BoolProperty: unknown FBoneNode bRemoveBone
BoolProperty: unknown FBoneNode bLockBone
BoolProperty: unknown FBoneNode bRemoveBone
BoolProperty: unknown FBoneNode bLockBone
BoolProperty: unknown FBoneNode bRemoveBone
Exporting objects ...
Exporting AnimSequence4 Liopleurodon-Aim-Center to C:/Users/Nez/Desktop/GitHub/Ark-Survival-Returns/.work/exports/actorx/PrimalEarth/Dinos/Liopleurodon/Animations/Liopleurodon-Aim-Center.psa
Exporting AnimSequence4 Liopleurodon-Idle to C:/Users/Nez/Desktop/GitHub/Ark-Survival-Returns/.work/exports/actorx/PrimalEarth/Dinos/Liopleurodon/Animations/Liopleurodon-Idle.psa
Memory: allocated 483691 bytes in 404 blocks
Loading AnimSequence4 Liopleurodon-Aim-Dwn-Lft from package PrimalEarth/Dinos/Liopleurodon/Animations/Liopleurodon-Aim-Dwn-Lft.uasset
Loading AnimSequence4 Liopleurodon-Idle from package PrimalEarth/Dinos/Liopleurodon/Animations/Liopleurodon-Idle.uasset
FloatProperty: unknown FAnimNotifyEvent DisplayTime
BoolProperty: unknown FAnimNotifyEvent bIgnoreOnDediServer
Loading Skeleton Liopleurodon_Skeleton from package PrimalEarth/Dinos/Liopleurodon/Liopleurodon_Skeleton.uasset
BoolProperty: unknown FBoneNode bLockBone
BoolProperty: unknown FBoneNode bRemoveBone
BoolProperty: unknown FBoneNode bLockBone
BoolProperty: unknown FBoneNode bRemoveBone
BoolProperty: unknown FBoneNode bLockBone
BoolProperty: unknown FBoneNode bRemoveBone
BoolProperty: unknown FBoneNode bLockBone
BoolProperty: unknown FBoneNode bRemoveBone
BoolProperty: unknown FBoneNode bLockBone
BoolProperty: unknown FBoneNode bRemoveBone
BoolProperty: unknown FBoneNode bLockBone
BoolProperty: unknown FBoneNode bRemoveBone
BoolProperty: unknown FBoneNode bLockBone
BoolProperty: unknown FBoneNode bRemoveBone
BoolProperty: unknown FBoneNode bLockBone
BoolProperty: unknown FBoneNode bRemoveBone
BoolProperty: unknown FBoneNode bLockBone
BoolProperty: unknown FBoneNode bRemoveBone
BoolProperty: unknown FBoneNode bLockBone
BoolProperty: unknown FBoneNode bRemoveBone
BoolProperty: unknown FBoneNode bLockBone
BoolProperty: unknown FBoneNode bRemoveBone
BoolProperty: unknown FBoneNode bLockBone
BoolProperty: unknown FBoneNode bRemoveBone
BoolProperty: unknown FBoneNode bLockBone
BoolProperty: unknown FBoneNode bRemoveBone
BoolProperty: unknown FBoneNode bLockBone
BoolProperty: unknown FBoneNode bRemoveBone
BoolProperty: unknown FBoneNode bLockBone
BoolProperty: unknown FBoneNode bRemoveBone
BoolProperty: unknown FBoneNode bLockBone
BoolProperty: unknown FBoneNode bRemoveBone
BoolProperty: unknown FBoneNode bLockBone
BoolProperty: unknown FBoneNode bRemoveBone
BoolProperty: unknown FBoneNode bLockBone
BoolProperty: unknown FBoneNode bRemoveBone
BoolProperty: unknown FBoneNode bLockBone
BoolProperty: unknown FBoneNode bRemoveBone
BoolProperty: unknown FBoneNode bLockBone
BoolProperty: unknown FBoneNode bRemoveBone
BoolProperty: unknown FBoneNode bLockBone
BoolProperty: unknown FBoneNode bRemoveBone
BoolProperty: unknown FBoneNode bLockBone
BoolProperty: unknown FBoneNode bRemoveBone
BoolProperty: unknown FBoneNode bLockBone
BoolProperty: unknown FBoneNode bRemoveBone
BoolProperty: unknown FBoneNode bLockBone
BoolProperty: unknown FBoneNode bRemoveBone
BoolProperty: unknown FBoneNode bLockBone
BoolProperty: unknown FBoneNode bRemoveBone
BoolProperty: unknown FBoneNode bLockBone
BoolProperty: unknown FBoneNode bRemoveBone
BoolProperty: unknown FBoneNode bLockBone
BoolProperty: unknown FBoneNode bRemoveBone
BoolProperty: unknown FBoneNode bLockBone
BoolProperty: unknown FBoneNode bRemoveBone
BoolProperty: unknown FBoneNode bLockBone
BoolProperty: unknown FBoneNode bRemoveBone
BoolProperty: unknown FBoneNode bLockBone
BoolProperty: unknown FBoneNode bRemoveBone
BoolProperty: unknown FBoneNode bLockBone
BoolProperty: unknown FBoneNode bRemoveBone
BoolProperty: unknown FBoneNode bLockBone
BoolProperty: unknown FBoneNode bRemoveBone
BoolProperty: unknown FBoneNode bLockBone
BoolProperty: unknown FBoneNode bRemoveBone
BoolProperty: unknown FBoneNode bLockBone
BoolProperty: unknown FBoneNode bRemoveBone
BoolProperty: unknown FBoneNode bLockBone
BoolProperty: unknown FBoneNode bRemoveBone
BoolProperty: unknown FBoneNode bLockBone
BoolProperty: unknown FBoneNode bRemoveBone
BoolProperty: unknown FBoneNode bLockBone
BoolProperty: unknown FBoneNode bRemoveBone
BoolProperty: unknown FBoneNode bLockBone
BoolProperty: unknown FBoneNode bRemoveBone
BoolProperty: unknown FBoneNode bLockBone
BoolProperty: unknown FBoneNode bRemoveBone
BoolProperty: unknown FBoneNode bLockBone
BoolProperty: unknown FBoneNode bRemoveBone
BoolProperty: unknown FBoneNode bLockBone
BoolProperty: unknown FBoneNode bRemoveBone
BoolProperty: unknown FBoneNode bLockBone
BoolProperty: unknown FBoneNode bRemoveBone
BoolProperty: unknown FBoneNode bLockBone
BoolProperty: unknown FBoneNode bRemoveBone
Exporting objects ...
Exporting AnimSequence4 Liopleurodon-Aim-Dwn-Lft to C:/Users/Nez/Desktop/GitHub/Ark-Survival-Returns/.work/exports/actorx/PrimalEarth/Dinos/Liopleurodon/Animations/Liopleurodon-Aim-Dwn-Lft.psa
Memory: allocated 495979 bytes in 407 blocks
Loading AnimSequence4 Liopleurodon-Aim-Dwn-Rit from package PrimalEarth/Dinos/Liopleurodon/Animations/Liopleurodon-Aim-Dwn-Rit.uasset
Loading AnimSequence4 Liopleurodon-Idle from package PrimalEarth/Dinos/Liopleurodon/Animations/Liopleurodon-Idle.uasset
FloatProperty: unknown FAnimNotifyEvent DisplayTime
BoolProperty: unknown FAnimNotifyEvent bIgnoreOnDediServer
Loading Skeleton Liopleurodon_Skeleton from package PrimalEarth/Dinos/Liopleurodon/Liopleurodon_Skeleton.uasset
BoolProperty: unknown FBoneNode bLockBone
BoolProperty: unknown FBoneNode bRemoveBone
BoolProperty: unknown FBoneNode bLockBone
BoolProperty: unknown FBoneNode bRemoveBone
BoolProperty: unknown FBoneNode bLockBone
BoolProperty: unknown FBoneNode bRemoveBone
BoolProperty: unknown FBoneNode bLockBone
BoolProperty: unknown FBoneNode bRemoveBone
BoolProperty: unknown FBoneNode bLockBone
BoolProperty: unknown FBoneNode bRemoveBone
BoolProperty: unknown FBoneNode bLockBone
BoolProperty: unknown FBoneNode bRemoveBone
BoolProperty: unknown FBoneNode bLockBone
BoolProperty: unknown FBoneNode bRemoveBone
BoolProperty: unknown FBoneNode bLockBone
BoolProperty: unknown FBoneNode bRemoveBone
BoolProperty: unknown FBoneNode bLockBone
BoolProperty: unknown FBoneNode bRemoveBone
BoolProperty: unknown FBoneNode bLockBone
BoolProperty: unknown FBoneNode bRemoveBone
BoolProperty: unknown FBoneNode bLockBone
BoolProperty: unknown FBoneNode bRemoveBone
BoolProperty: unknown FBoneNode bLockBone
BoolProperty: unknown FBoneNode bRemoveBone
BoolProperty: unknown FBoneNode bLockBone
BoolProperty: unknown FBoneNode bRemoveBone
BoolProperty: unknown FBoneNode bLockBone
BoolProperty: unknown FBoneNode bRemoveBone
BoolProperty: unknown FBoneNode bLockBone
BoolProperty: unknown FBoneNode bRemoveBone
BoolProperty: unknown FBoneNode bLockBone
BoolProperty: unknown FBoneNode bRemoveBone
BoolProperty: unknown FBoneNode bLockBone
BoolProperty: unknown FBoneNode bRemoveBone
BoolProperty: unknown FBoneNode bLockBone
BoolProperty: unknown FBoneNode bRemoveBone
BoolProperty: unknown FBoneNode bLockBone
BoolProperty: unknown FBoneNode bRemoveBone
BoolProperty: unknown FBoneNode bLockBone
BoolProperty: unknown FBoneNode bRemoveBone
BoolProperty: unknown FBoneNode bLockBone
BoolProperty: unknown FBoneNode bRemoveBone
BoolProperty: unknown FBoneNode bLockBone
BoolProperty: unknown FBoneNode bRemoveBone
BoolProperty: unknown FBoneNode bLockBone
BoolProperty: unknown FBoneNode bRemoveBone
BoolProperty: unknown FBoneNode bLockBone
BoolProperty: unknown FBoneNode bRemoveBone
BoolProperty: unknown FBoneNode bLockBone
BoolProperty: unknown FBoneNode bRemoveBone
BoolProperty: unknown FBoneNode bLockBone
BoolProperty: unknown FBoneNode bRemoveBone
BoolProperty: unknown FBoneNode bLockBone
BoolProperty: unknown FBoneNode bRemoveBone
BoolProperty: unknown FBoneNode bLockBone
BoolProperty: unknown FBoneNode bRemoveBone
BoolProperty: unknown FBoneNode bLockBone
BoolProperty: unknown FBoneNode bRemoveBone
BoolProperty: unknown FBoneNode bLockBone
BoolProperty: unknown FBoneNode bRemoveBone
BoolProperty: unknown FBoneNode bLockBone
BoolProperty: unknown FBoneNode bRemoveBone
BoolProperty: unknown FBoneNode bLockBone
BoolProperty: unknown FBoneNode bRemoveBone
BoolProperty: unknown FBoneNode bLockBone
BoolProperty: unknown FBoneNode bRemoveBone
BoolProperty: unknown FBoneNode bLockBone
BoolProperty: unknown FBoneNode bRemoveBone
BoolProperty: unknown FBoneNode bLockBone
BoolProperty: unknown FBoneNode bRemoveBone
BoolProperty: unknown FBoneNode bLockBone
BoolProperty: unknown FBoneNode bRemoveBone
BoolProperty: unknown FBoneNode bLockBone
BoolProperty: unknown FBoneNode bRemoveBone
BoolProperty: unknown FBoneNode bLockBone
BoolProperty: unknown FBoneNode bRemoveBone
BoolProperty: unknown FBoneNode bLockBone
BoolProperty: unknown FBoneNode bRemoveBone
BoolProperty: unknown FBoneNode bLockBone
BoolProperty: unknown FBoneNode bRemoveBone
BoolProperty: unknown FBoneNode bLockBone
BoolProperty: unknown FBoneNode bRemoveBone
BoolProperty: unknown FBoneNode bLockBone
BoolProperty: unknown FBoneNode bRemoveBone
BoolProperty: unknown FBoneNode bLockBone
BoolProperty: unknown FBoneNode bRemoveBone
Exporting objects ...
Exporting AnimSequence4 Liopleurodon-Aim-Dwn-Rit to C:/Users/Nez/Desktop/GitHub/Ark-Survival-Returns/.work/exports/actorx/PrimalEarth/Dinos/Liopleurodon/Animations/Liopleurodon-Aim-Dwn-Rit.psa
Memory: allocated 508267 bytes in 410 blocks
Loading AnimSequence4 Liopleurodon-Aim-Dwn from package PrimalEarth/Dinos/Liopleurodon/Animations/Liopleurodon-Aim-Dwn.uasset
Loading AnimSequence4 Liopleurodon-Idle from package PrimalEarth/Dinos/Liopleurodon/Animations/Liopleurodon-Idle.uasset
FloatProperty: unknown FAnimNotifyEvent DisplayTime
BoolProperty: unknown FAnimNotifyEvent bIgnoreOnDediServer
Loading Skeleton Liopleurodon_Skeleton from package PrimalEarth/Dinos/Liopleurodon/Liopleurodon_Skeleton.uasset
BoolProperty: unknown FBoneNode bLockBone
BoolProperty: unknown FBoneNode bRemoveBone
BoolProperty: unknown FBoneNode bLockBone
BoolProperty: unknown FBoneNode bRemoveBone
BoolProperty: unknown FBoneNode bLockBone
BoolProperty: unknown FBoneNode bRemoveBone
BoolProperty: unknown FBoneNode bLockBone
BoolProperty: unknown FBoneNode bRemoveBone
BoolProperty: unknown FBoneNode bLockBone
BoolProperty: unknown FBoneNode bRemoveBone
BoolProperty: unknown FBoneNode bLockBone
BoolProperty: unknown FBoneNode bRemoveBone
BoolProperty: unknown FBoneNode bLockBone
BoolProperty: unknown FBoneNode bRemoveBone
BoolProperty: unknown FBoneNode bLockBone
BoolProperty: unknown FBoneNode bRemoveBone
BoolProperty: unknown FBoneNode bLockBone
BoolProperty: unknown FBoneNode bRemoveBone
BoolProperty: unknown FBoneNode bLockBone
BoolProperty: unknown FBoneNode bRemoveBone
BoolProperty: unknown FBoneNode bLockBone
BoolProperty: unknown FBoneNode bRemoveBone
BoolProperty: unknown FBoneNode bLockBone
BoolProperty: unknown FBoneNode bRemoveBone
BoolProperty: unknown FBoneNode bLockBone
BoolProperty: unknown FBoneNode bRemoveBone
BoolProperty: unknown FBoneNode bLockBone
BoolProperty: unknown FBoneNode bRemoveBone
BoolProperty: unknown FBoneNode bLockBone
BoolProperty: unknown FBoneNode bRemoveBone
BoolProperty: unknown FBoneNode bLockBone
BoolProperty: unknown FBoneNode bRemoveBone
BoolProperty: unknown FBoneNode bLockBone
BoolProperty: unknown FBoneNode bRemoveBone
BoolProperty: unknown FBoneNode bLockBone
BoolProperty: unknown FBoneNode bRemoveBone
BoolProperty: unknown FBoneNode bLockBone
BoolProperty: unknown FBoneNode bRemoveBone
BoolProperty: unknown FBoneNode bLockBone
BoolProperty: unknown FBoneNode bRemoveBone
BoolProperty: unknown FBoneNode bLockBone
BoolProperty: unknown FBoneNode bRemoveBone
BoolProperty: unknown FBoneNode bLockBone
BoolProperty: unknown FBoneNode bRemoveBone
BoolProperty: unknown FBoneNode bLockBone
BoolProperty: unknown FBoneNode bRemoveBone
BoolProperty: unknown FBoneNode bLockBone
BoolProperty: unknown FBoneNode bRemoveBone
BoolProperty: unknown FBoneNode bLockBone
BoolProperty: unknown FBoneNode bRemoveBone
BoolProperty: unknown FBoneNode bLockBone
BoolProperty: unknown FBoneNode bRemoveBone
BoolProperty: unknown FBoneNode bLockBone
BoolProperty: unknown FBoneNode bRemoveBone
BoolProperty: unknown FBoneNode bLockBone
BoolProperty: unknown FBoneNode bRemoveBone
BoolProperty: unknown FBoneNode bLockBone
BoolProperty: unknown FBoneNode bRemoveBone
BoolProperty: unknown FBoneNode bLockBone
BoolProperty: unknown FBoneNode bRemoveBone
BoolProperty: unknown FBoneNode bLockBone
BoolProperty: unknown FBoneNode bRemoveBone
BoolProperty: unknown FBoneNode bLockBone
BoolProperty: unknown FBoneNode bRemoveBone
BoolProperty: unknown FBoneNode bLockBone
BoolProperty: unknown FBoneNode bRemoveBone
BoolProperty: unknown FBoneNode bLockBone
BoolProperty: unknown FBoneNode bRemoveBone
BoolProperty: unknown FBoneNode bLockBone
BoolProperty: unknown FBoneNode bRemoveBone
BoolProperty: unknown FBoneNode bLockBone
BoolProperty: unknown FBoneNode bRemoveBone
BoolProperty: unknown FBoneNode bLockBone
BoolProperty: unknown FBoneNode bRemoveBone
BoolProperty: unknown FBoneNode bLockBone
BoolProperty: unknown FBoneNode bRemoveBone
BoolProperty: unknown FBoneNode bLockBone
BoolProperty: unknown FBoneNode bRemoveBone
BoolProperty: unknown FBoneNode bLockBone
BoolProperty: unknown FBoneNode bRemoveBone
BoolProperty: unknown FBoneNode bLockBone
BoolProperty: unknown FBoneNode bRemoveBone
BoolProperty: unknown FBoneNode bLockBone
BoolProperty: unknown FBoneNode bRemoveBone
BoolProperty: unknown FBoneNode bLockBone
BoolProperty: unknown FBoneNode bRemoveBone
Exporting objects ...
Exporting AnimSequence4 Liopleurodon-Aim-Dwn to C:/Users/Nez/Desktop/GitHub/Ark-Survival-Returns/.work/exports/actorx/PrimalEarth/Dinos/Liopleurodon/Animations/Liopleurodon-Aim-Dwn.psa
Memory: allocated 520555 bytes in 413 blocks
Loading AnimSequence4 Liopleurodon-Aim-Lft from package PrimalEarth/Dinos/Liopleurodon/Animations/Liopleurodon-Aim-Lft.uasset
Loading AnimSequence4 Liopleurodon-Idle from package PrimalEarth/Dinos/Liopleurodon/Animations/Liopleurodon-Idle.uasset
FloatProperty: unknown FAnimNotifyEvent DisplayTime
BoolProperty: unknown FAnimNotifyEvent bIgnoreOnDediServer
Loading Skeleton Liopleurodon_Skeleton from package PrimalEarth/Dinos/Liopleurodon/Liopleurodon_Skeleton.uasset
BoolProperty: unknown FBoneNode bLockBone
BoolProperty: unknown FBoneNode bRemoveBone
BoolProperty: unknown FBoneNode bLockBone
BoolProperty: unknown FBoneNode bRemoveBone
BoolProperty: unknown FBoneNode bLockBone
BoolProperty: unknown FBoneNode bRemoveBone
BoolProperty: unknown FBoneNode bLockBone
BoolProperty: unknown FBoneNode bRemoveBone
BoolProperty: unknown FBoneNode bLockBone
BoolProperty: unknown FBoneNode bRemoveBone
BoolProperty: unknown FBoneNode bLockBone
BoolProperty: unknown FBoneNode bRemoveBone
BoolProperty: unknown FBoneNode bLockBone
BoolProperty: unknown FBoneNode bRemoveBone
BoolProperty: unknown FBoneNode bLockBone
BoolProperty: unknown FBoneNode bRemoveBone
BoolProperty: unknown FBoneNode bLockBone
BoolProperty: unknown FBoneNode bRemoveBone
BoolProperty: unknown FBoneNode bLockBone
BoolProperty: unknown FBoneNode bRemoveBone
BoolProperty: unknown FBoneNode bLockBone
BoolProperty: unknown FBoneNode bRemoveBone
BoolProperty: unknown FBoneNode bLockBone
BoolProperty: unknown FBoneNode bRemoveBone
BoolProperty: unknown FBoneNode bLockBone
BoolProperty: unknown FBoneNode bRemoveBone
BoolProperty: unknown FBoneNode bLockBone
BoolProperty: unknown FBoneNode bRemoveBone
BoolProperty: unknown FBoneNode bLockBone
BoolProperty: unknown FBoneNode bRemoveBone
BoolProperty: unknown FBoneNode bLockBone
BoolProperty: unknown FBoneNode bRemoveBone
BoolProperty: unknown FBoneNode bLockBone
BoolProperty: unknown FBoneNode bRemoveBone
BoolProperty: unknown FBoneNode bLockBone
BoolProperty: unknown FBoneNode bRemoveBone
BoolProperty: unknown FBoneNode bLockBone
BoolProperty: unknown FBoneNode bRemoveBone
BoolProperty: unknown FBoneNode bLockBone
BoolProperty: unknown FBoneNode bRemoveBone
BoolProperty: unknown FBoneNode bLockBone
BoolProperty: unknown FBoneNode bRemoveBone
BoolProperty: unknown FBoneNode bLockBone
BoolProperty: unknown FBoneNode bRemoveBone
BoolProperty: unknown FBoneNode bLockBone
BoolProperty: unknown FBoneNode bRemoveBone
BoolProperty: unknown FBoneNode bLockBone
BoolProperty: unknown FBoneNode bRemoveBone
BoolProperty: unknown FBoneNode bLockBone
BoolProperty: unknown FBoneNode bRemoveBone
BoolProperty: unknown FBoneNode bLockBone
BoolProperty: unknown FBoneNode bRemoveBone
BoolProperty: unknown FBoneNode bLockBone
BoolProperty: unknown FBoneNode bRemoveBone
BoolProperty: unknown FBoneNode bLockBone
BoolProperty: unknown FBoneNode bRemoveBone
BoolProperty: unknown FBoneNode bLockBone
BoolProperty: unknown FBoneNode bRemoveBone
BoolProperty: unknown FBoneNode bLockBone
BoolProperty: unknown FBoneNode bRemoveBone
BoolProperty: unknown FBoneNode bLockBone
BoolProperty: unknown FBoneNode bRemoveBone
BoolProperty: unknown FBoneNode bLockBone
BoolProperty: unknown FBoneNode bRemoveBone
BoolProperty: unknown FBoneNode bLockBone
BoolProperty: unknown FBoneNode bRemoveBone
BoolProperty: unknown FBoneNode bLockBone
BoolProperty: unknown FBoneNode bRemoveBone
BoolProperty: unknown FBoneNode bLockBone
BoolProperty: unknown FBoneNode bRemoveBone
BoolProperty: unknown FBoneNode bLockBone
BoolProperty: unknown FBoneNode bRemoveBone
BoolProperty: unknown FBoneNode bLockBone
BoolProperty: unknown FBoneNode bRemoveBone
BoolProperty: unknown FBoneNode bLockBone
BoolProperty: unknown FBoneNode bRemoveBone
BoolProperty: unknown FBoneNode bLockBone
BoolProperty: unknown FBoneNode bRemoveBone
BoolProperty: unknown FBoneNode bLockBone
BoolProperty: unknown FBoneNode bRemoveBone
BoolProperty: unknown FBoneNode bLockBone
BoolProperty: unknown FBoneNode bRemoveBone
BoolProperty: unknown FBoneNode bLockBone
BoolProperty: unknown FBoneNode bRemoveBone
BoolProperty: unknown FBoneNode bLockBone
BoolProperty: unknown FBoneNode bRemoveBone
Exporting objects ...
Exporting AnimSequence4 Liopleurodon-Aim-Lft to C:/Users/Nez/Desktop/GitHub/Ark-Survival-Returns/.work/exports/actorx/PrimalEarth/Dinos/Liopleurodon/Animations/Liopleurodon-Aim-Lft.psa
Memory: allocated 532843 bytes in 416 blocks
Loading AnimSequence4 Liopleurodon-Aim-Rit from package PrimalEarth/Dinos/Liopleurodon/Animations/Liopleurodon-Aim-Rit.uasset
Loading AnimSequence4 Liopleurodon-Idle from package PrimalEarth/Dinos/Liopleurodon/Animations/Liopleurodon-Idle.uasset
FloatProperty: unknown FAnimNotifyEvent DisplayTime
BoolProperty: unknown FAnimNotifyEvent bIgnoreOnDediServer
Loading Skeleton Liopleurodon_Skeleton from package PrimalEarth/Dinos/Liopleurodon/Liopleurodon_Skeleton.uasset
BoolProperty: unknown FBoneNode bLockBone
BoolProperty: unknown FBoneNode bRemoveBone
BoolProperty: unknown FBoneNode bLockBone
BoolProperty: unknown FBoneNode bRemoveBone
BoolProperty: unknown FBoneNode bLockBone
BoolProperty: unknown FBoneNode bRemoveBone
BoolProperty: unknown FBoneNode bLockBone
BoolProperty: unknown FBoneNode bRemoveBone
BoolProperty: unknown FBoneNode bLockBone
BoolProperty: unknown FBoneNode bRemoveBone
BoolProperty: unknown FBoneNode bLockBone
BoolProperty: unknown FBoneNode bRemoveBone
BoolProperty: unknown FBoneNode bLockBone
BoolProperty: unknown FBoneNode bRemoveBone
BoolProperty: unknown FBoneNode bLockBone
BoolProperty: unknown FBoneNode bRemoveBone
BoolProperty: unknown FBoneNode bLockBone
BoolProperty: unknown FBoneNode bRemoveBone
BoolProperty: unknown FBoneNode bLockBone
BoolProperty: unknown FBoneNode bRemoveBone
BoolProperty: unknown FBoneNode bLockBone
BoolProperty: unknown FBoneNode bRemoveBone
BoolProperty: unknown FBoneNode bLockBone
BoolProperty: unknown FBoneNode bRemoveBone
BoolProperty: unknown FBoneNode bLockBone
BoolProperty: unknown FBoneNode bRemoveBone
BoolProperty: unknown FBoneNode bLockBone
BoolProperty: unknown FBoneNode bRemoveBone
BoolProperty: unknown FBoneNode bLockBone
BoolProperty: unknown FBoneNode bRemoveBone
BoolProperty: unknown FBoneNode bLockBone
BoolProperty: unknown FBoneNode bRemoveBone
BoolProperty: unknown FBoneNode bLockBone
BoolProperty: unknown FBoneNode bRemoveBone
BoolProperty: unknown FBoneNode bLockBone
BoolProperty: unknown FBoneNode bRemoveBone
BoolProperty: unknown FBoneNode bLockBone
BoolProperty: unknown FBoneNode bRemoveBone
BoolProperty: unknown FBoneNode bLockBone
BoolProperty: unknown FBoneNode bRemoveBone
BoolProperty: unknown FBoneNode bLockBone
BoolProperty: unknown FBoneNode bRemoveBone
BoolProperty: unknown FBoneNode bLockBone
BoolProperty: unknown FBoneNode bRemoveBone
BoolProperty: unknown FBoneNode bLockBone
BoolProperty: unknown FBoneNode bRemoveBone
BoolProperty: unknown FBoneNode bLockBone
BoolProperty: unknown FBoneNode bRemoveBone
BoolProperty: unknown FBoneNode bLockBone
BoolProperty: unknown FBoneNode bRemoveBone
BoolProperty: unknown FBoneNode bLockBone
BoolProperty: unknown FBoneNode bRemoveBone
BoolProperty: unknown FBoneNode bLockBone
BoolProperty: unknown FBoneNode bRemoveBone
BoolProperty: unknown FBoneNode bLockBone
BoolProperty: unknown FBoneNode bRemoveBone
BoolProperty: unknown FBoneNode bLockBone
BoolProperty: unknown FBoneNode bRemoveBone
BoolProperty: unknown FBoneNode bLockBone
BoolProperty: unknown FBoneNode bRemoveBone
BoolProperty: unknown FBoneNode bLockBone
BoolProperty: unknown FBoneNode bRemoveBone
BoolProperty: unknown FBoneNode bLockBone
BoolProperty: unknown FBoneNode bRemoveBone
BoolProperty: unknown FBoneNode bLockBone
BoolProperty: unknown FBoneNode bRemoveBone
BoolProperty: unknown FBoneNode bLockBone
BoolProperty: unknown FBoneNode bRemoveBone
BoolProperty: unknown FBoneNode bLockBone
BoolProperty: unknown FBoneNode bRemoveBone
BoolProperty: unknown FBoneNode bLockBone
BoolProperty: unknown FBoneNode bRemoveBone
BoolProperty: unknown FBoneNode bLockBone
BoolProperty: unknown FBoneNode bRemoveBone
BoolProperty: unknown FBoneNode bLockBone
BoolProperty: unknown FBoneNode bRemoveBone
BoolProperty: unknown FBoneNode bLockBone
BoolProperty: unknown FBoneNode bRemoveBone
BoolProperty: unknown FBoneNode bLockBone
BoolProperty: unknown FBoneNode bRemoveBone
BoolProperty: unknown FBoneNode bLockBone
BoolProperty: unknown FBoneNode bRemoveBone
BoolProperty: unknown FBoneNode bLockBone
BoolProperty: unknown FBoneNode bRemoveBone
BoolProperty: unknown FBoneNode bLockBone
BoolProperty: unknown FBoneNode bRemoveBone
Exporting objects ...
Exporting AnimSequence4 Liopleurodon-Aim-Rit to C:/Users/Nez/Desktop/GitHub/Ark-Survival-Returns/.work/exports/actorx/PrimalEarth/Dinos/Liopleurodon/Animations/Liopleurodon-Aim-Rit.psa
Memory: allocated 545131 bytes in 419 blocks
Loading AnimSequence4 Liopleurodon-Aim-Up-Lft from package PrimalEarth/Dinos/Liopleurodon/Animations/Liopleurodon-Aim-Up-Lft.uasset
Loading AnimSequence4 Liopleurodon-Idle from package PrimalEarth/Dinos/Liopleurodon/Animations/Liopleurodon-Idle.uasset
FloatProperty: unknown FAnimNotifyEvent DisplayTime
BoolProperty: unknown FAnimNotifyEvent bIgnoreOnDediServer
Loading Skeleton Liopleurodon_Skeleton from package PrimalEarth/Dinos/Liopleurodon/Liopleurodon_Skeleton.uasset
BoolProperty: unknown FBoneNode bLockBone
BoolProperty: unknown FBoneNode bRemoveBone
BoolProperty: unknown FBoneNode bLockBone
BoolProperty: unknown FBoneNode bRemoveBone
BoolProperty: unknown FBoneNode bLockBone
BoolProperty: unknown FBoneNode bRemoveBone
BoolProperty: unknown FBoneNode bLockBone
BoolProperty: unknown FBoneNode bRemoveBone
BoolProperty: unknown FBoneNode bLockBone
BoolProperty: unknown FBoneNode bRemoveBone
BoolProperty: unknown FBoneNode bLockBone
BoolProperty: unknown FBoneNode bRemoveBone
BoolProperty: unknown FBoneNode bLockBone
BoolProperty: unknown FBoneNode bRemoveBone
BoolProperty: unknown FBoneNode bLockBone
BoolProperty: unknown FBoneNode bRemoveBone
BoolProperty: unknown FBoneNode bLockBone
BoolProperty: unknown FBoneNode bRemoveBone
BoolProperty: unknown FBoneNode bLockBone
BoolProperty: unknown FBoneNode bRemoveBone
BoolProperty: unknown FBoneNode bLockBone
BoolProperty: unknown FBoneNode bRemoveBone
BoolProperty: unknown FBoneNode bLockBone
BoolProperty: unknown FBoneNode bRemoveBone
BoolProperty: unknown FBoneNode bLockBone
BoolProperty: unknown FBoneNode bRemoveBone
BoolProperty: unknown FBoneNode bLockBone
BoolProperty: unknown FBoneNode bRemoveBone
BoolProperty: unknown FBoneNode bLockBone
BoolProperty: unknown FBoneNode bRemoveBone
BoolProperty: unknown FBoneNode bLockBone
BoolProperty: unknown FBoneNode bRemoveBone
BoolProperty: unknown FBoneNode bLockBone
BoolProperty: unknown FBoneNode bRemoveBone
BoolProperty: unknown FBoneNode bLockBone
BoolProperty: unknown FBoneNode bRemoveBone
BoolProperty: unknown FBoneNode bLockBone
BoolProperty: unknown FBoneNode bRemoveBone
BoolProperty: unknown FBoneNode bLockBone
BoolProperty: unknown FBoneNode bRemoveBone
BoolProperty: unknown FBoneNode bLockBone
BoolProperty: unknown FBoneNode bRemoveBone
BoolProperty: unknown FBoneNode bLockBone
BoolProperty: unknown FBoneNode bRemoveBone
BoolProperty: unknown FBoneNode bLockBone
BoolProperty: unknown FBoneNode bRemoveBone
BoolProperty: unknown FBoneNode bLockBone
BoolProperty: unknown FBoneNode bRemoveBone
BoolProperty: unknown FBoneNode bLockBone
BoolProperty: unknown FBoneNode bRemoveBone
BoolProperty: unknown FBoneNode bLockBone
BoolProperty: unknown FBoneNode bRemoveBone
BoolProperty: unknown FBoneNode bLockBone
BoolProperty: unknown FBoneNode bRemoveBone
BoolProperty: unknown FBoneNode bLockBone
BoolProperty: unknown FBoneNode bRemoveBone
BoolProperty: unknown FBoneNode bLockBone
BoolProperty: unknown FBoneNode bRemoveBone
BoolProperty: unknown FBoneNode bLockBone
BoolProperty: unknown FBoneNode bRemoveBone
BoolProperty: unknown FBoneNode bLockBone
BoolProperty: unknown FBoneNode bRemoveBone
BoolProperty: unknown FBoneNode bLockBone
BoolProperty: unknown FBoneNode bRemoveBone
BoolProperty: unknown FBoneNode bLockBone
BoolProperty: unknown FBoneNode bRemoveBone
BoolProperty: unknown FBoneNode bLockBone
BoolProperty: unknown FBoneNode bRemoveBone
BoolProperty: unknown FBoneNode bLockBone
BoolProperty: unknown FBoneNode bRemoveBone
BoolProperty: unknown FBoneNode bLockBone
BoolProperty: unknown FBoneNode bRemoveBone
BoolProperty: unknown FBoneNode bLockBone
BoolProperty: unknown FBoneNode bRemoveBone
BoolProperty: unknown FBoneNode bLockBone
BoolProperty: unknown FBoneNode bRemoveBone
BoolProperty: unknown FBoneNode bLockBone
BoolProperty: unknown FBoneNode bRemoveBone
BoolProperty: unknown FBoneNode bLockBone
BoolProperty: unknown FBoneNode bRemoveBone
BoolProperty: unknown FBoneNode bLockBone
BoolProperty: unknown FBoneNode bRemoveBone
BoolProperty: unknown FBoneNode bLockBone
BoolProperty: unknown FBoneNode bRemoveBone
BoolProperty: unknown FBoneNode bLockBone
BoolProperty: unknown FBoneNode bRemoveBone
Exporting objects ...
Exporting AnimSequence4 Liopleurodon-Aim-Up-Lft to C:/Users/Nez/Desktop/GitHub/Ark-Survival-Returns/.work/exports/actorx/PrimalEarth/Dinos/Liopleurodon/Animations/Liopleurodon-Aim-Up-Lft.psa
Memory: allocated 557419 bytes in 422 blocks
Loading AnimSequence4 Liopleurodon-Aim-Up-Rit from package PrimalEarth/Dinos/Liopleurodon/Animations/Liopleurodon-Aim-Up-Rit.uasset
Loading AnimSequence4 Liopleurodon-Idle from package PrimalEarth/Dinos/Liopleurodon/Animations/Liopleurodon-Idle.uasset
FloatProperty: unknown FAnimNotifyEvent DisplayTime
BoolProperty: unknown FAnimNotifyEvent bIgnoreOnDediServer
Loading Skeleton Liopleurodon_Skeleton from package PrimalEarth/Dinos/Liopleurodon/Liopleurodon_Skeleton.uasset
BoolProperty: unknown FBoneNode bLockBone
BoolProperty: unknown FBoneNode bRemoveBone
BoolProperty: unknown FBoneNode bLockBone
BoolProperty: unknown FBoneNode bRemoveBone
BoolProperty: unknown FBoneNode bLockBone
BoolProperty: unknown FBoneNode bRemoveBone
BoolProperty: unknown FBoneNode bLockBone
BoolProperty: unknown FBoneNode bRemoveBone
BoolProperty: unknown FBoneNode bLockBone
BoolProperty: unknown FBoneNode bRemoveBone
BoolProperty: unknown FBoneNode bLockBone
BoolProperty: unknown FBoneNode bRemoveBone
BoolProperty: unknown FBoneNode bLockBone
BoolProperty: unknown FBoneNode bRemoveBone
BoolProperty: unknown FBoneNode bLockBone
BoolProperty: unknown FBoneNode bRemoveBone
BoolProperty: unknown FBoneNode bLockBone
BoolProperty: unknown FBoneNode bRemoveBone
BoolProperty: unknown FBoneNode bLockBone
BoolProperty: unknown FBoneNode bRemoveBone
BoolProperty: unknown FBoneNode bLockBone
BoolProperty: unknown FBoneNode bRemoveBone
BoolProperty: unknown FBoneNode bLockBone
BoolProperty: unknown FBoneNode bRemoveBone
BoolProperty: unknown FBoneNode bLockBone
BoolProperty: unknown FBoneNode bRemoveBone
BoolProperty: unknown FBoneNode bLockBone
BoolProperty: unknown FBoneNode bRemoveBone
BoolProperty: unknown FBoneNode bLockBone
BoolProperty: unknown FBoneNode bRemoveBone
BoolProperty: unknown FBoneNode bLockBone
BoolProperty: unknown FBoneNode bRemoveBone
BoolProperty: unknown FBoneNode bLockBone
BoolProperty: unknown FBoneNode bRemoveBone
BoolProperty: unknown FBoneNode bLockBone
BoolProperty: unknown FBoneNode bRemoveBone
BoolProperty: unknown FBoneNode bLockBone
BoolProperty: unknown FBoneNode bRemoveBone
BoolProperty: unknown FBoneNode bLockBone
BoolProperty: unknown FBoneNode bRemoveBone
BoolProperty: unknown FBoneNode bLockBone
BoolProperty: unknown FBoneNode bRemoveBone
BoolProperty: unknown FBoneNode bLockBone
BoolProperty: unknown FBoneNode bRemoveBone
BoolProperty: unknown FBoneNode bLockBone
BoolProperty: unknown FBoneNode bRemoveBone
BoolProperty: unknown FBoneNode bLockBone
BoolProperty: unknown FBoneNode bRemoveBone
BoolProperty: unknown FBoneNode bLockBone
BoolProperty: unknown FBoneNode bRemoveBone
BoolProperty: unknown FBoneNode bLockBone
BoolProperty: unknown FBoneNode bRemoveBone
BoolProperty: unknown FBoneNode bLockBone
BoolProperty: unknown FBoneNode bRemoveBone
BoolProperty: unknown FBoneNode bLockBone
BoolProperty: unknown FBoneNode bRemoveBone
BoolProperty: unknown FBoneNode bLockBone
BoolProperty: unknown FBoneNode bRemoveBone
BoolProperty: unknown FBoneNode bLockBone
BoolProperty: unknown FBoneNode bRemoveBone
BoolProperty: unknown FBoneNode bLockBone
BoolProperty: unknown FBoneNode bRemoveBone
BoolProperty: unknown FBoneNode bLockBone
BoolProperty: unknown FBoneNode bRemoveBone
BoolProperty: unknown FBoneNode bLockBone
BoolProperty: unknown FBoneNode bRemoveBone
BoolProperty: unknown FBoneNode bLockBone
BoolProperty: unknown FBoneNode bRemoveBone
BoolProperty: unknown FBoneNode bLockBone
BoolProperty: unknown FBoneNode bRemoveBone
BoolProperty: unknown FBoneNode bLockBone
BoolProperty: unknown FBoneNode bRemoveBone
BoolProperty: unknown FBoneNode bLockBone
BoolProperty: unknown FBoneNode bRemoveBone
BoolProperty: unknown FBoneNode bLockBone
BoolProperty: unknown FBoneNode bRemoveBone
BoolProperty: unknown FBoneNode bLockBone
BoolProperty: unknown FBoneNode bRemoveBone
BoolProperty: unknown FBoneNode bLockBone
BoolProperty: unknown FBoneNode bRemoveBone
BoolProperty: unknown FBoneNode bLockBone
BoolProperty: unknown FBoneNode bRemoveBone
BoolProperty: unknown FBoneNode bLockBone
BoolProperty: unknown FBoneNode bRemoveBone
BoolProperty: unknown FBoneNode bLockBone
BoolProperty: unknown FBoneNode bRemoveBone
Exporting objects ...
Exporting AnimSequence4 Liopleurodon-Aim-Up-Rit to C:/Users/Nez/Desktop/GitHub/Ark-Survival-Returns/.work/exports/actorx/PrimalEarth/Dinos/Liopleurodon/Animations/Liopleurodon-Aim-Up-Rit.psa
Memory: allocated 569707 bytes in 425 blocks
Loading AnimSequence4 Liopleurodon-Aim-Up from package PrimalEarth/Dinos/Liopleurodon/Animations/Liopleurodon-Aim-Up.uasset
Loading AnimSequence4 Liopleurodon-Idle from package PrimalEarth/Dinos/Liopleurodon/Animations/Liopleurodon-Idle.uasset
FloatProperty: unknown FAnimNotifyEvent DisplayTime
BoolProperty: unknown FAnimNotifyEvent bIgnoreOnDediServer
Loading Skeleton Liopleurodon_Skeleton from package PrimalEarth/Dinos/Liopleurodon/Liopleurodon_Skeleton.uasset
BoolProperty: unknown FBoneNode bLockBone
BoolProperty: unknown FBoneNode bRemoveBone
BoolProperty: unknown FBoneNode bLockBone
BoolProperty: unknown FBoneNode bRemoveBone
BoolProperty: unknown FBoneNode bLockBone
BoolProperty: unknown FBoneNode bRemoveBone
BoolProperty: unknown FBoneNode bLockBone
BoolProperty: unknown FBoneNode bRemoveBone
BoolProperty: unknown FBoneNode bLockBone
BoolProperty: unknown FBoneNode bRemoveBone
BoolProperty: unknown FBoneNode bLockBone
BoolProperty: unknown FBoneNode bRemoveBone
BoolProperty: unknown FBoneNode bLockBone
BoolProperty: unknown FBoneNode bRemoveBone
BoolProperty: unknown FBoneNode bLockBone
BoolProperty: unknown FBoneNode bRemoveBone
BoolProperty: unknown FBoneNode bLockBone
BoolProperty: unknown FBoneNode bRemoveBone
BoolProperty: unknown FBoneNode bLockBone
BoolProperty: unknown FBoneNode bRemoveBone
BoolProperty: unknown FBoneNode bLockBone
BoolProperty: unknown FBoneNode bRemoveBone
BoolProperty: unknown FBoneNode bLockBone
BoolProperty: unknown FBoneNode bRemoveBone
BoolProperty: unknown FBoneNode bLockBone
BoolProperty: unknown FBoneNode bRemoveBone
BoolProperty: unknown FBoneNode bLockBone
BoolProperty: unknown FBoneNode bRemoveBone
BoolProperty: unknown FBoneNode bLockBone
BoolProperty: unknown FBoneNode bRemoveBone
BoolProperty: unknown FBoneNode bLockBone
BoolProperty: unknown FBoneNode bRemoveBone
BoolProperty: unknown FBoneNode bLockBone
BoolProperty: unknown FBoneNode bRemoveBone
BoolProperty: unknown FBoneNode bLockBone
BoolProperty: unknown FBoneNode bRemoveBone
BoolProperty: unknown FBoneNode bLockBone
BoolProperty: unknown FBoneNode bRemoveBone
BoolProperty: unknown FBoneNode bLockBone
BoolProperty: unknown FBoneNode bRemoveBone
BoolProperty: unknown FBoneNode bLockBone
BoolProperty: unknown FBoneNode bRemoveBone
BoolProperty: unknown FBoneNode bLockBone
BoolProperty: unknown FBoneNode bRemoveBone
BoolProperty: unknown FBoneNode bLockBone
BoolProperty: unknown FBoneNode bRemoveBone
BoolProperty: unknown FBoneNode bLockBone
BoolProperty: unknown FBoneNode bRemoveBone
BoolProperty: unknown FBoneNode bLockBone
BoolProperty: unknown FBoneNode bRemoveBone
BoolProperty: unknown FBoneNode bLockBone
BoolProperty: unknown FBoneNode bRemoveBone
BoolProperty: unknown FBoneNode bLockBone
BoolProperty: unknown FBoneNode bRemoveBone
BoolProperty: unknown FBoneNode bLockBone
BoolProperty: unknown FBoneNode bRemoveBone
BoolProperty: unknown FBoneNode bLockBone
BoolProperty: unknown FBoneNode bRemoveBone
BoolProperty: unknown FBoneNode bLockBone
BoolProperty: unknown FBoneNode bRemoveBone
BoolProperty: unknown FBoneNode bLockBone
BoolProperty: unknown FBoneNode bRemoveBone
BoolProperty: unknown FBoneNode bLockBone
BoolProperty: unknown FBoneNode bRemoveBone
BoolProperty: unknown FBoneNode bLockBone
BoolProperty: unknown FBoneNode bRemoveBone
BoolProperty: unknown FBoneNode bLockBone
BoolProperty: unknown FBoneNode bRemoveBone
BoolProperty: unknown FBoneNode bLockBone
BoolProperty: unknown FBoneNode bRemoveBone
BoolProperty: unknown FBoneNode bLockBone
BoolProperty: unknown FBoneNode bRemoveBone
BoolProperty: unknown FBoneNode bLockBone
BoolProperty: unknown FBoneNode bRemoveBone
BoolProperty: unknown FBoneNode bLockBone
BoolProperty: unknown FBoneNode bRemoveBone
BoolProperty: unknown FBoneNode bLockBone
BoolProperty: unknown FBoneNode bRemoveBone
BoolProperty: unknown FBoneNode bLockBone
BoolProperty: unknown FBoneNode bRemoveBone
BoolProperty: unknown FBoneNode bLockBone
BoolProperty: unknown FBoneNode bRemoveBone
BoolProperty: unknown FBoneNode bLockBone
BoolProperty: unknown FBoneNode bRemoveBone
BoolProperty: unknown FBoneNode bLockBone
BoolProperty: unknown FBoneNode bRemoveBone
Exporting objects ...
Exporting AnimSequence4 Liopleurodon-Aim-Up to C:/Users/Nez/Desktop/GitHub/Ark-Survival-Returns/.work/exports/actorx/PrimalEarth/Dinos/Liopleurodon/Animations/Liopleurodon-Aim-Up.psa
Memory: allocated 581995 bytes in 428 blocks
Loading AnimSequence4 Liopleurodon-Attack-Chomp from package PrimalEarth/Dinos/Liopleurodon/Animations/Liopleurodon-Attack-Chomp.uasset
FloatProperty: unknown FAnimNotifyEvent DisplayTime
BoolProperty: unknown FAnimNotifyEvent bIgnoreOnDediServer
FloatProperty: unknown FAnimNotifyEvent DisplayTime
BoolProperty: unknown FAnimNotifyEvent bIgnoreOnDediServer
Loading AnimSequence4 Liopleurodon-Idle from package PrimalEarth/Dinos/Liopleurodon/Animations/Liopleurodon-Idle.uasset
FloatProperty: unknown FAnimNotifyEvent DisplayTime
BoolProperty: unknown FAnimNotifyEvent bIgnoreOnDediServer
Loading Skeleton Liopleurodon_Skeleton from package PrimalEarth/Dinos/Liopleurodon/Liopleurodon_Skeleton.uasset
BoolProperty: unknown FBoneNode bLockBone
BoolProperty: unknown FBoneNode bRemoveBone
BoolProperty: unknown FBoneNode bLockBone
BoolProperty: unknown FBoneNode bRemoveBone
BoolProperty: unknown FBoneNode bLockBone
BoolProperty: unknown FBoneNode bRemoveBone
BoolProperty: unknown FBoneNode bLockBone
BoolProperty: unknown FBoneNode bRemoveBone
BoolProperty: unknown FBoneNode bLockBone
BoolProperty: unknown FBoneNode bRemoveBone
BoolProperty: unknown FBoneNode bLockBone
BoolProperty: unknown FBoneNode bRemoveBone
BoolProperty: unknown FBoneNode bLockBone
BoolProperty: unknown FBoneNode bRemoveBone
BoolProperty: unknown FBoneNode bLockBone
BoolProperty: unknown FBoneNode bRemoveBone
BoolProperty: unknown FBoneNode bLockBone
BoolProperty: unknown FBoneNode bRemoveBone
BoolProperty: unknown FBoneNode bLockBone
BoolProperty: unknown FBoneNode bRemoveBone
BoolProperty: unknown FBoneNode bLockBone
BoolProperty: unknown FBoneNode bRemoveBone
BoolProperty: unknown FBoneNode bLockBone
BoolProperty: unknown FBoneNode bRemoveBone
BoolProperty: unknown FBoneNode bLockBone
BoolProperty: unknown FBoneNode bRemoveBone
BoolProperty: unknown FBoneNode bLockBone
BoolProperty: unknown FBoneNode bRemoveBone
BoolProperty: unknown FBoneNode bLockBone
BoolProperty: unknown FBoneNode bRemoveBone
BoolProperty: unknown FBoneNode bLockBone
BoolProperty: unknown FBoneNode bRemoveBone
BoolProperty: unknown FBoneNode bLockBone
BoolProperty: unknown FBoneNode bRemoveBone
BoolProperty: unknown FBoneNode bLockBone
BoolProperty: unknown FBoneNode bRemoveBone
BoolProperty: unknown FBoneNode bLockBone
BoolProperty: unknown FBoneNode bRemoveBone
BoolProperty: unknown FBoneNode bLockBone
BoolProperty: unknown FBoneNode bRemoveBone
BoolProperty: unknown FBoneNode bLockBone
BoolProperty: unknown FBoneNode bRemoveBone
BoolProperty: unknown FBoneNode bLockBone
BoolProperty: unknown FBoneNode bRemoveBone
BoolProperty: unknown FBoneNode bLockBone
BoolProperty: unknown FBoneNode bRemoveBone
BoolProperty: unknown FBoneNode bLockBone
BoolProperty: unknown FBoneNode bRemoveBone
BoolProperty: unknown FBoneNode bLockBone
BoolProperty: unknown FBoneNode bRemoveBone
BoolProperty: unknown FBoneNode bLockBone
BoolProperty: unknown FBoneNode bRemoveBone
BoolProperty: unknown FBoneNode bLockBone
BoolProperty: unknown FBoneNode bRemoveBone
BoolProperty: unknown FBoneNode bLockBone
BoolProperty: unknown FBoneNode bRemoveBone
BoolProperty: unknown FBoneNode bLockBone
BoolProperty: unknown FBoneNode bRemoveBone
BoolProperty: unknown FBoneNode bLockBone
BoolProperty: unknown FBoneNode bRemoveBone
BoolProperty: unknown FBoneNode bLockBone
BoolProperty: unknown FBoneNode bRemoveBone
BoolProperty: unknown FBoneNode bLockBone
BoolProperty: unknown FBoneNode bRemoveBone
BoolProperty: unknown FBoneNode bLockBone
BoolProperty: unknown FBoneNode bRemoveBone
BoolProperty: unknown FBoneNode bLockBone
BoolProperty: unknown FBoneNode bRemoveBone
BoolProperty: unknown FBoneNode bLockBone
BoolProperty: unknown FBoneNode bRemoveBone
BoolProperty: unknown FBoneNode bLockBone
BoolProperty: unknown FBoneNode bRemoveBone
BoolProperty: unknown FBoneNode bLockBone
BoolProperty: unknown FBoneNode bRemoveBone
BoolProperty: unknown FBoneNode bLockBone
BoolProperty: unknown FBoneNode bRemoveBone
BoolProperty: unknown FBoneNode bLockBone
BoolProperty: unknown FBoneNode bRemoveBone
BoolProperty: unknown FBoneNode bLockBone
BoolProperty: unknown FBoneNode bRemoveBone
BoolProperty: unknown FBoneNode bLockBone
BoolProperty: unknown FBoneNode bRemoveBone
BoolProperty: unknown FBoneNode bLockBone
BoolProperty: unknown FBoneNode bRemoveBone
BoolProperty: unknown FBoneNode bLockBone
BoolProperty: unknown FBoneNode bRemoveBone
Exporting objects ...
Exporting AnimSequence4 Liopleurodon-Attack-Chomp to C:/Users/Nez/Desktop/GitHub/Ark-Survival-Returns/.work/exports/actorx/PrimalEarth/Dinos/Liopleurodon/Animations/Liopleurodon-Attack-Chomp.psa
Memory: allocated 594283 bytes in 431 blocks
Loading AnimSequence4 Liopleurodon-Cuddle from package PrimalEarth/Dinos/Liopleurodon/Animations/Liopleurodon-Cuddle.uasset
FloatProperty: unknown FAnimNotifyEvent DisplayTime
BoolProperty: unknown FAnimNotifyEvent bIgnoreOnDediServer
Loading Skeleton Liopleurodon_Skeleton from package PrimalEarth/Dinos/Liopleurodon/Liopleurodon_Skeleton.uasset
BoolProperty: unknown FBoneNode bLockBone
BoolProperty: unknown FBoneNode bRemoveBone
BoolProperty: unknown FBoneNode bLockBone
BoolProperty: unknown FBoneNode bRemoveBone
BoolProperty: unknown FBoneNode bLockBone
BoolProperty: unknown FBoneNode bRemoveBone
BoolProperty: unknown FBoneNode bLockBone
BoolProperty: unknown FBoneNode bRemoveBone
BoolProperty: unknown FBoneNode bLockBone
BoolProperty: unknown FBoneNode bRemoveBone
BoolProperty: unknown FBoneNode bLockBone
BoolProperty: unknown FBoneNode bRemoveBone
BoolProperty: unknown FBoneNode bLockBone
BoolProperty: unknown FBoneNode bRemoveBone
BoolProperty: unknown FBoneNode bLockBone
BoolProperty: unknown FBoneNode bRemoveBone
BoolProperty: unknown FBoneNode bLockBone
BoolProperty: unknown FBoneNode bRemoveBone
BoolProperty: unknown FBoneNode bLockBone
BoolProperty: unknown FBoneNode bRemoveBone
BoolProperty: unknown FBoneNode bLockBone
BoolProperty: unknown FBoneNode bRemoveBone
BoolProperty: unknown FBoneNode bLockBone
BoolProperty: unknown FBoneNode bRemoveBone
BoolProperty: unknown FBoneNode bLockBone
BoolProperty: unknown FBoneNode bRemoveBone
BoolProperty: unknown FBoneNode bLockBone
BoolProperty: unknown FBoneNode bRemoveBone
BoolProperty: unknown FBoneNode bLockBone
BoolProperty: unknown FBoneNode bRemoveBone
BoolProperty: unknown FBoneNode bLockBone
BoolProperty: unknown FBoneNode bRemoveBone
BoolProperty: unknown FBoneNode bLockBone
BoolProperty: unknown FBoneNode bRemoveBone
BoolProperty: unknown FBoneNode bLockBone
BoolProperty: unknown FBoneNode bRemoveBone
BoolProperty: unknown FBoneNode bLockBone
BoolProperty: unknown FBoneNode bRemoveBone
BoolProperty: unknown FBoneNode bLockBone
BoolProperty: unknown FBoneNode bRemoveBone
BoolProperty: unknown FBoneNode bLockBone
BoolProperty: unknown FBoneNode bRemoveBone
BoolProperty: unknown FBoneNode bLockBone
BoolProperty: unknown FBoneNode bRemoveBone
BoolProperty: unknown FBoneNode bLockBone
BoolProperty: unknown FBoneNode bRemoveBone
BoolProperty: unknown FBoneNode bLockBone
BoolProperty: unknown FBoneNode bRemoveBone
BoolProperty: unknown FBoneNode bLockBone
BoolProperty: unknown FBoneNode bRemoveBone
BoolProperty: unknown FBoneNode bLockBone
BoolProperty: unknown FBoneNode bRemoveBone
BoolProperty: unknown FBoneNode bLockBone
BoolProperty: unknown FBoneNode bRemoveBone
BoolProperty: unknown FBoneNode bLockBone
BoolProperty: unknown FBoneNode bRemoveBone
BoolProperty: unknown FBoneNode bLockBone
BoolProperty: unknown FBoneNode bRemoveBone
BoolProperty: unknown FBoneNode bLockBone
BoolProperty: unknown FBoneNode bRemoveBone
BoolProperty: unknown FBoneNode bLockBone
BoolProperty: unknown FBoneNode bRemoveBone
BoolProperty: unknown FBoneNode bLockBone
BoolProperty: unknown FBoneNode bRemoveBone
BoolProperty: unknown FBoneNode bLockBone
BoolProperty: unknown FBoneNode bRemoveBone
BoolProperty: unknown FBoneNode bLockBone
BoolProperty: unknown FBoneNode bRemoveBone
BoolProperty: unknown FBoneNode bLockBone
BoolProperty: unknown FBoneNode bRemoveBone
BoolProperty: unknown FBoneNode bLockBone
BoolProperty: unknown FBoneNode bRemoveBone
BoolProperty: unknown FBoneNode bLockBone
BoolProperty: unknown FBoneNode bRemoveBone
BoolProperty: unknown FBoneNode bLockBone
BoolProperty: unknown FBoneNode bRemoveBone
BoolProperty: unknown FBoneNode bLockBone
BoolProperty: unknown FBoneNode bRemoveBone
BoolProperty: unknown FBoneNode bLockBone
BoolProperty: unknown FBoneNode bRemoveBone
BoolProperty: unknown FBoneNode bLockBone
BoolProperty: unknown FBoneNode bRemoveBone
BoolProperty: unknown FBoneNode bLockBone
BoolProperty: unknown FBoneNode bRemoveBone
BoolProperty: unknown FBoneNode bLockBone
BoolProperty: unknown FBoneNode bRemoveBone
Exporting objects ...
Exporting AnimSequence4 Liopleurodon-Cuddle to C:/Users/Nez/Desktop/GitHub/Ark-Survival-Returns/.work/exports/actorx/PrimalEarth/Dinos/Liopleurodon/Animations/Liopleurodon-Cuddle.psa
Memory: allocated 606571 bytes in 434 blocks
Loading AnimSequence4 Liopleurodon-Hurt-Big from package PrimalEarth/Dinos/Liopleurodon/Animations/Liopleurodon-Hurt-Big.uasset
Loading AnimSequence4 Liopleurodon-Idle from package PrimalEarth/Dinos/Liopleurodon/Animations/Liopleurodon-Idle.uasset
FloatProperty: unknown FAnimNotifyEvent DisplayTime
BoolProperty: unknown FAnimNotifyEvent bIgnoreOnDediServer
Loading Skeleton Liopleurodon_Skeleton from package PrimalEarth/Dinos/Liopleurodon/Liopleurodon_Skeleton.uasset
BoolProperty: unknown FBoneNode bLockBone
BoolProperty: unknown FBoneNode bRemoveBone
BoolProperty: unknown FBoneNode bLockBone
BoolProperty: unknown FBoneNode bRemoveBone
BoolProperty: unknown FBoneNode bLockBone
BoolProperty: unknown FBoneNode bRemoveBone
BoolProperty: unknown FBoneNode bLockBone
BoolProperty: unknown FBoneNode bRemoveBone
BoolProperty: unknown FBoneNode bLockBone
BoolProperty: unknown FBoneNode bRemoveBone
BoolProperty: unknown FBoneNode bLockBone
BoolProperty: unknown FBoneNode bRemoveBone
BoolProperty: unknown FBoneNode bLockBone
BoolProperty: unknown FBoneNode bRemoveBone
BoolProperty: unknown FBoneNode bLockBone
BoolProperty: unknown FBoneNode bRemoveBone
BoolProperty: unknown FBoneNode bLockBone
BoolProperty: unknown FBoneNode bRemoveBone
BoolProperty: unknown FBoneNode bLockBone
BoolProperty: unknown FBoneNode bRemoveBone
BoolProperty: unknown FBoneNode bLockBone
BoolProperty: unknown FBoneNode bRemoveBone
BoolProperty: unknown FBoneNode bLockBone
BoolProperty: unknown FBoneNode bRemoveBone
BoolProperty: unknown FBoneNode bLockBone
BoolProperty: unknown FBoneNode bRemoveBone
BoolProperty: unknown FBoneNode bLockBone
BoolProperty: unknown FBoneNode bRemoveBone
BoolProperty: unknown FBoneNode bLockBone
BoolProperty: unknown FBoneNode bRemoveBone
BoolProperty: unknown FBoneNode bLockBone
BoolProperty: unknown FBoneNode bRemoveBone
BoolProperty: unknown FBoneNode bLockBone
BoolProperty: unknown FBoneNode bRemoveBone
BoolProperty: unknown FBoneNode bLockBone
BoolProperty: unknown FBoneNode bRemoveBone
BoolProperty: unknown FBoneNode bLockBone
BoolProperty: unknown FBoneNode bRemoveBone
BoolProperty: unknown FBoneNode bLockBone
BoolProperty: unknown FBoneNode bRemoveBone
BoolProperty: unknown FBoneNode bLockBone
BoolProperty: unknown FBoneNode bRemoveBone
BoolProperty: unknown FBoneNode bLockBone
BoolProperty: unknown FBoneNode bRemoveBone
BoolProperty: unknown FBoneNode bLockBone
BoolProperty: unknown FBoneNode bRemoveBone
BoolProperty: unknown FBoneNode bLockBone
BoolProperty: unknown FBoneNode bRemoveBone
BoolProperty: unknown FBoneNode bLockBone
BoolProperty: unknown FBoneNode bRemoveBone
BoolProperty: unknown FBoneNode bLockBone
BoolProperty: unknown FBoneNode bRemoveBone
BoolProperty: unknown FBoneNode bLockBone
BoolProperty: unknown FBoneNode bRemoveBone
BoolProperty: unknown FBoneNode bLockBone
BoolProperty: unknown FBoneNode bRemoveBone
BoolProperty: unknown FBoneNode bLockBone
BoolProperty: unknown FBoneNode bRemoveBone
BoolProperty: unknown FBoneNode bLockBone
BoolProperty: unknown FBoneNode bRemoveBone
BoolProperty: unknown FBoneNode bLockBone
BoolProperty: unknown FBoneNode bRemoveBone
BoolProperty: unknown FBoneNode bLockBone
BoolProperty: unknown FBoneNode bRemoveBone
BoolProperty: unknown FBoneNode bLockBone
BoolProperty: unknown FBoneNode bRemoveBone
BoolProperty: unknown FBoneNode bLockBone
BoolProperty: unknown FBoneNode bRemoveBone
BoolProperty: unknown FBoneNode bLockBone
BoolProperty: unknown FBoneNode bRemoveBone
BoolProperty: unknown FBoneNode bLockBone
BoolProperty: unknown FBoneNode bRemoveBone
BoolProperty: unknown FBoneNode bLockBone
BoolProperty: unknown FBoneNode bRemoveBone
BoolProperty: unknown FBoneNode bLockBone
BoolProperty: unknown FBoneNode bRemoveBone
BoolProperty: unknown FBoneNode bLockBone
BoolProperty: unknown FBoneNode bRemoveBone
BoolProperty: unknown FBoneNode bLockBone
BoolProperty: unknown FBoneNode bRemoveBone
BoolProperty: unknown FBoneNode bLockBone
BoolProperty: unknown FBoneNode bRemoveBone
BoolProperty: unknown FBoneNode bLockBone
BoolProperty: unknown FBoneNode bRemoveBone
BoolProperty: unknown FBoneNode bLockBone
BoolProperty: unknown FBoneNode bRemoveBone
Exporting objects ...
Exporting AnimSequence4 Liopleurodon-Hurt-Big to C:/Users/Nez/Desktop/GitHub/Ark-Survival-Returns/.work/exports/actorx/PrimalEarth/Dinos/Liopleurodon/Animations/Liopleurodon-Hurt-Big.psa
Memory: allocated 618859 bytes in 437 blocks
Loading AnimSequence4 Liopleurodon-Idle from package PrimalEarth/Dinos/Liopleurodon/Animations/Liopleurodon-Idle.uasset
FloatProperty: unknown FAnimNotifyEvent DisplayTime
BoolProperty: unknown FAnimNotifyEvent bIgnoreOnDediServer
Loading Skeleton Liopleurodon_Skeleton from package PrimalEarth/Dinos/Liopleurodon/Liopleurodon_Skeleton.uasset
BoolProperty: unknown FBoneNode bLockBone
BoolProperty: unknown FBoneNode bRemoveBone
BoolProperty: unknown FBoneNode bLockBone
BoolProperty: unknown FBoneNode bRemoveBone
BoolProperty: unknown FBoneNode bLockBone
BoolProperty: unknown FBoneNode bRemoveBone
BoolProperty: unknown FBoneNode bLockBone
BoolProperty: unknown FBoneNode bRemoveBone
BoolProperty: unknown FBoneNode bLockBone
BoolProperty: unknown FBoneNode bRemoveBone
BoolProperty: unknown FBoneNode bLockBone
BoolProperty: unknown FBoneNode bRemoveBone
BoolProperty: unknown FBoneNode bLockBone
BoolProperty: unknown FBoneNode bRemoveBone
BoolProperty: unknown FBoneNode bLockBone
BoolProperty: unknown FBoneNode bRemoveBone
BoolProperty: unknown FBoneNode bLockBone
BoolProperty: unknown FBoneNode bRemoveBone
BoolProperty: unknown FBoneNode bLockBone
BoolProperty: unknown FBoneNode bRemoveBone
BoolProperty: unknown FBoneNode bLockBone
BoolProperty: unknown FBoneNode bRemoveBone
BoolProperty: unknown FBoneNode bLockBone
BoolProperty: unknown FBoneNode bRemoveBone
BoolProperty: unknown FBoneNode bLockBone
BoolProperty: unknown FBoneNode bRemoveBone
BoolProperty: unknown FBoneNode bLockBone
BoolProperty: unknown FBoneNode bRemoveBone
BoolProperty: unknown FBoneNode bLockBone
BoolProperty: unknown FBoneNode bRemoveBone
BoolProperty: unknown FBoneNode bLockBone
BoolProperty: unknown FBoneNode bRemoveBone
BoolProperty: unknown FBoneNode bLockBone
BoolProperty: unknown FBoneNode bRemoveBone
BoolProperty: unknown FBoneNode bLockBone
BoolProperty: unknown FBoneNode bRemoveBone
BoolProperty: unknown FBoneNode bLockBone
BoolProperty: unknown FBoneNode bRemoveBone
BoolProperty: unknown FBoneNode bLockBone
BoolProperty: unknown FBoneNode bRemoveBone
BoolProperty: unknown FBoneNode bLockBone
BoolProperty: unknown FBoneNode bRemoveBone
BoolProperty: unknown FBoneNode bLockBone
BoolProperty: unknown FBoneNode bRemoveBone
BoolProperty: unknown FBoneNode bLockBone
BoolProperty: unknown FBoneNode bRemoveBone
BoolProperty: unknown FBoneNode bLockBone
BoolProperty: unknown FBoneNode bRemoveBone
BoolProperty: unknown FBoneNode bLockBone
BoolProperty: unknown FBoneNode bRemoveBone
BoolProperty: unknown FBoneNode bLockBone
BoolProperty: unknown FBoneNode bRemoveBone
BoolProperty: unknown FBoneNode bLockBone
BoolProperty: unknown FBoneNode bRemoveBone
BoolProperty: unknown FBoneNode bLockBone
BoolProperty: unknown FBoneNode bRemoveBone
BoolProperty: unknown FBoneNode bLockBone
BoolProperty: unknown FBoneNode bRemoveBone
BoolProperty: unknown FBoneNode bLockBone
BoolProperty: unknown FBoneNode bRemoveBone
BoolProperty: unknown FBoneNode bLockBone
BoolProperty: unknown FBoneNode bRemoveBone
BoolProperty: unknown FBoneNode bLockBone
BoolProperty: unknown FBoneNode bRemoveBone
BoolProperty: unknown FBoneNode bLockBone
BoolProperty: unknown FBoneNode bRemoveBone
BoolProperty: unknown FBoneNode bLockBone
BoolProperty: unknown FBoneNode bRemoveBone
BoolProperty: unknown FBoneNode bLockBone
BoolProperty: unknown FBoneNode bRemoveBone
BoolProperty: unknown FBoneNode bLockBone
BoolProperty: unknown FBoneNode bRemoveBone
BoolProperty: unknown FBoneNode bLockBone
BoolProperty: unknown FBoneNode bRemoveBone
BoolProperty: unknown FBoneNode bLockBone
BoolProperty: unknown FBoneNode bRemoveBone
BoolProperty: unknown FBoneNode bLockBone
BoolProperty: unknown FBoneNode bRemoveBone
BoolProperty: unknown FBoneNode bLockBone
BoolProperty: unknown FBoneNode bRemoveBone
BoolProperty: unknown FBoneNode bLockBone
BoolProperty: unknown FBoneNode bRemoveBone
BoolProperty: unknown FBoneNode bLockBone
BoolProperty: unknown FBoneNode bRemoveBone
BoolProperty: unknown FBoneNode bLockBone
BoolProperty: unknown FBoneNode bRemoveBone
Exporting objects ...
Loading AnimSequence4 Liopleurodon-Spin from package PrimalEarth/Dinos/Liopleurodon/Animations/Liopleurodon-Spin.uasset
FloatProperty: unknown FAnimNotifyEvent DisplayTime
BoolProperty: unknown FAnimNotifyEvent bIgnoreOnDediServer
FloatProperty: unknown FAnimNotifyEvent DisplayTime
BoolProperty: unknown FAnimNotifyEvent bIgnoreOnDediServer
Loading Skeleton Liopleurodon_Skeleton from package PrimalEarth/Dinos/Liopleurodon/Liopleurodon_Skeleton.uasset
BoolProperty: unknown FBoneNode bLockBone
BoolProperty: unknown FBoneNode bRemoveBone
BoolProperty: unknown FBoneNode bLockBone
BoolProperty: unknown FBoneNode bRemoveBone
BoolProperty: unknown FBoneNode bLockBone
BoolProperty: unknown FBoneNode bRemoveBone
BoolProperty: unknown FBoneNode bLockBone
BoolProperty: unknown FBoneNode bRemoveBone
BoolProperty: unknown FBoneNode bLockBone
BoolProperty: unknown FBoneNode bRemoveBone
BoolProperty: unknown FBoneNode bLockBone
BoolProperty: unknown FBoneNode bRemoveBone
BoolProperty: unknown FBoneNode bLockBone
BoolProperty: unknown FBoneNode bRemoveBone
BoolProperty: unknown FBoneNode bLockBone
BoolProperty: unknown FBoneNode bRemoveBone
BoolProperty: unknown FBoneNode bLockBone
BoolProperty: unknown FBoneNode bRemoveBone
BoolProperty: unknown FBoneNode bLockBone
BoolProperty: unknown FBoneNode bRemoveBone
BoolProperty: unknown FBoneNode bLockBone
BoolProperty: unknown FBoneNode bRemoveBone
BoolProperty: unknown FBoneNode bLockBone
BoolProperty: unknown FBoneNode bRemoveBone
BoolProperty: unknown FBoneNode bLockBone
BoolProperty: unknown FBoneNode bRemoveBone
BoolProperty: unknown FBoneNode bLockBone
BoolProperty: unknown FBoneNode bRemoveBone
BoolProperty: unknown FBoneNode bLockBone
BoolProperty: unknown FBoneNode bRemoveBone
BoolProperty: unknown FBoneNode bLockBone
BoolProperty: unknown FBoneNode bRemoveBone
BoolProperty: unknown FBoneNode bLockBone
BoolProperty: unknown FBoneNode bRemoveBone
BoolProperty: unknown FBoneNode bLockBone
BoolProperty: unknown FBoneNode bRemoveBone
BoolProperty: unknown FBoneNode bLockBone
BoolProperty: unknown FBoneNode bRemoveBone
BoolProperty: unknown FBoneNode bLockBone
BoolProperty: unknown FBoneNode bRemoveBone
BoolProperty: unknown FBoneNode bLockBone
BoolProperty: unknown FBoneNode bRemoveBone
BoolProperty: unknown FBoneNode bLockBone
BoolProperty: unknown FBoneNode bRemoveBone
BoolProperty: unknown FBoneNode bLockBone
BoolProperty: unknown FBoneNode bRemoveBone
BoolProperty: unknown FBoneNode bLockBone
BoolProperty: unknown FBoneNode bRemoveBone
BoolProperty: unknown FBoneNode bLockBone
BoolProperty: unknown FBoneNode bRemoveBone
BoolProperty: unknown FBoneNode bLockBone
BoolProperty: unknown FBoneNode bRemoveBone
BoolProperty: unknown FBoneNode bLockBone
BoolProperty: unknown FBoneNode bRemoveBone
BoolProperty: unknown FBoneNode bLockBone
BoolProperty: unknown FBoneNode bRemoveBone
BoolProperty: unknown FBoneNode bLockBone
BoolProperty: unknown FBoneNode bRemoveBone
BoolProperty: unknown FBoneNode bLockBone
BoolProperty: unknown FBoneNode bRemoveBone
BoolProperty: unknown FBoneNode bLockBone
BoolProperty: unknown FBoneNode bRemoveBone
BoolProperty: unknown FBoneNode bLockBone
BoolProperty: unknown FBoneNode bRemoveBone
BoolProperty: unknown FBoneNode bLockBone
BoolProperty: unknown FBoneNode bRemoveBone
BoolProperty: unknown FBoneNode bLockBone
BoolProperty: unknown FBoneNode bRemoveBone
BoolProperty: unknown FBoneNode bLockBone
BoolProperty: unknown FBoneNode bRemoveBone
BoolProperty: unknown FBoneNode bLockBone
BoolProperty: unknown FBoneNode bRemoveBone
BoolProperty: unknown FBoneNode bLockBone
BoolProperty: unknown FBoneNode bRemoveBone
BoolProperty: unknown FBoneNode bLockBone
BoolProperty: unknown FBoneNode bRemoveBone
BoolProperty: unknown FBoneNode bLockBone
BoolProperty: unknown FBoneNode bRemoveBone
BoolProperty: unknown FBoneNode bLockBone
BoolProperty: unknown FBoneNode bRemoveBone
BoolProperty: unknown FBoneNode bLockBone
BoolProperty: unknown FBoneNode bRemoveBone
BoolProperty: unknown FBoneNode bLockBone
BoolProperty: unknown FBoneNode bRemoveBone
BoolProperty: unknown FBoneNode bLockBone
BoolProperty: unknown FBoneNode bRemoveBone
Exporting objects ...
Exporting AnimSequence4 Liopleurodon-Spin to C:/Users/Nez/Desktop/GitHub/Ark-Survival-Returns/.work/exports/actorx/PrimalEarth/Dinos/Liopleurodon/Animations/Liopleurodon-Spin.psa
Memory: allocated 631147 bytes in 440 blocks
Loading AnimSequence4 Liopleurodon-Swim-Charge-Fwd from package PrimalEarth/Dinos/Liopleurodon/Animations/Liopleurodon-Swim-Charge-Fwd.uasset
FloatProperty: unknown FAnimNotifyEvent DisplayTime
BoolProperty: unknown FAnimNotifyEvent bIgnoreOnDediServer
FloatProperty: unknown FAnimNotifyEvent DisplayTime
BoolProperty: unknown FAnimNotifyEvent bIgnoreOnDediServer
Loading Skeleton Liopleurodon_Skeleton from package PrimalEarth/Dinos/Liopleurodon/Liopleurodon_Skeleton.uasset
BoolProperty: unknown FBoneNode bLockBone
BoolProperty: unknown FBoneNode bRemoveBone
BoolProperty: unknown FBoneNode bLockBone
BoolProperty: unknown FBoneNode bRemoveBone
BoolProperty: unknown FBoneNode bLockBone
BoolProperty: unknown FBoneNode bRemoveBone
BoolProperty: unknown FBoneNode bLockBone
BoolProperty: unknown FBoneNode bRemoveBone
BoolProperty: unknown FBoneNode bLockBone
BoolProperty: unknown FBoneNode bRemoveBone
BoolProperty: unknown FBoneNode bLockBone
BoolProperty: unknown FBoneNode bRemoveBone
BoolProperty: unknown FBoneNode bLockBone
BoolProperty: unknown FBoneNode bRemoveBone
BoolProperty: unknown FBoneNode bLockBone
BoolProperty: unknown FBoneNode bRemoveBone
BoolProperty: unknown FBoneNode bLockBone
BoolProperty: unknown FBoneNode bRemoveBone
BoolProperty: unknown FBoneNode bLockBone
BoolProperty: unknown FBoneNode bRemoveBone
BoolProperty: unknown FBoneNode bLockBone
BoolProperty: unknown FBoneNode bRemoveBone
BoolProperty: unknown FBoneNode bLockBone
BoolProperty: unknown FBoneNode bRemoveBone
BoolProperty: unknown FBoneNode bLockBone
BoolProperty: unknown FBoneNode bRemoveBone
BoolProperty: unknown FBoneNode bLockBone
BoolProperty: unknown FBoneNode bRemoveBone
BoolProperty: unknown FBoneNode bLockBone
BoolProperty: unknown FBoneNode bRemoveBone
BoolProperty: unknown FBoneNode bLockBone
BoolProperty: unknown FBoneNode bRemoveBone
BoolProperty: unknown FBoneNode bLockBone
BoolProperty: unknown FBoneNode bRemoveBone
BoolProperty: unknown FBoneNode bLockBone
BoolProperty: unknown FBoneNode bRemoveBone
BoolProperty: unknown FBoneNode bLockBone
BoolProperty: unknown FBoneNode bRemoveBone
BoolProperty: unknown FBoneNode bLockBone
BoolProperty: unknown FBoneNode bRemoveBone
BoolProperty: unknown FBoneNode bLockBone
BoolProperty: unknown FBoneNode bRemoveBone
BoolProperty: unknown FBoneNode bLockBone
BoolProperty: unknown FBoneNode bRemoveBone
BoolProperty: unknown FBoneNode bLockBone
BoolProperty: unknown FBoneNode bRemoveBone
BoolProperty: unknown FBoneNode bLockBone
BoolProperty: unknown FBoneNode bRemoveBone
BoolProperty: unknown FBoneNode bLockBone
BoolProperty: unknown FBoneNode bRemoveBone
BoolProperty: unknown FBoneNode bLockBone
BoolProperty: unknown FBoneNode bRemoveBone
BoolProperty: unknown FBoneNode bLockBone
BoolProperty: unknown FBoneNode bRemoveBone
BoolProperty: unknown FBoneNode bLockBone
BoolProperty: unknown FBoneNode bRemoveBone
BoolProperty: unknown FBoneNode bLockBone
BoolProperty: unknown FBoneNode bRemoveBone
BoolProperty: unknown FBoneNode bLockBone
BoolProperty: unknown FBoneNode bRemoveBone
BoolProperty: unknown FBoneNode bLockBone
BoolProperty: unknown FBoneNode bRemoveBone
BoolProperty: unknown FBoneNode bLockBone
BoolProperty: unknown FBoneNode bRemoveBone
BoolProperty: unknown FBoneNode bLockBone
BoolProperty: unknown FBoneNode bRemoveBone
BoolProperty: unknown FBoneNode bLockBone
BoolProperty: unknown FBoneNode bRemoveBone
BoolProperty: unknown FBoneNode bLockBone
BoolProperty: unknown FBoneNode bRemoveBone
BoolProperty: unknown FBoneNode bLockBone
BoolProperty: unknown FBoneNode bRemoveBone
BoolProperty: unknown FBoneNode bLockBone
BoolProperty: unknown FBoneNode bRemoveBone
BoolProperty: unknown FBoneNode bLockBone
BoolProperty: unknown FBoneNode bRemoveBone
BoolProperty: unknown FBoneNode bLockBone
BoolProperty: unknown FBoneNode bRemoveBone
BoolProperty: unknown FBoneNode bLockBone
BoolProperty: unknown FBoneNode bRemoveBone
BoolProperty: unknown FBoneNode bLockBone
BoolProperty: unknown FBoneNode bRemoveBone
BoolProperty: unknown FBoneNode bLockBone
BoolProperty: unknown FBoneNode bRemoveBone
BoolProperty: unknown FBoneNode bLockBone
BoolProperty: unknown FBoneNode bRemoveBone
Exporting objects ...
Exporting AnimSequence4 Liopleurodon-Swim-Charge-Fwd to C:/Users/Nez/Desktop/GitHub/Ark-Survival-Returns/.work/exports/actorx/PrimalEarth/Dinos/Liopleurodon/Animations/Liopleurodon-Swim-Charge-Fwd.psa
Memory: allocated 643435 bytes in 443 blocks
Loading AnimSequence4 Liopleurodon-Swim-Charge-Lft from package PrimalEarth/Dinos/Liopleurodon/Animations/Liopleurodon-Swim-Charge-Lft.uasset
FloatProperty: unknown FAnimNotifyEvent DisplayTime
BoolProperty: unknown FAnimNotifyEvent bIgnoreOnDediServer
FloatProperty: unknown FAnimNotifyEvent DisplayTime
BoolProperty: unknown FAnimNotifyEvent bIgnoreOnDediServer
Loading Skeleton Liopleurodon_Skeleton from package PrimalEarth/Dinos/Liopleurodon/Liopleurodon_Skeleton.uasset
BoolProperty: unknown FBoneNode bLockBone
BoolProperty: unknown FBoneNode bRemoveBone
BoolProperty: unknown FBoneNode bLockBone
BoolProperty: unknown FBoneNode bRemoveBone
BoolProperty: unknown FBoneNode bLockBone
BoolProperty: unknown FBoneNode bRemoveBone
BoolProperty: unknown FBoneNode bLockBone
BoolProperty: unknown FBoneNode bRemoveBone
BoolProperty: unknown FBoneNode bLockBone
BoolProperty: unknown FBoneNode bRemoveBone
BoolProperty: unknown FBoneNode bLockBone
BoolProperty: unknown FBoneNode bRemoveBone
BoolProperty: unknown FBoneNode bLockBone
BoolProperty: unknown FBoneNode bRemoveBone
BoolProperty: unknown FBoneNode bLockBone
BoolProperty: unknown FBoneNode bRemoveBone
BoolProperty: unknown FBoneNode bLockBone
BoolProperty: unknown FBoneNode bRemoveBone
BoolProperty: unknown FBoneNode bLockBone
BoolProperty: unknown FBoneNode bRemoveBone
BoolProperty: unknown FBoneNode bLockBone
BoolProperty: unknown FBoneNode bRemoveBone
BoolProperty: unknown FBoneNode bLockBone
BoolProperty: unknown FBoneNode bRemoveBone
BoolProperty: unknown FBoneNode bLockBone
BoolProperty: unknown FBoneNode bRemoveBone
BoolProperty: unknown FBoneNode bLockBone
BoolProperty: unknown FBoneNode bRemoveBone
BoolProperty: unknown FBoneNode bLockBone
BoolProperty: unknown FBoneNode bRemoveBone
BoolProperty: unknown FBoneNode bLockBone
BoolProperty: unknown FBoneNode bRemoveBone
BoolProperty: unknown FBoneNode bLockBone
BoolProperty: unknown FBoneNode bRemoveBone
BoolProperty: unknown FBoneNode bLockBone
BoolProperty: unknown FBoneNode bRemoveBone
BoolProperty: unknown FBoneNode bLockBone
BoolProperty: unknown FBoneNode bRemoveBone
BoolProperty: unknown FBoneNode bLockBone
BoolProperty: unknown FBoneNode bRemoveBone
BoolProperty: unknown FBoneNode bLockBone
BoolProperty: unknown FBoneNode bRemoveBone
BoolProperty: unknown FBoneNode bLockBone
BoolProperty: unknown FBoneNode bRemoveBone
BoolProperty: unknown FBoneNode bLockBone
BoolProperty: unknown FBoneNode bRemoveBone
BoolProperty: unknown FBoneNode bLockBone
BoolProperty: unknown FBoneNode bRemoveBone
BoolProperty: unknown FBoneNode bLockBone
BoolProperty: unknown FBoneNode bRemoveBone
BoolProperty: unknown FBoneNode bLockBone
BoolProperty: unknown FBoneNode bRemoveBone
BoolProperty: unknown FBoneNode bLockBone
BoolProperty: unknown FBoneNode bRemoveBone
BoolProperty: unknown FBoneNode bLockBone
BoolProperty: unknown FBoneNode bRemoveBone
BoolProperty: unknown FBoneNode bLockBone
BoolProperty: unknown FBoneNode bRemoveBone
BoolProperty: unknown FBoneNode bLockBone
BoolProperty: unknown FBoneNode bRemoveBone
BoolProperty: unknown FBoneNode bLockBone
BoolProperty: unknown FBoneNode bRemoveBone
BoolProperty: unknown FBoneNode bLockBone
BoolProperty: unknown FBoneNode bRemoveBone
BoolProperty: unknown FBoneNode bLockBone
BoolProperty: unknown FBoneNode bRemoveBone
BoolProperty: unknown FBoneNode bLockBone
BoolProperty: unknown FBoneNode bRemoveBone
BoolProperty: unknown FBoneNode bLockBone
BoolProperty: unknown FBoneNode bRemoveBone
BoolProperty: unknown FBoneNode bLockBone
BoolProperty: unknown FBoneNode bRemoveBone
BoolProperty: unknown FBoneNode bLockBone
BoolProperty: unknown FBoneNode bRemoveBone
BoolProperty: unknown FBoneNode bLockBone
BoolProperty: unknown FBoneNode bRemoveBone
BoolProperty: unknown FBoneNode bLockBone
BoolProperty: unknown FBoneNode bRemoveBone
BoolProperty: unknown FBoneNode bLockBone
BoolProperty: unknown FBoneNode bRemoveBone
BoolProperty: unknown FBoneNode bLockBone
BoolProperty: unknown FBoneNode bRemoveBone
BoolProperty: unknown FBoneNode bLockBone
BoolProperty: unknown FBoneNode bRemoveBone
BoolProperty: unknown FBoneNode bLockBone
BoolProperty: unknown FBoneNode bRemoveBone
Exporting objects ...
Exporting AnimSequence4 Liopleurodon-Swim-Charge-Lft to C:/Users/Nez/Desktop/GitHub/Ark-Survival-Returns/.work/exports/actorx/PrimalEarth/Dinos/Liopleurodon/Animations/Liopleurodon-Swim-Charge-Lft.psa
Memory: allocated 655723 bytes in 446 blocks
Loading AnimSequence4 Liopleurodon-Swim-Charge-Rit from package PrimalEarth/Dinos/Liopleurodon/Animations/Liopleurodon-Swim-Charge-Rit.uasset
FloatProperty: unknown FAnimNotifyEvent DisplayTime
BoolProperty: unknown FAnimNotifyEvent bIgnoreOnDediServer
FloatProperty: unknown FAnimNotifyEvent DisplayTime
BoolProperty: unknown FAnimNotifyEvent bIgnoreOnDediServer
Loading Skeleton Liopleurodon_Skeleton from package PrimalEarth/Dinos/Liopleurodon/Liopleurodon_Skeleton.uasset
BoolProperty: unknown FBoneNode bLockBone
BoolProperty: unknown FBoneNode bRemoveBone
BoolProperty: unknown FBoneNode bLockBone
BoolProperty: unknown FBoneNode bRemoveBone
BoolProperty: unknown FBoneNode bLockBone
BoolProperty: unknown FBoneNode bRemoveBone
BoolProperty: unknown FBoneNode bLockBone
BoolProperty: unknown FBoneNode bRemoveBone
BoolProperty: unknown FBoneNode bLockBone
BoolProperty: unknown FBoneNode bRemoveBone
BoolProperty: unknown FBoneNode bLockBone
BoolProperty: unknown FBoneNode bRemoveBone
BoolProperty: unknown FBoneNode bLockBone
BoolProperty: unknown FBoneNode bRemoveBone
BoolProperty: unknown FBoneNode bLockBone
BoolProperty: unknown FBoneNode bRemoveBone
BoolProperty: unknown FBoneNode bLockBone
BoolProperty: unknown FBoneNode bRemoveBone
BoolProperty: unknown FBoneNode bLockBone
BoolProperty: unknown FBoneNode bRemoveBone
BoolProperty: unknown FBoneNode bLockBone
BoolProperty: unknown FBoneNode bRemoveBone
BoolProperty: unknown FBoneNode bLockBone
BoolProperty: unknown FBoneNode bRemoveBone
BoolProperty: unknown FBoneNode bLockBone
BoolProperty: unknown FBoneNode bRemoveBone
BoolProperty: unknown FBoneNode bLockBone
BoolProperty: unknown FBoneNode bRemoveBone
BoolProperty: unknown FBoneNode bLockBone
BoolProperty: unknown FBoneNode bRemoveBone
BoolProperty: unknown FBoneNode bLockBone
BoolProperty: unknown FBoneNode bRemoveBone
BoolProperty: unknown FBoneNode bLockBone
BoolProperty: unknown FBoneNode bRemoveBone
BoolProperty: unknown FBoneNode bLockBone
BoolProperty: unknown FBoneNode bRemoveBone
BoolProperty: unknown FBoneNode bLockBone
BoolProperty: unknown FBoneNode bRemoveBone
BoolProperty: unknown FBoneNode bLockBone
BoolProperty: unknown FBoneNode bRemoveBone
BoolProperty: unknown FBoneNode bLockBone
BoolProperty: unknown FBoneNode bRemoveBone
BoolProperty: unknown FBoneNode bLockBone
BoolProperty: unknown FBoneNode bRemoveBone
BoolProperty: unknown FBoneNode bLockBone
BoolProperty: unknown FBoneNode bRemoveBone
BoolProperty: unknown FBoneNode bLockBone
BoolProperty: unknown FBoneNode bRemoveBone
BoolProperty: unknown FBoneNode bLockBone
BoolProperty: unknown FBoneNode bRemoveBone
BoolProperty: unknown FBoneNode bLockBone
BoolProperty: unknown FBoneNode bRemoveBone
BoolProperty: unknown FBoneNode bLockBone
BoolProperty: unknown FBoneNode bRemoveBone
BoolProperty: unknown FBoneNode bLockBone
BoolProperty: unknown FBoneNode bRemoveBone
BoolProperty: unknown FBoneNode bLockBone
BoolProperty: unknown FBoneNode bRemoveBone
BoolProperty: unknown FBoneNode bLockBone
BoolProperty: unknown FBoneNode bRemoveBone
BoolProperty: unknown FBoneNode bLockBone
BoolProperty: unknown FBoneNode bRemoveBone
BoolProperty: unknown FBoneNode bLockBone
BoolProperty: unknown FBoneNode bRemoveBone
BoolProperty: unknown FBoneNode bLockBone
BoolProperty: unknown FBoneNode bRemoveBone
BoolProperty: unknown FBoneNode bLockBone
BoolProperty: unknown FBoneNode bRemoveBone
BoolProperty: unknown FBoneNode bLockBone
BoolProperty: unknown FBoneNode bRemoveBone
BoolProperty: unknown FBoneNode bLockBone
BoolProperty: unknown FBoneNode bRemoveBone
BoolProperty: unknown FBoneNode bLockBone
BoolProperty: unknown FBoneNode bRemoveBone
BoolProperty: unknown FBoneNode bLockBone
BoolProperty: unknown FBoneNode bRemoveBone
BoolProperty: unknown FBoneNode bLockBone
BoolProperty: unknown FBoneNode bRemoveBone
BoolProperty: unknown FBoneNode bLockBone
BoolProperty: unknown FBoneNode bRemoveBone
BoolProperty: unknown FBoneNode bLockBone
BoolProperty: unknown FBoneNode bRemoveBone
BoolProperty: unknown FBoneNode bLockBone
BoolProperty: unknown FBoneNode bRemoveBone
BoolProperty: unknown FBoneNode bLockBone
BoolProperty: unknown FBoneNode bRemoveBone
Exporting objects ...
Exporting AnimSequence4 Liopleurodon-Swim-Charge-Rit to C:/Users/Nez/Desktop/GitHub/Ark-Survival-Returns/.work/exports/actorx/PrimalEarth/Dinos/Liopleurodon/Animations/Liopleurodon-Swim-Charge-Rit.psa
Memory: allocated 668011 bytes in 449 blocks
Loading AnimSequence4 Liopleurodon-Swim-Fwd from package PrimalEarth/Dinos/Liopleurodon/Animations/Liopleurodon-Swim-Fwd.uasset
FloatProperty: unknown FAnimNotifyEvent DisplayTime
BoolProperty: unknown FAnimNotifyEvent bIgnoreOnDediServer
FloatProperty: unknown FAnimNotifyEvent DisplayTime
BoolProperty: unknown FAnimNotifyEvent bIgnoreOnDediServer
Loading Skeleton Liopleurodon_Skeleton from package PrimalEarth/Dinos/Liopleurodon/Liopleurodon_Skeleton.uasset
BoolProperty: unknown FBoneNode bLockBone
BoolProperty: unknown FBoneNode bRemoveBone
BoolProperty: unknown FBoneNode bLockBone
BoolProperty: unknown FBoneNode bRemoveBone
BoolProperty: unknown FBoneNode bLockBone
BoolProperty: unknown FBoneNode bRemoveBone
BoolProperty: unknown FBoneNode bLockBone
BoolProperty: unknown FBoneNode bRemoveBone
BoolProperty: unknown FBoneNode bLockBone
BoolProperty: unknown FBoneNode bRemoveBone
BoolProperty: unknown FBoneNode bLockBone
BoolProperty: unknown FBoneNode bRemoveBone
BoolProperty: unknown FBoneNode bLockBone
BoolProperty: unknown FBoneNode bRemoveBone
BoolProperty: unknown FBoneNode bLockBone
BoolProperty: unknown FBoneNode bRemoveBone
BoolProperty: unknown FBoneNode bLockBone
BoolProperty: unknown FBoneNode bRemoveBone
BoolProperty: unknown FBoneNode bLockBone
BoolProperty: unknown FBoneNode bRemoveBone
BoolProperty: unknown FBoneNode bLockBone
BoolProperty: unknown FBoneNode bRemoveBone
BoolProperty: unknown FBoneNode bLockBone
BoolProperty: unknown FBoneNode bRemoveBone
BoolProperty: unknown FBoneNode bLockBone
BoolProperty: unknown FBoneNode bRemoveBone
BoolProperty: unknown FBoneNode bLockBone
BoolProperty: unknown FBoneNode bRemoveBone
BoolProperty: unknown FBoneNode bLockBone
BoolProperty: unknown FBoneNode bRemoveBone
BoolProperty: unknown FBoneNode bLockBone
BoolProperty: unknown FBoneNode bRemoveBone
BoolProperty: unknown FBoneNode bLockBone
BoolProperty: unknown FBoneNode bRemoveBone
BoolProperty: unknown FBoneNode bLockBone
BoolProperty: unknown FBoneNode bRemoveBone
BoolProperty: unknown FBoneNode bLockBone
BoolProperty: unknown FBoneNode bRemoveBone
BoolProperty: unknown FBoneNode bLockBone
BoolProperty: unknown FBoneNode bRemoveBone
BoolProperty: unknown FBoneNode bLockBone
BoolProperty: unknown FBoneNode bRemoveBone
BoolProperty: unknown FBoneNode bLockBone
BoolProperty: unknown FBoneNode bRemoveBone
BoolProperty: unknown FBoneNode bLockBone
BoolProperty: unknown FBoneNode bRemoveBone
BoolProperty: unknown FBoneNode bLockBone
BoolProperty: unknown FBoneNode bRemoveBone
BoolProperty: unknown FBoneNode bLockBone
BoolProperty: unknown FBoneNode bRemoveBone
BoolProperty: unknown FBoneNode bLockBone
BoolProperty: unknown FBoneNode bRemoveBone
BoolProperty: unknown FBoneNode bLockBone
BoolProperty: unknown FBoneNode bRemoveBone
BoolProperty: unknown FBoneNode bLockBone
BoolProperty: unknown FBoneNode bRemoveBone
BoolProperty: unknown FBoneNode bLockBone
BoolProperty: unknown FBoneNode bRemoveBone
BoolProperty: unknown FBoneNode bLockBone
BoolProperty: unknown FBoneNode bRemoveBone
BoolProperty: unknown FBoneNode bLockBone
BoolProperty: unknown FBoneNode bRemoveBone
BoolProperty: unknown FBoneNode bLockBone
BoolProperty: unknown FBoneNode bRemoveBone
BoolProperty: unknown FBoneNode bLockBone
BoolProperty: unknown FBoneNode bRemoveBone
BoolProperty: unknown FBoneNode bLockBone
BoolProperty: unknown FBoneNode bRemoveBone
BoolProperty: unknown FBoneNode bLockBone
BoolProperty: unknown FBoneNode bRemoveBone
BoolProperty: unknown FBoneNode bLockBone
BoolProperty: unknown FBoneNode bRemoveBone
BoolProperty: unknown FBoneNode bLockBone
BoolProperty: unknown FBoneNode bRemoveBone
BoolProperty: unknown FBoneNode bLockBone
BoolProperty: unknown FBoneNode bRemoveBone
BoolProperty: unknown FBoneNode bLockBone
BoolProperty: unknown FBoneNode bRemoveBone
BoolProperty: unknown FBoneNode bLockBone
BoolProperty: unknown FBoneNode bRemoveBone
BoolProperty: unknown FBoneNode bLockBone
BoolProperty: unknown FBoneNode bRemoveBone
BoolProperty: unknown FBoneNode bLockBone
BoolProperty: unknown FBoneNode bRemoveBone
BoolProperty: unknown FBoneNode bLockBone
BoolProperty: unknown FBoneNode bRemoveBone
Exporting objects ...
Exporting AnimSequence4 Liopleurodon-Swim-Fwd to C:/Users/Nez/Desktop/GitHub/Ark-Survival-Returns/.work/exports/actorx/PrimalEarth/Dinos/Liopleurodon/Animations/Liopleurodon-Swim-Fwd.psa
Memory: allocated 680299 bytes in 452 blocks
Loading AnimSequence4 Liopleurodon-Swim-Lft from package PrimalEarth/Dinos/Liopleurodon/Animations/Liopleurodon-Swim-Lft.uasset
FloatProperty: unknown FAnimNotifyEvent DisplayTime
BoolProperty: unknown FAnimNotifyEvent bIgnoreOnDediServer
FloatProperty: unknown FAnimNotifyEvent DisplayTime
BoolProperty: unknown FAnimNotifyEvent bIgnoreOnDediServer
Loading Skeleton Liopleurodon_Skeleton from package PrimalEarth/Dinos/Liopleurodon/Liopleurodon_Skeleton.uasset
BoolProperty: unknown FBoneNode bLockBone
BoolProperty: unknown FBoneNode bRemoveBone
BoolProperty: unknown FBoneNode bLockBone
BoolProperty: unknown FBoneNode bRemoveBone
BoolProperty: unknown FBoneNode bLockBone
BoolProperty: unknown FBoneNode bRemoveBone
BoolProperty: unknown FBoneNode bLockBone
BoolProperty: unknown FBoneNode bRemoveBone
BoolProperty: unknown FBoneNode bLockBone
BoolProperty: unknown FBoneNode bRemoveBone
BoolProperty: unknown FBoneNode bLockBone
BoolProperty: unknown FBoneNode bRemoveBone
BoolProperty: unknown FBoneNode bLockBone
BoolProperty: unknown FBoneNode bRemoveBone
BoolProperty: unknown FBoneNode bLockBone
BoolProperty: unknown FBoneNode bRemoveBone
BoolProperty: unknown FBoneNode bLockBone
BoolProperty: unknown FBoneNode bRemoveBone
BoolProperty: unknown FBoneNode bLockBone
BoolProperty: unknown FBoneNode bRemoveBone
BoolProperty: unknown FBoneNode bLockBone
BoolProperty: unknown FBoneNode bRemoveBone
BoolProperty: unknown FBoneNode bLockBone
BoolProperty: unknown FBoneNode bRemoveBone
BoolProperty: unknown FBoneNode bLockBone
BoolProperty: unknown FBoneNode bRemoveBone
BoolProperty: unknown FBoneNode bLockBone
BoolProperty: unknown FBoneNode bRemoveBone
BoolProperty: unknown FBoneNode bLockBone
BoolProperty: unknown FBoneNode bRemoveBone
BoolProperty: unknown FBoneNode bLockBone
BoolProperty: unknown FBoneNode bRemoveBone
BoolProperty: unknown FBoneNode bLockBone
BoolProperty: unknown FBoneNode bRemoveBone
BoolProperty: unknown FBoneNode bLockBone
BoolProperty: unknown FBoneNode bRemoveBone
BoolProperty: unknown FBoneNode bLockBone
BoolProperty: unknown FBoneNode bRemoveBone
BoolProperty: unknown FBoneNode bLockBone
BoolProperty: unknown FBoneNode bRemoveBone
BoolProperty: unknown FBoneNode bLockBone
BoolProperty: unknown FBoneNode bRemoveBone
BoolProperty: unknown FBoneNode bLockBone
BoolProperty: unknown FBoneNode bRemoveBone
BoolProperty: unknown FBoneNode bLockBone
BoolProperty: unknown FBoneNode bRemoveBone
BoolProperty: unknown FBoneNode bLockBone
BoolProperty: unknown FBoneNode bRemoveBone
BoolProperty: unknown FBoneNode bLockBone
BoolProperty: unknown FBoneNode bRemoveBone
BoolProperty: unknown FBoneNode bLockBone
BoolProperty: unknown FBoneNode bRemoveBone
BoolProperty: unknown FBoneNode bLockBone
BoolProperty: unknown FBoneNode bRemoveBone
BoolProperty: unknown FBoneNode bLockBone
BoolProperty: unknown FBoneNode bRemoveBone
BoolProperty: unknown FBoneNode bLockBone
BoolProperty: unknown FBoneNode bRemoveBone
BoolProperty: unknown FBoneNode bLockBone
BoolProperty: unknown FBoneNode bRemoveBone
BoolProperty: unknown FBoneNode bLockBone
BoolProperty: unknown FBoneNode bRemoveBone
BoolProperty: unknown FBoneNode bLockBone
BoolProperty: unknown FBoneNode bRemoveBone
BoolProperty: unknown FBoneNode bLockBone
BoolProperty: unknown FBoneNode bRemoveBone
BoolProperty: unknown FBoneNode bLockBone
BoolProperty: unknown FBoneNode bRemoveBone
BoolProperty: unknown FBoneNode bLockBone
BoolProperty: unknown FBoneNode bRemoveBone
BoolProperty: unknown FBoneNode bLockBone
BoolProperty: unknown FBoneNode bRemoveBone
BoolProperty: unknown FBoneNode bLockBone
BoolProperty: unknown FBoneNode bRemoveBone
BoolProperty: unknown FBoneNode bLockBone
BoolProperty: unknown FBoneNode bRemoveBone
BoolProperty: unknown FBoneNode bLockBone
BoolProperty: unknown FBoneNode bRemoveBone
BoolProperty: unknown FBoneNode bLockBone
BoolProperty: unknown FBoneNode bRemoveBone
BoolProperty: unknown FBoneNode bLockBone
BoolProperty: unknown FBoneNode bRemoveBone
BoolProperty: unknown FBoneNode bLockBone
BoolProperty: unknown FBoneNode bRemoveBone
BoolProperty: unknown FBoneNode bLockBone
BoolProperty: unknown FBoneNode bRemoveBone
Exporting objects ...
Exporting AnimSequence4 Liopleurodon-Swim-Lft to C:/Users/Nez/Desktop/GitHub/Ark-Survival-Returns/.work/exports/actorx/PrimalEarth/Dinos/Liopleurodon/Animations/Liopleurodon-Swim-Lft.psa
Memory: allocated 692587 bytes in 455 blocks
Loading AnimSequence4 Liopleurodon-Swim-Rit from package PrimalEarth/Dinos/Liopleurodon/Animations/Liopleurodon-Swim-Rit.uasset
FloatProperty: unknown FAnimNotifyEvent DisplayTime
BoolProperty: unknown FAnimNotifyEvent bIgnoreOnDediServer
FloatProperty: unknown FAnimNotifyEvent DisplayTime
BoolProperty: unknown FAnimNotifyEvent bIgnoreOnDediServer
Loading Skeleton Liopleurodon_Skeleton from package PrimalEarth/Dinos/Liopleurodon/Liopleurodon_Skeleton.uasset
BoolProperty: unknown FBoneNode bLockBone
BoolProperty: unknown FBoneNode bRemoveBone
BoolProperty: unknown FBoneNode bLockBone
BoolProperty: unknown FBoneNode bRemoveBone
BoolProperty: unknown FBoneNode bLockBone
BoolProperty: unknown FBoneNode bRemoveBone
BoolProperty: unknown FBoneNode bLockBone
BoolProperty: unknown FBoneNode bRemoveBone
BoolProperty: unknown FBoneNode bLockBone
BoolProperty: unknown FBoneNode bRemoveBone
BoolProperty: unknown FBoneNode bLockBone
BoolProperty: unknown FBoneNode bRemoveBone
BoolProperty: unknown FBoneNode bLockBone
BoolProperty: unknown FBoneNode bRemoveBone
BoolProperty: unknown FBoneNode bLockBone
BoolProperty: unknown FBoneNode bRemoveBone
BoolProperty: unknown FBoneNode bLockBone
BoolProperty: unknown FBoneNode bRemoveBone
BoolProperty: unknown FBoneNode bLockBone
BoolProperty: unknown FBoneNode bRemoveBone
BoolProperty: unknown FBoneNode bLockBone
BoolProperty: unknown FBoneNode bRemoveBone
BoolProperty: unknown FBoneNode bLockBone
BoolProperty: unknown FBoneNode bRemoveBone
BoolProperty: unknown FBoneNode bLockBone
BoolProperty: unknown FBoneNode bRemoveBone
BoolProperty: unknown FBoneNode bLockBone
BoolProperty: unknown FBoneNode bRemoveBone
BoolProperty: unknown FBoneNode bLockBone
BoolProperty: unknown FBoneNode bRemoveBone
BoolProperty: unknown FBoneNode bLockBone
BoolProperty: unknown FBoneNode bRemoveBone
BoolProperty: unknown FBoneNode bLockBone
BoolProperty: unknown FBoneNode bRemoveBone
BoolProperty: unknown FBoneNode bLockBone
BoolProperty: unknown FBoneNode bRemoveBone
BoolProperty: unknown FBoneNode bLockBone
BoolProperty: unknown FBoneNode bRemoveBone
BoolProperty: unknown FBoneNode bLockBone
BoolProperty: unknown FBoneNode bRemoveBone
BoolProperty: unknown FBoneNode bLockBone
BoolProperty: unknown FBoneNode bRemoveBone
BoolProperty: unknown FBoneNode bLockBone
BoolProperty: unknown FBoneNode bRemoveBone
BoolProperty: unknown FBoneNode bLockBone
BoolProperty: unknown FBoneNode bRemoveBone
BoolProperty: unknown FBoneNode bLockBone
BoolProperty: unknown FBoneNode bRemoveBone
BoolProperty: unknown FBoneNode bLockBone
BoolProperty: unknown FBoneNode bRemoveBone
BoolProperty: unknown FBoneNode bLockBone
BoolProperty: unknown FBoneNode bRemoveBone
BoolProperty: unknown FBoneNode bLockBone
BoolProperty: unknown FBoneNode bRemoveBone
BoolProperty: unknown FBoneNode bLockBone
BoolProperty: unknown FBoneNode bRemoveBone
BoolProperty: unknown FBoneNode bLockBone
BoolProperty: unknown FBoneNode bRemoveBone
BoolProperty: unknown FBoneNode bLockBone
BoolProperty: unknown FBoneNode bRemoveBone
BoolProperty: unknown FBoneNode bLockBone
BoolProperty: unknown FBoneNode bRemoveBone
BoolProperty: unknown FBoneNode bLockBone
BoolProperty: unknown FBoneNode bRemoveBone
BoolProperty: unknown FBoneNode bLockBone
BoolProperty: unknown FBoneNode bRemoveBone
BoolProperty: unknown FBoneNode bLockBone
BoolProperty: unknown FBoneNode bRemoveBone
BoolProperty: unknown FBoneNode bLockBone
BoolProperty: unknown FBoneNode bRemoveBone
BoolProperty: unknown FBoneNode bLockBone
BoolProperty: unknown FBoneNode bRemoveBone
BoolProperty: unknown FBoneNode bLockBone
BoolProperty: unknown FBoneNode bRemoveBone
BoolProperty: unknown FBoneNode bLockBone
BoolProperty: unknown FBoneNode bRemoveBone
BoolProperty: unknown FBoneNode bLockBone
BoolProperty: unknown FBoneNode bRemoveBone
BoolProperty: unknown FBoneNode bLockBone
BoolProperty: unknown FBoneNode bRemoveBone
BoolProperty: unknown FBoneNode bLockBone
BoolProperty: unknown FBoneNode bRemoveBone
BoolProperty: unknown FBoneNode bLockBone
BoolProperty: unknown FBoneNode bRemoveBone
BoolProperty: unknown FBoneNode bLockBone
BoolProperty: unknown FBoneNode bRemoveBone
Exporting objects ...
Exporting AnimSequence4 Liopleurodon-Swim-Rit to C:/Users/Nez/Desktop/GitHub/Ark-Survival-Returns/.work/exports/actorx/PrimalEarth/Dinos/Liopleurodon/Animations/Liopleurodon-Swim-Rit.psa
Memory: allocated 704875 bytes in 458 blocks
Loading AnimSequence4 Liopleurodon-Torpid-Eat from package PrimalEarth/Dinos/Liopleurodon/Animations/Liopleurodon-Torpid-Eat.uasset
FloatProperty: unknown FAnimNotifyEvent DisplayTime
BoolProperty: unknown FAnimNotifyEvent bIgnoreOnDediServer
Loading Skeleton Liopleurodon_Skeleton from package PrimalEarth/Dinos/Liopleurodon/Liopleurodon_Skeleton.uasset
BoolProperty: unknown FBoneNode bLockBone
BoolProperty: unknown FBoneNode bRemoveBone
BoolProperty: unknown FBoneNode bLockBone
BoolProperty: unknown FBoneNode bRemoveBone
BoolProperty: unknown FBoneNode bLockBone
BoolProperty: unknown FBoneNode bRemoveBone
BoolProperty: unknown FBoneNode bLockBone
BoolProperty: unknown FBoneNode bRemoveBone
BoolProperty: unknown FBoneNode bLockBone
BoolProperty: unknown FBoneNode bRemoveBone
BoolProperty: unknown FBoneNode bLockBone
BoolProperty: unknown FBoneNode bRemoveBone
BoolProperty: unknown FBoneNode bLockBone
BoolProperty: unknown FBoneNode bRemoveBone
BoolProperty: unknown FBoneNode bLockBone
BoolProperty: unknown FBoneNode bRemoveBone
BoolProperty: unknown FBoneNode bLockBone
BoolProperty: unknown FBoneNode bRemoveBone
BoolProperty: unknown FBoneNode bLockBone
BoolProperty: unknown FBoneNode bRemoveBone
BoolProperty: unknown FBoneNode bLockBone
BoolProperty: unknown FBoneNode bRemoveBone
BoolProperty: unknown FBoneNode bLockBone
BoolProperty: unknown FBoneNode bRemoveBone
BoolProperty: unknown FBoneNode bLockBone
BoolProperty: unknown FBoneNode bRemoveBone
BoolProperty: unknown FBoneNode bLockBone
BoolProperty: unknown FBoneNode bRemoveBone
BoolProperty: unknown FBoneNode bLockBone
BoolProperty: unknown FBoneNode bRemoveBone
BoolProperty: unknown FBoneNode bLockBone
BoolProperty: unknown FBoneNode bRemoveBone
BoolProperty: unknown FBoneNode bLockBone
BoolProperty: unknown FBoneNode bRemoveBone
BoolProperty: unknown FBoneNode bLockBone
BoolProperty: unknown FBoneNode bRemoveBone
BoolProperty: unknown FBoneNode bLockBone
BoolProperty: unknown FBoneNode bRemoveBone
BoolProperty: unknown FBoneNode bLockBone
BoolProperty: unknown FBoneNode bRemoveBone
BoolProperty: unknown FBoneNode bLockBone
BoolProperty: unknown FBoneNode bRemoveBone
BoolProperty: unknown FBoneNode bLockBone
BoolProperty: unknown FBoneNode bRemoveBone
BoolProperty: unknown FBoneNode bLockBone
BoolProperty: unknown FBoneNode bRemoveBone
BoolProperty: unknown FBoneNode bLockBone
BoolProperty: unknown FBoneNode bRemoveBone
BoolProperty: unknown FBoneNode bLockBone
BoolProperty: unknown FBoneNode bRemoveBone
BoolProperty: unknown FBoneNode bLockBone
BoolProperty: unknown FBoneNode bRemoveBone
BoolProperty: unknown FBoneNode bLockBone
BoolProperty: unknown FBoneNode bRemoveBone
BoolProperty: unknown FBoneNode bLockBone
BoolProperty: unknown FBoneNode bRemoveBone
BoolProperty: unknown FBoneNode bLockBone
BoolProperty: unknown FBoneNode bRemoveBone
BoolProperty: unknown FBoneNode bLockBone
BoolProperty: unknown FBoneNode bRemoveBone
BoolProperty: unknown FBoneNode bLockBone
BoolProperty: unknown FBoneNode bRemoveBone
BoolProperty: unknown FBoneNode bLockBone
BoolProperty: unknown FBoneNode bRemoveBone
BoolProperty: unknown FBoneNode bLockBone
BoolProperty: unknown FBoneNode bRemoveBone
BoolProperty: unknown FBoneNode bLockBone
BoolProperty: unknown FBoneNode bRemoveBone
BoolProperty: unknown FBoneNode bLockBone
BoolProperty: unknown FBoneNode bRemoveBone
BoolProperty: unknown FBoneNode bLockBone
BoolProperty: unknown FBoneNode bRemoveBone
BoolProperty: unknown FBoneNode bLockBone
BoolProperty: unknown FBoneNode bRemoveBone
BoolProperty: unknown FBoneNode bLockBone
BoolProperty: unknown FBoneNode bRemoveBone
BoolProperty: unknown FBoneNode bLockBone
BoolProperty: unknown FBoneNode bRemoveBone
BoolProperty: unknown FBoneNode bLockBone
BoolProperty: unknown FBoneNode bRemoveBone
BoolProperty: unknown FBoneNode bLockBone
BoolProperty: unknown FBoneNode bRemoveBone
BoolProperty: unknown FBoneNode bLockBone
BoolProperty: unknown FBoneNode bRemoveBone
BoolProperty: unknown FBoneNode bLockBone
BoolProperty: unknown FBoneNode bRemoveBone
Exporting objects ...
Exporting AnimSequence4 Liopleurodon-Torpid-Eat to C:/Users/Nez/Desktop/GitHub/Ark-Survival-Returns/.work/exports/actorx/PrimalEarth/Dinos/Liopleurodon/Animations/Liopleurodon-Torpid-Eat.psa
Memory: allocated 717163 bytes in 461 blocks
Loading AnimSequence4 Liopleurodon-Torpid-Idle from package PrimalEarth/Dinos/Liopleurodon/Animations/Liopleurodon-Torpid-Idle.uasset
Loading Skeleton Liopleurodon_Skeleton from package PrimalEarth/Dinos/Liopleurodon/Liopleurodon_Skeleton.uasset
BoolProperty: unknown FBoneNode bLockBone
BoolProperty: unknown FBoneNode bRemoveBone
BoolProperty: unknown FBoneNode bLockBone
BoolProperty: unknown FBoneNode bRemoveBone
BoolProperty: unknown FBoneNode bLockBone
BoolProperty: unknown FBoneNode bRemoveBone
BoolProperty: unknown FBoneNode bLockBone
BoolProperty: unknown FBoneNode bRemoveBone
BoolProperty: unknown FBoneNode bLockBone
BoolProperty: unknown FBoneNode bRemoveBone
BoolProperty: unknown FBoneNode bLockBone
BoolProperty: unknown FBoneNode bRemoveBone
BoolProperty: unknown FBoneNode bLockBone
BoolProperty: unknown FBoneNode bRemoveBone
BoolProperty: unknown FBoneNode bLockBone
BoolProperty: unknown FBoneNode bRemoveBone
BoolProperty: unknown FBoneNode bLockBone
BoolProperty: unknown FBoneNode bRemoveBone
BoolProperty: unknown FBoneNode bLockBone
BoolProperty: unknown FBoneNode bRemoveBone
BoolProperty: unknown FBoneNode bLockBone
BoolProperty: unknown FBoneNode bRemoveBone
BoolProperty: unknown FBoneNode bLockBone
BoolProperty: unknown FBoneNode bRemoveBone
BoolProperty: unknown FBoneNode bLockBone
BoolProperty: unknown FBoneNode bRemoveBone
BoolProperty: unknown FBoneNode bLockBone
BoolProperty: unknown FBoneNode bRemoveBone
BoolProperty: unknown FBoneNode bLockBone
BoolProperty: unknown FBoneNode bRemoveBone
BoolProperty: unknown FBoneNode bLockBone
BoolProperty: unknown FBoneNode bRemoveBone
BoolProperty: unknown FBoneNode bLockBone
BoolProperty: unknown FBoneNode bRemoveBone
BoolProperty: unknown FBoneNode bLockBone
BoolProperty: unknown FBoneNode bRemoveBone
BoolProperty: unknown FBoneNode bLockBone
BoolProperty: unknown FBoneNode bRemoveBone
BoolProperty: unknown FBoneNode bLockBone
BoolProperty: unknown FBoneNode bRemoveBone
BoolProperty: unknown FBoneNode bLockBone
BoolProperty: unknown FBoneNode bRemoveBone
BoolProperty: unknown FBoneNode bLockBone
BoolProperty: unknown FBoneNode bRemoveBone
BoolProperty: unknown FBoneNode bLockBone
BoolProperty: unknown FBoneNode bRemoveBone
BoolProperty: unknown FBoneNode bLockBone
BoolProperty: unknown FBoneNode bRemoveBone
BoolProperty: unknown FBoneNode bLockBone
BoolProperty: unknown FBoneNode bRemoveBone
BoolProperty: unknown FBoneNode bLockBone
BoolProperty: unknown FBoneNode bRemoveBone
BoolProperty: unknown FBoneNode bLockBone
BoolProperty: unknown FBoneNode bRemoveBone
BoolProperty: unknown FBoneNode bLockBone
BoolProperty: unknown FBoneNode bRemoveBone
BoolProperty: unknown FBoneNode bLockBone
BoolProperty: unknown FBoneNode bRemoveBone
BoolProperty: unknown FBoneNode bLockBone
BoolProperty: unknown FBoneNode bRemoveBone
BoolProperty: unknown FBoneNode bLockBone
BoolProperty: unknown FBoneNode bRemoveBone
BoolProperty: unknown FBoneNode bLockBone
BoolProperty: unknown FBoneNode bRemoveBone
BoolProperty: unknown FBoneNode bLockBone
BoolProperty: unknown FBoneNode bRemoveBone
BoolProperty: unknown FBoneNode bLockBone
BoolProperty: unknown FBoneNode bRemoveBone
BoolProperty: unknown FBoneNode bLockBone
BoolProperty: unknown FBoneNode bRemoveBone
BoolProperty: unknown FBoneNode bLockBone
BoolProperty: unknown FBoneNode bRemoveBone
BoolProperty: unknown FBoneNode bLockBone
BoolProperty: unknown FBoneNode bRemoveBone
BoolProperty: unknown FBoneNode bLockBone
BoolProperty: unknown FBoneNode bRemoveBone
BoolProperty: unknown FBoneNode bLockBone
BoolProperty: unknown FBoneNode bRemoveBone
BoolProperty: unknown FBoneNode bLockBone
BoolProperty: unknown FBoneNode bRemoveBone
BoolProperty: unknown FBoneNode bLockBone
BoolProperty: unknown FBoneNode bRemoveBone
BoolProperty: unknown FBoneNode bLockBone
BoolProperty: unknown FBoneNode bRemoveBone
BoolProperty: unknown FBoneNode bLockBone
BoolProperty: unknown FBoneNode bRemoveBone
Exporting objects ...
Exporting AnimSequence4 Liopleurodon-Torpid-Idle to C:/Users/Nez/Desktop/GitHub/Ark-Survival-Returns/.work/exports/actorx/PrimalEarth/Dinos/Liopleurodon/Animations/Liopleurodon-Torpid-Idle.psa
Memory: allocated 729451 bytes in 464 blocks
Loading AnimSequence4 Liopleurodon-Torpid-In from package PrimalEarth/Dinos/Liopleurodon/Animations/Liopleurodon-Torpid-In.uasset
FloatProperty: unknown FAnimNotifyEvent DisplayTime
BoolProperty: unknown FAnimNotifyEvent bIgnoreOnDediServer
Loading Skeleton Liopleurodon_Skeleton from package PrimalEarth/Dinos/Liopleurodon/Liopleurodon_Skeleton.uasset
BoolProperty: unknown FBoneNode bLockBone
BoolProperty: unknown FBoneNode bRemoveBone
BoolProperty: unknown FBoneNode bLockBone
BoolProperty: unknown FBoneNode bRemoveBone
BoolProperty: unknown FBoneNode bLockBone
BoolProperty: unknown FBoneNode bRemoveBone
BoolProperty: unknown FBoneNode bLockBone
BoolProperty: unknown FBoneNode bRemoveBone
BoolProperty: unknown FBoneNode bLockBone
BoolProperty: unknown FBoneNode bRemoveBone
BoolProperty: unknown FBoneNode bLockBone
BoolProperty: unknown FBoneNode bRemoveBone
BoolProperty: unknown FBoneNode bLockBone
BoolProperty: unknown FBoneNode bRemoveBone
BoolProperty: unknown FBoneNode bLockBone
BoolProperty: unknown FBoneNode bRemoveBone
BoolProperty: unknown FBoneNode bLockBone
BoolProperty: unknown FBoneNode bRemoveBone
BoolProperty: unknown FBoneNode bLockBone
BoolProperty: unknown FBoneNode bRemoveBone
BoolProperty: unknown FBoneNode bLockBone
BoolProperty: unknown FBoneNode bRemoveBone
BoolProperty: unknown FBoneNode bLockBone
BoolProperty: unknown FBoneNode bRemoveBone
BoolProperty: unknown FBoneNode bLockBone
BoolProperty: unknown FBoneNode bRemoveBone
BoolProperty: unknown FBoneNode bLockBone
BoolProperty: unknown FBoneNode bRemoveBone
BoolProperty: unknown FBoneNode bLockBone
BoolProperty: unknown FBoneNode bRemoveBone
BoolProperty: unknown FBoneNode bLockBone
BoolProperty: unknown FBoneNode bRemoveBone
BoolProperty: unknown FBoneNode bLockBone
BoolProperty: unknown FBoneNode bRemoveBone
BoolProperty: unknown FBoneNode bLockBone
BoolProperty: unknown FBoneNode bRemoveBone
BoolProperty: unknown FBoneNode bLockBone
BoolProperty: unknown FBoneNode bRemoveBone
BoolProperty: unknown FBoneNode bLockBone
BoolProperty: unknown FBoneNode bRemoveBone
BoolProperty: unknown FBoneNode bLockBone
BoolProperty: unknown FBoneNode bRemoveBone
BoolProperty: unknown FBoneNode bLockBone
BoolProperty: unknown FBoneNode bRemoveBone
BoolProperty: unknown FBoneNode bLockBone
BoolProperty: unknown FBoneNode bRemoveBone
BoolProperty: unknown FBoneNode bLockBone
BoolProperty: unknown FBoneNode bRemoveBone
BoolProperty: unknown FBoneNode bLockBone
BoolProperty: unknown FBoneNode bRemoveBone
BoolProperty: unknown FBoneNode bLockBone
BoolProperty: unknown FBoneNode bRemoveBone
BoolProperty: unknown FBoneNode bLockBone
BoolProperty: unknown FBoneNode bRemoveBone
BoolProperty: unknown FBoneNode bLockBone
BoolProperty: unknown FBoneNode bRemoveBone
BoolProperty: unknown FBoneNode bLockBone
BoolProperty: unknown FBoneNode bRemoveBone
BoolProperty: unknown FBoneNode bLockBone
BoolProperty: unknown FBoneNode bRemoveBone
BoolProperty: unknown FBoneNode bLockBone
BoolProperty: unknown FBoneNode bRemoveBone
BoolProperty: unknown FBoneNode bLockBone
BoolProperty: unknown FBoneNode bRemoveBone
BoolProperty: unknown FBoneNode bLockBone
BoolProperty: unknown FBoneNode bRemoveBone
BoolProperty: unknown FBoneNode bLockBone
BoolProperty: unknown FBoneNode bRemoveBone
BoolProperty: unknown FBoneNode bLockBone
BoolProperty: unknown FBoneNode bRemoveBone
BoolProperty: unknown FBoneNode bLockBone
BoolProperty: unknown FBoneNode bRemoveBone
BoolProperty: unknown FBoneNode bLockBone
BoolProperty: unknown FBoneNode bRemoveBone
BoolProperty: unknown FBoneNode bLockBone
BoolProperty: unknown FBoneNode bRemoveBone
BoolProperty: unknown FBoneNode bLockBone
BoolProperty: unknown FBoneNode bRemoveBone
BoolProperty: unknown FBoneNode bLockBone
BoolProperty: unknown FBoneNode bRemoveBone
BoolProperty: unknown FBoneNode bLockBone
BoolProperty: unknown FBoneNode bRemoveBone
BoolProperty: unknown FBoneNode bLockBone
BoolProperty: unknown FBoneNode bRemoveBone
BoolProperty: unknown FBoneNode bLockBone
BoolProperty: unknown FBoneNode bRemoveBone
Exporting objects ...
Exporting AnimSequence4 Liopleurodon-Torpid-In to C:/Users/Nez/Desktop/GitHub/Ark-Survival-Returns/.work/exports/actorx/PrimalEarth/Dinos/Liopleurodon/Animations/Liopleurodon-Torpid-In.psa
Memory: allocated 741739 bytes in 467 blocks
Loading AnimSequence4 Liopleurodon-Torpid-Out-Tamed from package PrimalEarth/Dinos/Liopleurodon/Animations/Liopleurodon-Torpid-Out-Tamed.uasset
FloatProperty: unknown FAnimNotifyEvent DisplayTime
BoolProperty: unknown FAnimNotifyEvent bIgnoreOnDediServer
FloatProperty: unknown FAnimNotifyEvent DisplayTime
BoolProperty: unknown FAnimNotifyEvent bIgnoreOnDediServer
Loading Skeleton Liopleurodon_Skeleton from package PrimalEarth/Dinos/Liopleurodon/Liopleurodon_Skeleton.uasset
BoolProperty: unknown FBoneNode bLockBone
BoolProperty: unknown FBoneNode bRemoveBone
BoolProperty: unknown FBoneNode bLockBone
BoolProperty: unknown FBoneNode bRemoveBone
BoolProperty: unknown FBoneNode bLockBone
BoolProperty: unknown FBoneNode bRemoveBone
BoolProperty: unknown FBoneNode bLockBone
BoolProperty: unknown FBoneNode bRemoveBone
BoolProperty: unknown FBoneNode bLockBone
BoolProperty: unknown FBoneNode bRemoveBone
BoolProperty: unknown FBoneNode bLockBone
BoolProperty: unknown FBoneNode bRemoveBone
BoolProperty: unknown FBoneNode bLockBone
BoolProperty: unknown FBoneNode bRemoveBone
BoolProperty: unknown FBoneNode bLockBone
BoolProperty: unknown FBoneNode bRemoveBone
BoolProperty: unknown FBoneNode bLockBone
BoolProperty: unknown FBoneNode bRemoveBone
BoolProperty: unknown FBoneNode bLockBone
BoolProperty: unknown FBoneNode bRemoveBone
BoolProperty: unknown FBoneNode bLockBone
BoolProperty: unknown FBoneNode bRemoveBone
BoolProperty: unknown FBoneNode bLockBone
BoolProperty: unknown FBoneNode bRemoveBone
BoolProperty: unknown FBoneNode bLockBone
BoolProperty: unknown FBoneNode bRemoveBone
BoolProperty: unknown FBoneNode bLockBone
BoolProperty: unknown FBoneNode bRemoveBone
BoolProperty: unknown FBoneNode bLockBone
BoolProperty: unknown FBoneNode bRemoveBone
BoolProperty: unknown FBoneNode bLockBone
BoolProperty: unknown FBoneNode bRemoveBone
BoolProperty: unknown FBoneNode bLockBone
BoolProperty: unknown FBoneNode bRemoveBone
BoolProperty: unknown FBoneNode bLockBone
BoolProperty: unknown FBoneNode bRemoveBone
BoolProperty: unknown FBoneNode bLockBone
BoolProperty: unknown FBoneNode bRemoveBone
BoolProperty: unknown FBoneNode bLockBone
BoolProperty: unknown FBoneNode bRemoveBone
BoolProperty: unknown FBoneNode bLockBone
BoolProperty: unknown FBoneNode bRemoveBone
BoolProperty: unknown FBoneNode bLockBone
BoolProperty: unknown FBoneNode bRemoveBone
BoolProperty: unknown FBoneNode bLockBone
BoolProperty: unknown FBoneNode bRemoveBone
BoolProperty: unknown FBoneNode bLockBone
BoolProperty: unknown FBoneNode bRemoveBone
BoolProperty: unknown FBoneNode bLockBone
BoolProperty: unknown FBoneNode bRemoveBone
BoolProperty: unknown FBoneNode bLockBone
BoolProperty: unknown FBoneNode bRemoveBone
BoolProperty: unknown FBoneNode bLockBone
BoolProperty: unknown FBoneNode bRemoveBone
BoolProperty: unknown FBoneNode bLockBone
BoolProperty: unknown FBoneNode bRemoveBone
BoolProperty: unknown FBoneNode bLockBone
BoolProperty: unknown FBoneNode bRemoveBone
BoolProperty: unknown FBoneNode bLockBone
BoolProperty: unknown FBoneNode bRemoveBone
BoolProperty: unknown FBoneNode bLockBone
BoolProperty: unknown FBoneNode bRemoveBone
BoolProperty: unknown FBoneNode bLockBone
BoolProperty: unknown FBoneNode bRemoveBone
BoolProperty: unknown FBoneNode bLockBone
BoolProperty: unknown FBoneNode bRemoveBone
BoolProperty: unknown FBoneNode bLockBone
BoolProperty: unknown FBoneNode bRemoveBone
BoolProperty: unknown FBoneNode bLockBone
BoolProperty: unknown FBoneNode bRemoveBone
BoolProperty: unknown FBoneNode bLockBone
BoolProperty: unknown FBoneNode bRemoveBone
BoolProperty: unknown FBoneNode bLockBone
BoolProperty: unknown FBoneNode bRemoveBone
BoolProperty: unknown FBoneNode bLockBone
BoolProperty: unknown FBoneNode bRemoveBone
BoolProperty: unknown FBoneNode bLockBone
BoolProperty: unknown FBoneNode bRemoveBone
BoolProperty: unknown FBoneNode bLockBone
BoolProperty: unknown FBoneNode bRemoveBone
BoolProperty: unknown FBoneNode bLockBone
BoolProperty: unknown FBoneNode bRemoveBone
BoolProperty: unknown FBoneNode bLockBone
BoolProperty: unknown FBoneNode bRemoveBone
BoolProperty: unknown FBoneNode bLockBone
BoolProperty: unknown FBoneNode bRemoveBone
Exporting objects ...
Exporting AnimSequence4 Liopleurodon-Torpid-Out-Tamed to C:/Users/Nez/Desktop/GitHub/Ark-Survival-Returns/.work/exports/actorx/PrimalEarth/Dinos/Liopleurodon/Animations/Liopleurodon-Torpid-Out-Tamed.psa
Memory: allocated 754027 bytes in 470 blocks
Loading AnimSequence4 Liopleurodon-Torpid-Out-Wild from package PrimalEarth/Dinos/Liopleurodon/Animations/Liopleurodon-Torpid-Out-Wild.uasset
FloatProperty: unknown FAnimNotifyEvent DisplayTime
BoolProperty: unknown FAnimNotifyEvent bIgnoreOnDediServer
Loading Skeleton Liopleurodon_Skeleton from package PrimalEarth/Dinos/Liopleurodon/Liopleurodon_Skeleton.uasset
BoolProperty: unknown FBoneNode bLockBone
BoolProperty: unknown FBoneNode bRemoveBone
BoolProperty: unknown FBoneNode bLockBone
BoolProperty: unknown FBoneNode bRemoveBone
BoolProperty: unknown FBoneNode bLockBone
BoolProperty: unknown FBoneNode bRemoveBone
BoolProperty: unknown FBoneNode bLockBone
BoolProperty: unknown FBoneNode bRemoveBone
BoolProperty: unknown FBoneNode bLockBone
BoolProperty: unknown FBoneNode bRemoveBone
BoolProperty: unknown FBoneNode bLockBone
BoolProperty: unknown FBoneNode bRemoveBone
BoolProperty: unknown FBoneNode bLockBone
BoolProperty: unknown FBoneNode bRemoveBone
BoolProperty: unknown FBoneNode bLockBone
BoolProperty: unknown FBoneNode bRemoveBone
BoolProperty: unknown FBoneNode bLockBone
BoolProperty: unknown FBoneNode bRemoveBone
BoolProperty: unknown FBoneNode bLockBone
BoolProperty: unknown FBoneNode bRemoveBone
BoolProperty: unknown FBoneNode bLockBone
BoolProperty: unknown FBoneNode bRemoveBone
BoolProperty: unknown FBoneNode bLockBone
BoolProperty: unknown FBoneNode bRemoveBone
BoolProperty: unknown FBoneNode bLockBone
BoolProperty: unknown FBoneNode bRemoveBone
BoolProperty: unknown FBoneNode bLockBone
BoolProperty: unknown FBoneNode bRemoveBone
BoolProperty: unknown FBoneNode bLockBone
BoolProperty: unknown FBoneNode bRemoveBone
BoolProperty: unknown FBoneNode bLockBone
BoolProperty: unknown FBoneNode bRemoveBone
BoolProperty: unknown FBoneNode bLockBone
BoolProperty: unknown FBoneNode bRemoveBone
BoolProperty: unknown FBoneNode bLockBone
BoolProperty: unknown FBoneNode bRemoveBone
BoolProperty: unknown FBoneNode bLockBone
BoolProperty: unknown FBoneNode bRemoveBone
BoolProperty: unknown FBoneNode bLockBone
BoolProperty: unknown FBoneNode bRemoveBone
BoolProperty: unknown FBoneNode bLockBone
BoolProperty: unknown FBoneNode bRemoveBone
BoolProperty: unknown FBoneNode bLockBone
BoolProperty: unknown FBoneNode bRemoveBone
BoolProperty: unknown FBoneNode bLockBone
BoolProperty: unknown FBoneNode bRemoveBone
BoolProperty: unknown FBoneNode bLockBone
BoolProperty: unknown FBoneNode bRemoveBone
BoolProperty: unknown FBoneNode bLockBone
BoolProperty: unknown FBoneNode bRemoveBone
BoolProperty: unknown FBoneNode bLockBone
BoolProperty: unknown FBoneNode bRemoveBone
BoolProperty: unknown FBoneNode bLockBone
BoolProperty: unknown FBoneNode bRemoveBone
BoolProperty: unknown FBoneNode bLockBone
BoolProperty: unknown FBoneNode bRemoveBone
BoolProperty: unknown FBoneNode bLockBone
BoolProperty: unknown FBoneNode bRemoveBone
BoolProperty: unknown FBoneNode bLockBone
BoolProperty: unknown FBoneNode bRemoveBone
BoolProperty: unknown FBoneNode bLockBone
BoolProperty: unknown FBoneNode bRemoveBone
BoolProperty: unknown FBoneNode bLockBone
BoolProperty: unknown FBoneNode bRemoveBone
BoolProperty: unknown FBoneNode bLockBone
BoolProperty: unknown FBoneNode bRemoveBone
BoolProperty: unknown FBoneNode bLockBone
BoolProperty: unknown FBoneNode bRemoveBone
BoolProperty: unknown FBoneNode bLockBone
BoolProperty: unknown FBoneNode bRemoveBone
BoolProperty: unknown FBoneNode bLockBone
BoolProperty: unknown FBoneNode bRemoveBone
BoolProperty: unknown FBoneNode bLockBone
BoolProperty: unknown FBoneNode bRemoveBone
BoolProperty: unknown FBoneNode bLockBone
BoolProperty: unknown FBoneNode bRemoveBone
BoolProperty: unknown FBoneNode bLockBone
BoolProperty: unknown FBoneNode bRemoveBone
BoolProperty: unknown FBoneNode bLockBone
BoolProperty: unknown FBoneNode bRemoveBone
BoolProperty: unknown FBoneNode bLockBone
BoolProperty: unknown FBoneNode bRemoveBone
BoolProperty: unknown FBoneNode bLockBone
BoolProperty: unknown FBoneNode bRemoveBone
BoolProperty: unknown FBoneNode bLockBone
BoolProperty: unknown FBoneNode bRemoveBone
Exporting objects ...
Exporting AnimSequence4 Liopleurodon-Torpid-Out-Wild to C:/Users/Nez/Desktop/GitHub/Ark-Survival-Returns/.work/exports/actorx/PrimalEarth/Dinos/Liopleurodon/Animations/Liopleurodon-Torpid-Out-Wild.psa
Memory: allocated 766315 bytes in 473 blocks
Exported 25/25 objects in 0.1 sec
