Found 1893 game files (0 skipped) in 73 folders at path "C:/Users/Nez/Desktop/GitHub/Ark-Survival-Returns/.work/normalized"
Scanned game directory in 0.0 sec, 2080 allocs, 0.00 MBytes serialized in 0 calls.
Loading package: PrimalEarth/Dinos/Plesiosaur/Animations/Plesiosaur-Aim-Center.uasset Ver: 405/10 Engine: 0 Names: 39 Exports: 1 Imports: 6 Game: 1000051
Loading package: PrimalEarth/Dinos/Plesiosaur/Animations/Plesiosaur-Aim-Dwn-Lft.uasset Ver: 405/10 Engine: 0 Names: 39 Exports: 1 Imports: 6 Game: 1000051
Loading package: PrimalEarth/Dinos/Plesiosaur/Animations/Plesiosaur-Aim-Dwn-Rit.uasset Ver: 405/10 Engine: 0 Names: 39 Exports: 1 Imports: 6 Game: 1000051
Loading package: PrimalEarth/Dinos/Plesiosaur/Animations/Plesiosaur-Aim-Dwn.uasset Ver: 405/10 Engine: 0 Names: 39 Exports: 1 Imports: 6 Game: 1000051
Loading package: PrimalEarth/Dinos/Plesiosaur/Animations/Plesiosaur-Aim-Lft.uasset Ver: 405/10 Engine: 0 Names: 39 Exports: 1 Imports: 6 Game: 1000051
Loading package: PrimalEarth/Dinos/Plesiosaur/Animations/Plesiosaur-Aim-Rit.uasset Ver: 405/10 Engine: 0 Names: 39 Exports: 1 Imports: 6 Game: 1000051
Loading package: PrimalEarth/Dinos/Plesiosaur/Animations/Plesiosaur-Aim-Up-Lft.uasset Ver: 405/10 Engine: 0 Names: 39 Exports: 1 Imports: 6 Game: 1000051
Loading package: PrimalEarth/Dinos/Plesiosaur/Animations/Plesiosaur-Aim-Up-Rit.uasset Ver: 405/10 Engine: 0 Names: 39 Exports: 1 Imports: 6 Game: 1000051
Loading package: PrimalEarth/Dinos/Plesiosaur/Animations/Plesiosaur-Aim-Up.uasset Ver: 405/10 Engine: 0 Names: 39 Exports: 1 Imports: 6 Game: 1000051
Loading package: PrimalEarth/Dinos/Plesiosaur/Animations/Plesiosaur-Attack-Bite.uasset Ver: 405/10 Engine: 0 Names: 57 Exports: 2 Imports: 8 Game: 1000051
Loading package: PrimalEarth/Dinos/Plesiosaur/Animations/Plesiosaur-Attack-Bite_Montage.uasset Ver: 405/10 Engine: 0 Names: 55 Exports: 2 Imports: 8 Game: 1000051
Loading package: PrimalEarth/Dinos/Plesiosaur/Animations/Plesiosaur-Eat.uasset Ver: 405/10 Engine: 0 Names: 58 Exports: 2 Imports: 10 Game: 1000051
Loading package: PrimalEarth/Dinos/Plesiosaur/Animations/Plesiosaur-Eat_Montage.uasset Ver: 405/10 Engine: 0 Names: 37 Exports: 1 Imports: 6 Game: 1000051
Loading package: PrimalEarth/Dinos/Plesiosaur/Animations/Plesiosaur-Hurt-Big-Lft.uasset Ver: 405/10 Engine: 0 Names: 39 Exports: 1 Imports: 6 Game: 1000051
Loading package: PrimalEarth/Dinos/Plesiosaur/Animations/Plesiosaur-Hurt-Big-Lft_Montage.uasset Ver: 405/10 Engine: 0 Names: 39 Exports: 1 Imports: 6 Game: 1000051
Loading package: PrimalEarth/Dinos/Plesiosaur/Animations/Plesiosaur-Idle.uasset Ver: 405/10 Engine: 0 Names: 30 Exports: 1 Imports: 4 Game: 1000051
Loading package: PrimalEarth/Dinos/Plesiosaur/Animations/Plesiosaur-Lay-Egg.uasset Ver: 405/10 Engine: 0 Names: 55 Exports: 2 Imports: 8 Game: 1000051
Loading package: PrimalEarth/Dinos/Plesiosaur/Animations/Plesiosaur-Lay-Egg_Montage.uasset Ver: 405/10 Engine: 0 Names: 37 Exports: 1 Imports: 6 Game: 1000051
Loading package: PrimalEarth/Dinos/Plesiosaur/Animations/Plesiosaur-Move-Fwd.uasset Ver: 405/10 Engine: 0 Names: 50 Exports: 3 Imports: 8 Game: 1000051
Loading package: PrimalEarth/Dinos/Plesiosaur/Animations/Plesiosaur-Move-Lft.uasset Ver: 405/10 Engine: 0 Names: 50 Exports: 3 Imports: 8 Game: 1000051
Loading package: PrimalEarth/Dinos/Plesiosaur/Animations/Plesiosaur-Move-Rit.uasset Ver: 405/10 Engine: 0 Names: 50 Exports: 3 Imports: 8 Game: 1000051
Loading package: PrimalEarth/Dinos/Plesiosaur/Animations/Plesiosaur-Torpid-Eat.uasset Ver: 405/10 Engine: 0 Names: 49 Exports: 7 Imports: 8 Game: 1000051
Loading package: PrimalEarth/Dinos/Plesiosaur/Animations/Plesiosaur-Torpid-Eat_Montage.uasset Ver: 405/10 Engine: 0 Names: 37 Exports: 1 Imports: 6 Game: 1000051
Loading package: PrimalEarth/Dinos/Plesiosaur/Animations/Plesiosaur-Torpid-Idle.uasset Ver: 405/10 Engine: 0 Names: 30 Exports: 1 Imports: 4 Game: 1000051
Loading package: PrimalEarth/Dinos/Plesiosaur/Animations/Plesiosaur-Torpid-Idle_Montage.uasset Ver: 405/10 Engine: 0 Names: 37 Exports: 1 Imports: 6 Game: 1000051
Loading package: PrimalEarth/Dinos/Plesiosaur/Animations/Plesiosaur-Torpid-In.uasset Ver: 405/10 Engine: 0 Names: 30 Exports: 1 Imports: 4 Game: 1000051
Loading package: PrimalEarth/Dinos/Plesiosaur/Animations/Plesiosaur-Torpid-In_Montage.uasset Ver: 405/10 Engine: 0 Names: 37 Exports: 1 Imports: 6 Game: 1000051
Loading package: PrimalEarth/Dinos/Plesiosaur/Animations/Plesiosaur-Torpid-Out-Tamed.uasset Ver: 405/10 Engine: 0 Names: 49 Exports: 2 Imports: 8 Game: 1000051
Loading package: PrimalEarth/Dinos/Plesiosaur/Animations/Plesiosaur-Torpid-Out-Tamed_Montage.uasset Ver: 405/10 Engine: 0 Names: 37 Exports: 1 Imports: 6 Game: 1000051
Loading package: PrimalEarth/Dinos/Plesiosaur/Animations/Plesiosaur-Torpid-Out-Wild.uasset Ver: 405/10 Engine: 0 Names: 30 Exports: 1 Imports: 4 Game: 1000051
Loading package: PrimalEarth/Dinos/Plesiosaur/Animations/Plesiosaur-Torpid-Out-Wild_Montage.uasset Ver: 405/10 Engine: 0 Names: 37 Exports: 1 Imports: 6 Game: 1000051
Loading package: PrimalEarth/Dinos/Plesiosaur/Animations/Plesiosaur_AimOffset.uasset Ver: 405/10 Engine: 0 Names: 49 Exports: 1 Imports: 22 Game: 1000051
Loaded in 0.2 sec, 646 allocs, 0.11 MBytes serialized in 32 calls.
Loading AnimSequence4 Plesiosaur-Aim-Center from package PrimalEarth/Dinos/Plesiosaur/Animations/Plesiosaur-Aim-Center.uasset
Loading package: PrimalEarth/Dinos/Plesiosaur/Plesiosaur_Skeleton.uasset Ver: 405/10 Engine: 0 Names: 101 Exports: 19 Imports: 3 Game: 1000051
Loading AnimSequence4 Plesiosaur-Idle from package PrimalEarth/Dinos/Plesiosaur/Animations/Plesiosaur-Idle.uasset
Loading Skeleton Plesiosaur_Skeleton from package PrimalEarth/Dinos/Plesiosaur/Plesiosaur_Skeleton.uasset
BoolProperty: unknown FBoneNode bLockBone
BoolProperty: unknown FBoneNode bRemoveBone
BoolProperty: unknown FBoneNode bLockBone
BoolProperty: unknown FBoneNode bRemoveBone
BoolProperty: unknown FBoneNode bLockBone
BoolProperty: unknown FBoneNode bRemoveBone
BoolProperty: unknown FBoneNode bLockBone
BoolProperty: unknown FBoneNode bRemoveBone
BoolProperty: unknown FBoneNode bLockBone
BoolProperty: unknown FBoneNode bRemoveBone
BoolProperty: unknown FBoneNode bLockBone
BoolProperty: unknown FBoneNode bRemoveBone
BoolProperty: unknown FBoneNode bLockBone
BoolProperty: unknown FBoneNode bRemoveBone
BoolProperty: unknown FBoneNode bLockBone
BoolProperty: unknown FBoneNode bRemoveBone
BoolProperty: unknown FBoneNode bLockBone
BoolProperty: unknown FBoneNode bRemoveBone
BoolProperty: unknown FBoneNode bLockBone
BoolProperty: unknown FBoneNode bRemoveBone
BoolProperty: unknown FBoneNode bLockBone
BoolProperty: unknown FBoneNode bRemoveBone
BoolProperty: unknown FBoneNode bLockBone
BoolProperty: unknown FBoneNode bRemoveBone
BoolProperty: unknown FBoneNode bLockBone
BoolProperty: unknown FBoneNode bRemoveBone
BoolProperty: unknown FBoneNode bLockBone
BoolProperty: unknown FBoneNode bRemoveBone
BoolProperty: unknown FBoneNode bLockBone
BoolProperty: unknown FBoneNode bRemoveBone
BoolProperty: unknown FBoneNode bLockBone
BoolProperty: unknown FBoneNode bRemoveBone
BoolProperty: unknown FBoneNode bLockBone
BoolProperty: unknown FBoneNode bRemoveBone
BoolProperty: unknown FBoneNode bLockBone
BoolProperty: unknown FBoneNode bRemoveBone
BoolProperty: unknown FBoneNode bLockBone
BoolProperty: unknown FBoneNode bRemoveBone
BoolProperty: unknown FBoneNode bLockBone
BoolProperty: unknown FBoneNode bRemoveBone
BoolProperty: unknown FBoneNode bLockBone
BoolProperty: unknown FBoneNode bRemoveBone
BoolProperty: unknown FBoneNode bLockBone
BoolProperty: unknown FBoneNode bRemoveBone
BoolProperty: unknown FBoneNode bLockBone
BoolProperty: unknown FBoneNode bRemoveBone
BoolProperty: unknown FBoneNode bLockBone
BoolProperty: unknown FBoneNode bRemoveBone
BoolProperty: unknown FBoneNode bLockBone
BoolProperty: unknown FBoneNode bRemoveBone
BoolProperty: unknown FBoneNode bLockBone
BoolProperty: unknown FBoneNode bRemoveBone
BoolProperty: unknown FBoneNode bLockBone
BoolProperty: unknown FBoneNode bRemoveBone
BoolProperty: unknown FBoneNode bLockBone
BoolProperty: unknown FBoneNode bRemoveBone
BoolProperty: unknown FBoneNode bLockBone
BoolProperty: unknown FBoneNode bRemoveBone
BoolProperty: unknown FBoneNode bLockBone
BoolProperty: unknown FBoneNode bRemoveBone
BoolProperty: unknown FBoneNode bLockBone
BoolProperty: unknown FBoneNode bRemoveBone
BoolProperty: unknown FBoneNode bLockBone
BoolProperty: unknown FBoneNode bRemoveBone
BoolProperty: unknown FBoneNode bLockBone
BoolProperty: unknown FBoneNode bRemoveBone
BoolProperty: unknown FBoneNode bLockBone
BoolProperty: unknown FBoneNode bRemoveBone
BoolProperty: unknown FBoneNode bLockBone
BoolProperty: unknown FBoneNode bRemoveBone
BoolProperty: unknown FBoneNode bLockBone
BoolProperty: unknown FBoneNode bRemoveBone
BoolProperty: unknown FBoneNode bLockBone
BoolProperty: unknown FBoneNode bRemoveBone
BoolProperty: unknown FBoneNode bLockBone
BoolProperty: unknown FBoneNode bRemoveBone
BoolProperty: unknown FBoneNode bLockBone
BoolProperty: unknown FBoneNode bRemoveBone
BoolProperty: unknown FBoneNode bLockBone
BoolProperty: unknown FBoneNode bRemoveBone
BoolProperty: unknown FBoneNode bLockBone
BoolProperty: unknown FBoneNode bRemoveBone
BoolProperty: unknown FBoneNode bLockBone
BoolProperty: unknown FBoneNode bRemoveBone
Exporting objects ...
Exporting AnimSequence4 Plesiosaur-Aim-Center to C:/Users/Nez/Desktop/GitHub/Ark-Survival-Returns/.work/exports/actorx/PrimalEarth/Dinos/Plesiosaur/Animations/Plesiosaur-Aim-Center.psa
Exporting AnimSequence4 Plesiosaur-Idle to C:/Users/Nez/Desktop/GitHub/Ark-Survival-Returns/.work/exports/actorx/PrimalEarth/Dinos/Plesiosaur/Animations/Plesiosaur-Idle.psa
Memory: allocated 480859 bytes in 386 blocks
Loading AnimSequence4 Plesiosaur-Aim-Dwn-Lft from package PrimalEarth/Dinos/Plesiosaur/Animations/Plesiosaur-Aim-Dwn-Lft.uasset
Loading AnimSequence4 Plesiosaur-Idle from package PrimalEarth/Dinos/Plesiosaur/Animations/Plesiosaur-Idle.uasset
Loading Skeleton Plesiosaur_Skeleton from package PrimalEarth/Dinos/Plesiosaur/Plesiosaur_Skeleton.uasset
BoolProperty: unknown FBoneNode bLockBone
BoolProperty: unknown FBoneNode bRemoveBone
BoolProperty: unknown FBoneNode bLockBone
BoolProperty: unknown FBoneNode bRemoveBone
BoolProperty: unknown FBoneNode bLockBone
BoolProperty: unknown FBoneNode bRemoveBone
BoolProperty: unknown FBoneNode bLockBone
BoolProperty: unknown FBoneNode bRemoveBone
BoolProperty: unknown FBoneNode bLockBone
BoolProperty: unknown FBoneNode bRemoveBone
BoolProperty: unknown FBoneNode bLockBone
BoolProperty: unknown FBoneNode bRemoveBone
BoolProperty: unknown FBoneNode bLockBone
BoolProperty: unknown FBoneNode bRemoveBone
BoolProperty: unknown FBoneNode bLockBone
BoolProperty: unknown FBoneNode bRemoveBone
BoolProperty: unknown FBoneNode bLockBone
BoolProperty: unknown FBoneNode bRemoveBone
BoolProperty: unknown FBoneNode bLockBone
BoolProperty: unknown FBoneNode bRemoveBone
BoolProperty: unknown FBoneNode bLockBone
BoolProperty: unknown FBoneNode bRemoveBone
BoolProperty: unknown FBoneNode bLockBone
BoolProperty: unknown FBoneNode bRemoveBone
BoolProperty: unknown FBoneNode bLockBone
BoolProperty: unknown FBoneNode bRemoveBone
BoolProperty: unknown FBoneNode bLockBone
BoolProperty: unknown FBoneNode bRemoveBone
BoolProperty: unknown FBoneNode bLockBone
BoolProperty: unknown FBoneNode bRemoveBone
BoolProperty: unknown FBoneNode bLockBone
BoolProperty: unknown FBoneNode bRemoveBone
BoolProperty: unknown FBoneNode bLockBone
BoolProperty: unknown FBoneNode bRemoveBone
BoolProperty: unknown FBoneNode bLockBone
BoolProperty: unknown FBoneNode bRemoveBone
BoolProperty: unknown FBoneNode bLockBone
BoolProperty: unknown FBoneNode bRemoveBone
BoolProperty: unknown FBoneNode bLockBone
BoolProperty: unknown FBoneNode bRemoveBone
BoolProperty: unknown FBoneNode bLockBone
BoolProperty: unknown FBoneNode bRemoveBone
BoolProperty: unknown FBoneNode bLockBone
BoolProperty: unknown FBoneNode bRemoveBone
BoolProperty: unknown FBoneNode bLockBone
BoolProperty: unknown FBoneNode bRemoveBone
BoolProperty: unknown FBoneNode bLockBone
BoolProperty: unknown FBoneNode bRemoveBone
BoolProperty: unknown FBoneNode bLockBone
BoolProperty: unknown FBoneNode bRemoveBone
BoolProperty: unknown FBoneNode bLockBone
BoolProperty: unknown FBoneNode bRemoveBone
BoolProperty: unknown FBoneNode bLockBone
BoolProperty: unknown FBoneNode bRemoveBone
BoolProperty: unknown FBoneNode bLockBone
BoolProperty: unknown FBoneNode bRemoveBone
BoolProperty: unknown FBoneNode bLockBone
BoolProperty: unknown FBoneNode bRemoveBone
BoolProperty: unknown FBoneNode bLockBone
BoolProperty: unknown FBoneNode bRemoveBone
BoolProperty: unknown FBoneNode bLockBone
BoolProperty: unknown FBoneNode bRemoveBone
BoolProperty: unknown FBoneNode bLockBone
BoolProperty: unknown FBoneNode bRemoveBone
BoolProperty: unknown FBoneNode bLockBone
BoolProperty: unknown FBoneNode bRemoveBone
BoolProperty: unknown FBoneNode bLockBone
BoolProperty: unknown FBoneNode bRemoveBone
BoolProperty: unknown FBoneNode bLockBone
BoolProperty: unknown FBoneNode bRemoveBone
BoolProperty: unknown FBoneNode bLockBone
BoolProperty: unknown FBoneNode bRemoveBone
BoolProperty: unknown FBoneNode bLockBone
BoolProperty: unknown FBoneNode bRemoveBone
BoolProperty: unknown FBoneNode bLockBone
BoolProperty: unknown FBoneNode bRemoveBone
BoolProperty: unknown FBoneNode bLockBone
BoolProperty: unknown FBoneNode bRemoveBone
BoolProperty: unknown FBoneNode bLockBone
BoolProperty: unknown FBoneNode bRemoveBone
BoolProperty: unknown FBoneNode bLockBone
BoolProperty: unknown FBoneNode bRemoveBone
BoolProperty: unknown FBoneNode bLockBone
BoolProperty: unknown FBoneNode bRemoveBone
Exporting objects ...
Exporting AnimSequence4 Plesiosaur-Aim-Dwn-Lft to C:/Users/Nez/Desktop/GitHub/Ark-Survival-Returns/.work/exports/actorx/PrimalEarth/Dinos/Plesiosaur/Animations/Plesiosaur-Aim-Dwn-Lft.psa
Memory: allocated 493147 bytes in 389 blocks
Loading AnimSequence4 Plesiosaur-Aim-Dwn-Rit from package PrimalEarth/Dinos/Plesiosaur/Animations/Plesiosaur-Aim-Dwn-Rit.uasset
Loading AnimSequence4 Plesiosaur-Idle from package PrimalEarth/Dinos/Plesiosaur/Animations/Plesiosaur-Idle.uasset
Loading Skeleton Plesiosaur_Skeleton from package PrimalEarth/Dinos/Plesiosaur/Plesiosaur_Skeleton.uasset
BoolProperty: unknown FBoneNode bLockBone
BoolProperty: unknown FBoneNode bRemoveBone
BoolProperty: unknown FBoneNode bLockBone
BoolProperty: unknown FBoneNode bRemoveBone
BoolProperty: unknown FBoneNode bLockBone
BoolProperty: unknown FBoneNode bRemoveBone
BoolProperty: unknown FBoneNode bLockBone
BoolProperty: unknown FBoneNode bRemoveBone
BoolProperty: unknown FBoneNode bLockBone
BoolProperty: unknown FBoneNode bRemoveBone
BoolProperty: unknown FBoneNode bLockBone
BoolProperty: unknown FBoneNode bRemoveBone
BoolProperty: unknown FBoneNode bLockBone
BoolProperty: unknown FBoneNode bRemoveBone
BoolProperty: unknown FBoneNode bLockBone
BoolProperty: unknown FBoneNode bRemoveBone
BoolProperty: unknown FBoneNode bLockBone
BoolProperty: unknown FBoneNode bRemoveBone
BoolProperty: unknown FBoneNode bLockBone
BoolProperty: unknown FBoneNode bRemoveBone
BoolProperty: unknown FBoneNode bLockBone
BoolProperty: unknown FBoneNode bRemoveBone
BoolProperty: unknown FBoneNode bLockBone
BoolProperty: unknown FBoneNode bRemoveBone
BoolProperty: unknown FBoneNode bLockBone
BoolProperty: unknown FBoneNode bRemoveBone
BoolProperty: unknown FBoneNode bLockBone
BoolProperty: unknown FBoneNode bRemoveBone
BoolProperty: unknown FBoneNode bLockBone
BoolProperty: unknown FBoneNode bRemoveBone
BoolProperty: unknown FBoneNode bLockBone
BoolProperty: unknown FBoneNode bRemoveBone
BoolProperty: unknown FBoneNode bLockBone
BoolProperty: unknown FBoneNode bRemoveBone
BoolProperty: unknown FBoneNode bLockBone
BoolProperty: unknown FBoneNode bRemoveBone
BoolProperty: unknown FBoneNode bLockBone
BoolProperty: unknown FBoneNode bRemoveBone
BoolProperty: unknown FBoneNode bLockBone
BoolProperty: unknown FBoneNode bRemoveBone
BoolProperty: unknown FBoneNode bLockBone
BoolProperty: unknown FBoneNode bRemoveBone
BoolProperty: unknown FBoneNode bLockBone
BoolProperty: unknown FBoneNode bRemoveBone
BoolProperty: unknown FBoneNode bLockBone
BoolProperty: unknown FBoneNode bRemoveBone
BoolProperty: unknown FBoneNode bLockBone
BoolProperty: unknown FBoneNode bRemoveBone
BoolProperty: unknown FBoneNode bLockBone
BoolProperty: unknown FBoneNode bRemoveBone
BoolProperty: unknown FBoneNode bLockBone
BoolProperty: unknown FBoneNode bRemoveBone
BoolProperty: unknown FBoneNode bLockBone
BoolProperty: unknown FBoneNode bRemoveBone
BoolProperty: unknown FBoneNode bLockBone
BoolProperty: unknown FBoneNode bRemoveBone
BoolProperty: unknown FBoneNode bLockBone
BoolProperty: unknown FBoneNode bRemoveBone
BoolProperty: unknown FBoneNode bLockBone
BoolProperty: unknown FBoneNode bRemoveBone
BoolProperty: unknown FBoneNode bLockBone
BoolProperty: unknown FBoneNode bRemoveBone
BoolProperty: unknown FBoneNode bLockBone
BoolProperty: unknown FBoneNode bRemoveBone
BoolProperty: unknown FBoneNode bLockBone
BoolProperty: unknown FBoneNode bRemoveBone
BoolProperty: unknown FBoneNode bLockBone
BoolProperty: unknown FBoneNode bRemoveBone
BoolProperty: unknown FBoneNode bLockBone
BoolProperty: unknown FBoneNode bRemoveBone
BoolProperty: unknown FBoneNode bLockBone
BoolProperty: unknown FBoneNode bRemoveBone
BoolProperty: unknown FBoneNode bLockBone
BoolProperty: unknown FBoneNode bRemoveBone
BoolProperty: unknown FBoneNode bLockBone
BoolProperty: unknown FBoneNode bRemoveBone
BoolProperty: unknown FBoneNode bLockBone
BoolProperty: unknown FBoneNode bRemoveBone
BoolProperty: unknown FBoneNode bLockBone
BoolProperty: unknown FBoneNode bRemoveBone
BoolProperty: unknown FBoneNode bLockBone
BoolProperty: unknown FBoneNode bRemoveBone
BoolProperty: unknown FBoneNode bLockBone
BoolProperty: unknown FBoneNode bRemoveBone
Exporting objects ...
Exporting AnimSequence4 Plesiosaur-Aim-Dwn-Rit to C:/Users/Nez/Desktop/GitHub/Ark-Survival-Returns/.work/exports/actorx/PrimalEarth/Dinos/Plesiosaur/Animations/Plesiosaur-Aim-Dwn-Rit.psa
Memory: allocated 505435 bytes in 392 blocks
Loading AnimSequence4 Plesiosaur-Aim-Dwn from package PrimalEarth/Dinos/Plesiosaur/Animations/Plesiosaur-Aim-Dwn.uasset
Loading AnimSequence4 Plesiosaur-Idle from package PrimalEarth/Dinos/Plesiosaur/Animations/Plesiosaur-Idle.uasset
Loading Skeleton Plesiosaur_Skeleton from package PrimalEarth/Dinos/Plesiosaur/Plesiosaur_Skeleton.uasset
BoolProperty: unknown FBoneNode bLockBone
BoolProperty: unknown FBoneNode bRemoveBone
BoolProperty: unknown FBoneNode bLockBone
BoolProperty: unknown FBoneNode bRemoveBone
BoolProperty: unknown FBoneNode bLockBone
BoolProperty: unknown FBoneNode bRemoveBone
BoolProperty: unknown FBoneNode bLockBone
BoolProperty: unknown FBoneNode bRemoveBone
BoolProperty: unknown FBoneNode bLockBone
BoolProperty: unknown FBoneNode bRemoveBone
BoolProperty: unknown FBoneNode bLockBone
BoolProperty: unknown FBoneNode bRemoveBone
BoolProperty: unknown FBoneNode bLockBone
BoolProperty: unknown FBoneNode bRemoveBone
BoolProperty: unknown FBoneNode bLockBone
BoolProperty: unknown FBoneNode bRemoveBone
BoolProperty: unknown FBoneNode bLockBone
BoolProperty: unknown FBoneNode bRemoveBone
BoolProperty: unknown FBoneNode bLockBone
BoolProperty: unknown FBoneNode bRemoveBone
BoolProperty: unknown FBoneNode bLockBone
BoolProperty: unknown FBoneNode bRemoveBone
BoolProperty: unknown FBoneNode bLockBone
BoolProperty: unknown FBoneNode bRemoveBone
BoolProperty: unknown FBoneNode bLockBone
BoolProperty: unknown FBoneNode bRemoveBone
BoolProperty: unknown FBoneNode bLockBone
BoolProperty: unknown FBoneNode bRemoveBone
BoolProperty: unknown FBoneNode bLockBone
BoolProperty: unknown FBoneNode bRemoveBone
BoolProperty: unknown FBoneNode bLockBone
BoolProperty: unknown FBoneNode bRemoveBone
BoolProperty: unknown FBoneNode bLockBone
BoolProperty: unknown FBoneNode bRemoveBone
BoolProperty: unknown FBoneNode bLockBone
BoolProperty: unknown FBoneNode bRemoveBone
BoolProperty: unknown FBoneNode bLockBone
BoolProperty: unknown FBoneNode bRemoveBone
BoolProperty: unknown FBoneNode bLockBone
BoolProperty: unknown FBoneNode bRemoveBone
BoolProperty: unknown FBoneNode bLockBone
BoolProperty: unknown FBoneNode bRemoveBone
BoolProperty: unknown FBoneNode bLockBone
BoolProperty: unknown FBoneNode bRemoveBone
BoolProperty: unknown FBoneNode bLockBone
BoolProperty: unknown FBoneNode bRemoveBone
BoolProperty: unknown FBoneNode bLockBone
BoolProperty: unknown FBoneNode bRemoveBone
BoolProperty: unknown FBoneNode bLockBone
BoolProperty: unknown FBoneNode bRemoveBone
BoolProperty: unknown FBoneNode bLockBone
BoolProperty: unknown FBoneNode bRemoveBone
BoolProperty: unknown FBoneNode bLockBone
BoolProperty: unknown FBoneNode bRemoveBone
BoolProperty: unknown FBoneNode bLockBone
BoolProperty: unknown FBoneNode bRemoveBone
BoolProperty: unknown FBoneNode bLockBone
BoolProperty: unknown FBoneNode bRemoveBone
BoolProperty: unknown FBoneNode bLockBone
BoolProperty: unknown FBoneNode bRemoveBone
BoolProperty: unknown FBoneNode bLockBone
BoolProperty: unknown FBoneNode bRemoveBone
BoolProperty: unknown FBoneNode bLockBone
BoolProperty: unknown FBoneNode bRemoveBone
BoolProperty: unknown FBoneNode bLockBone
BoolProperty: unknown FBoneNode bRemoveBone
BoolProperty: unknown FBoneNode bLockBone
BoolProperty: unknown FBoneNode bRemoveBone
BoolProperty: unknown FBoneNode bLockBone
BoolProperty: unknown FBoneNode bRemoveBone
BoolProperty: unknown FBoneNode bLockBone
BoolProperty: unknown FBoneNode bRemoveBone
BoolProperty: unknown FBoneNode bLockBone
BoolProperty: unknown FBoneNode bRemoveBone
BoolProperty: unknown FBoneNode bLockBone
BoolProperty: unknown FBoneNode bRemoveBone
BoolProperty: unknown FBoneNode bLockBone
BoolProperty: unknown FBoneNode bRemoveBone
BoolProperty: unknown FBoneNode bLockBone
BoolProperty: unknown FBoneNode bRemoveBone
BoolProperty: unknown FBoneNode bLockBone
BoolProperty: unknown FBoneNode bRemoveBone
BoolProperty: unknown FBoneNode bLockBone
BoolProperty: unknown FBoneNode bRemoveBone
Exporting objects ...
Exporting AnimSequence4 Plesiosaur-Aim-Dwn to C:/Users/Nez/Desktop/GitHub/Ark-Survival-Returns/.work/exports/actorx/PrimalEarth/Dinos/Plesiosaur/Animations/Plesiosaur-Aim-Dwn.psa
Memory: allocated 517723 bytes in 395 blocks
Loading AnimSequence4 Plesiosaur-Aim-Lft from package PrimalEarth/Dinos/Plesiosaur/Animations/Plesiosaur-Aim-Lft.uasset
Loading AnimSequence4 Plesiosaur-Idle from package PrimalEarth/Dinos/Plesiosaur/Animations/Plesiosaur-Idle.uasset
Loading Skeleton Plesiosaur_Skeleton from package PrimalEarth/Dinos/Plesiosaur/Plesiosaur_Skeleton.uasset
BoolProperty: unknown FBoneNode bLockBone
BoolProperty: unknown FBoneNode bRemoveBone
BoolProperty: unknown FBoneNode bLockBone
BoolProperty: unknown FBoneNode bRemoveBone
BoolProperty: unknown FBoneNode bLockBone
BoolProperty: unknown FBoneNode bRemoveBone
BoolProperty: unknown FBoneNode bLockBone
BoolProperty: unknown FBoneNode bRemoveBone
BoolProperty: unknown FBoneNode bLockBone
BoolProperty: unknown FBoneNode bRemoveBone
BoolProperty: unknown FBoneNode bLockBone
BoolProperty: unknown FBoneNode bRemoveBone
BoolProperty: unknown FBoneNode bLockBone
BoolProperty: unknown FBoneNode bRemoveBone
BoolProperty: unknown FBoneNode bLockBone
BoolProperty: unknown FBoneNode bRemoveBone
BoolProperty: unknown FBoneNode bLockBone
BoolProperty: unknown FBoneNode bRemoveBone
BoolProperty: unknown FBoneNode bLockBone
BoolProperty: unknown FBoneNode bRemoveBone
BoolProperty: unknown FBoneNode bLockBone
BoolProperty: unknown FBoneNode bRemoveBone
BoolProperty: unknown FBoneNode bLockBone
BoolProperty: unknown FBoneNode bRemoveBone
BoolProperty: unknown FBoneNode bLockBone
BoolProperty: unknown FBoneNode bRemoveBone
BoolProperty: unknown FBoneNode bLockBone
BoolProperty: unknown FBoneNode bRemoveBone
BoolProperty: unknown FBoneNode bLockBone
BoolProperty: unknown FBoneNode bRemoveBone
BoolProperty: unknown FBoneNode bLockBone
BoolProperty: unknown FBoneNode bRemoveBone
BoolProperty: unknown FBoneNode bLockBone
BoolProperty: unknown FBoneNode bRemoveBone
BoolProperty: unknown FBoneNode bLockBone
BoolProperty: unknown FBoneNode bRemoveBone
BoolProperty: unknown FBoneNode bLockBone
BoolProperty: unknown FBoneNode bRemoveBone
BoolProperty: unknown FBoneNode bLockBone
BoolProperty: unknown FBoneNode bRemoveBone
BoolProperty: unknown FBoneNode bLockBone
BoolProperty: unknown FBoneNode bRemoveBone
BoolProperty: unknown FBoneNode bLockBone
BoolProperty: unknown FBoneNode bRemoveBone
BoolProperty: unknown FBoneNode bLockBone
BoolProperty: unknown FBoneNode bRemoveBone
BoolProperty: unknown FBoneNode bLockBone
BoolProperty: unknown FBoneNode bRemoveBone
BoolProperty: unknown FBoneNode bLockBone
BoolProperty: unknown FBoneNode bRemoveBone
BoolProperty: unknown FBoneNode bLockBone
BoolProperty: unknown FBoneNode bRemoveBone
BoolProperty: unknown FBoneNode bLockBone
BoolProperty: unknown FBoneNode bRemoveBone
BoolProperty: unknown FBoneNode bLockBone
BoolProperty: unknown FBoneNode bRemoveBone
BoolProperty: unknown FBoneNode bLockBone
BoolProperty: unknown FBoneNode bRemoveBone
BoolProperty: unknown FBoneNode bLockBone
BoolProperty: unknown FBoneNode bRemoveBone
BoolProperty: unknown FBoneNode bLockBone
BoolProperty: unknown FBoneNode bRemoveBone
BoolProperty: unknown FBoneNode bLockBone
BoolProperty: unknown FBoneNode bRemoveBone
BoolProperty: unknown FBoneNode bLockBone
BoolProperty: unknown FBoneNode bRemoveBone
BoolProperty: unknown FBoneNode bLockBone
BoolProperty: unknown FBoneNode bRemoveBone
BoolProperty: unknown FBoneNode bLockBone
BoolProperty: unknown FBoneNode bRemoveBone
BoolProperty: unknown FBoneNode bLockBone
BoolProperty: unknown FBoneNode bRemoveBone
BoolProperty: unknown FBoneNode bLockBone
BoolProperty: unknown FBoneNode bRemoveBone
BoolProperty: unknown FBoneNode bLockBone
BoolProperty: unknown FBoneNode bRemoveBone
BoolProperty: unknown FBoneNode bLockBone
BoolProperty: unknown FBoneNode bRemoveBone
BoolProperty: unknown FBoneNode bLockBone
BoolProperty: unknown FBoneNode bRemoveBone
BoolProperty: unknown FBoneNode bLockBone
BoolProperty: unknown FBoneNode bRemoveBone
BoolProperty: unknown FBoneNode bLockBone
BoolProperty: unknown FBoneNode bRemoveBone
Exporting objects ...
Exporting AnimSequence4 Plesiosaur-Aim-Lft to C:/Users/Nez/Desktop/GitHub/Ark-Survival-Returns/.work/exports/actorx/PrimalEarth/Dinos/Plesiosaur/Animations/Plesiosaur-Aim-Lft.psa
Memory: allocated 530011 bytes in 398 blocks
Loading AnimSequence4 Plesiosaur-Aim-Rit from package PrimalEarth/Dinos/Plesiosaur/Animations/Plesiosaur-Aim-Rit.uasset
Loading AnimSequence4 Plesiosaur-Idle from package PrimalEarth/Dinos/Plesiosaur/Animations/Plesiosaur-Idle.uasset
Loading Skeleton Plesiosaur_Skeleton from package PrimalEarth/Dinos/Plesiosaur/Plesiosaur_Skeleton.uasset
BoolProperty: unknown FBoneNode bLockBone
BoolProperty: unknown FBoneNode bRemoveBone
BoolProperty: unknown FBoneNode bLockBone
BoolProperty: unknown FBoneNode bRemoveBone
BoolProperty: unknown FBoneNode bLockBone
BoolProperty: unknown FBoneNode bRemoveBone
BoolProperty: unknown FBoneNode bLockBone
BoolProperty: unknown FBoneNode bRemoveBone
BoolProperty: unknown FBoneNode bLockBone
BoolProperty: unknown FBoneNode bRemoveBone
BoolProperty: unknown FBoneNode bLockBone
BoolProperty: unknown FBoneNode bRemoveBone
BoolProperty: unknown FBoneNode bLockBone
BoolProperty: unknown FBoneNode bRemoveBone
BoolProperty: unknown FBoneNode bLockBone
BoolProperty: unknown FBoneNode bRemoveBone
BoolProperty: unknown FBoneNode bLockBone
BoolProperty: unknown FBoneNode bRemoveBone
BoolProperty: unknown FBoneNode bLockBone
BoolProperty: unknown FBoneNode bRemoveBone
BoolProperty: unknown FBoneNode bLockBone
BoolProperty: unknown FBoneNode bRemoveBone
BoolProperty: unknown FBoneNode bLockBone
BoolProperty: unknown FBoneNode bRemoveBone
BoolProperty: unknown FBoneNode bLockBone
BoolProperty: unknown FBoneNode bRemoveBone
BoolProperty: unknown FBoneNode bLockBone
BoolProperty: unknown FBoneNode bRemoveBone
BoolProperty: unknown FBoneNode bLockBone
BoolProperty: unknown FBoneNode bRemoveBone
BoolProperty: unknown FBoneNode bLockBone
BoolProperty: unknown FBoneNode bRemoveBone
BoolProperty: unknown FBoneNode bLockBone
BoolProperty: unknown FBoneNode bRemoveBone
BoolProperty: unknown FBoneNode bLockBone
BoolProperty: unknown FBoneNode bRemoveBone
BoolProperty: unknown FBoneNode bLockBone
BoolProperty: unknown FBoneNode bRemoveBone
BoolProperty: unknown FBoneNode bLockBone
BoolProperty: unknown FBoneNode bRemoveBone
BoolProperty: unknown FBoneNode bLockBone
BoolProperty: unknown FBoneNode bRemoveBone
BoolProperty: unknown FBoneNode bLockBone
BoolProperty: unknown FBoneNode bRemoveBone
BoolProperty: unknown FBoneNode bLockBone
BoolProperty: unknown FBoneNode bRemoveBone
BoolProperty: unknown FBoneNode bLockBone
BoolProperty: unknown FBoneNode bRemoveBone
BoolProperty: unknown FBoneNode bLockBone
BoolProperty: unknown FBoneNode bRemoveBone
BoolProperty: unknown FBoneNode bLockBone
BoolProperty: unknown FBoneNode bRemoveBone
BoolProperty: unknown FBoneNode bLockBone
BoolProperty: unknown FBoneNode bRemoveBone
BoolProperty: unknown FBoneNode bLockBone
BoolProperty: unknown FBoneNode bRemoveBone
BoolProperty: unknown FBoneNode bLockBone
BoolProperty: unknown FBoneNode bRemoveBone
BoolProperty: unknown FBoneNode bLockBone
BoolProperty: unknown FBoneNode bRemoveBone
BoolProperty: unknown FBoneNode bLockBone
BoolProperty: unknown FBoneNode bRemoveBone
BoolProperty: unknown FBoneNode bLockBone
BoolProperty: unknown FBoneNode bRemoveBone
BoolProperty: unknown FBoneNode bLockBone
BoolProperty: unknown FBoneNode bRemoveBone
BoolProperty: unknown FBoneNode bLockBone
BoolProperty: unknown FBoneNode bRemoveBone
BoolProperty: unknown FBoneNode bLockBone
BoolProperty: unknown FBoneNode bRemoveBone
BoolProperty: unknown FBoneNode bLockBone
BoolProperty: unknown FBoneNode bRemoveBone
BoolProperty: unknown FBoneNode bLockBone
BoolProperty: unknown FBoneNode bRemoveBone
BoolProperty: unknown FBoneNode bLockBone
BoolProperty: unknown FBoneNode bRemoveBone
BoolProperty: unknown FBoneNode bLockBone
BoolProperty: unknown FBoneNode bRemoveBone
BoolProperty: unknown FBoneNode bLockBone
BoolProperty: unknown FBoneNode bRemoveBone
BoolProperty: unknown FBoneNode bLockBone
BoolProperty: unknown FBoneNode bRemoveBone
BoolProperty: unknown FBoneNode bLockBone
BoolProperty: unknown FBoneNode bRemoveBone
Exporting objects ...
Exporting AnimSequence4 Plesiosaur-Aim-Rit to C:/Users/Nez/Desktop/GitHub/Ark-Survival-Returns/.work/exports/actorx/PrimalEarth/Dinos/Plesiosaur/Animations/Plesiosaur-Aim-Rit.psa
Memory: allocated 542299 bytes in 401 blocks
Loading AnimSequence4 Plesiosaur-Aim-Up-Lft from package PrimalEarth/Dinos/Plesiosaur/Animations/Plesiosaur-Aim-Up-Lft.uasset
Loading AnimSequence4 Plesiosaur-Idle from package PrimalEarth/Dinos/Plesiosaur/Animations/Plesiosaur-Idle.uasset
Loading Skeleton Plesiosaur_Skeleton from package PrimalEarth/Dinos/Plesiosaur/Plesiosaur_Skeleton.uasset
BoolProperty: unknown FBoneNode bLockBone
BoolProperty: unknown FBoneNode bRemoveBone
BoolProperty: unknown FBoneNode bLockBone
BoolProperty: unknown FBoneNode bRemoveBone
BoolProperty: unknown FBoneNode bLockBone
BoolProperty: unknown FBoneNode bRemoveBone
BoolProperty: unknown FBoneNode bLockBone
BoolProperty: unknown FBoneNode bRemoveBone
BoolProperty: unknown FBoneNode bLockBone
BoolProperty: unknown FBoneNode bRemoveBone
BoolProperty: unknown FBoneNode bLockBone
BoolProperty: unknown FBoneNode bRemoveBone
BoolProperty: unknown FBoneNode bLockBone
BoolProperty: unknown FBoneNode bRemoveBone
BoolProperty: unknown FBoneNode bLockBone
BoolProperty: unknown FBoneNode bRemoveBone
BoolProperty: unknown FBoneNode bLockBone
BoolProperty: unknown FBoneNode bRemoveBone
BoolProperty: unknown FBoneNode bLockBone
BoolProperty: unknown FBoneNode bRemoveBone
BoolProperty: unknown FBoneNode bLockBone
BoolProperty: unknown FBoneNode bRemoveBone
BoolProperty: unknown FBoneNode bLockBone
BoolProperty: unknown FBoneNode bRemoveBone
BoolProperty: unknown FBoneNode bLockBone
BoolProperty: unknown FBoneNode bRemoveBone
BoolProperty: unknown FBoneNode bLockBone
BoolProperty: unknown FBoneNode bRemoveBone
BoolProperty: unknown FBoneNode bLockBone
BoolProperty: unknown FBoneNode bRemoveBone
BoolProperty: unknown FBoneNode bLockBone
BoolProperty: unknown FBoneNode bRemoveBone
BoolProperty: unknown FBoneNode bLockBone
BoolProperty: unknown FBoneNode bRemoveBone
BoolProperty: unknown FBoneNode bLockBone
BoolProperty: unknown FBoneNode bRemoveBone
BoolProperty: unknown FBoneNode bLockBone
BoolProperty: unknown FBoneNode bRemoveBone
BoolProperty: unknown FBoneNode bLockBone
BoolProperty: unknown FBoneNode bRemoveBone
BoolProperty: unknown FBoneNode bLockBone
BoolProperty: unknown FBoneNode bRemoveBone
BoolProperty: unknown FBoneNode bLockBone
BoolProperty: unknown FBoneNode bRemoveBone
BoolProperty: unknown FBoneNode bLockBone
BoolProperty: unknown FBoneNode bRemoveBone
BoolProperty: unknown FBoneNode bLockBone
BoolProperty: unknown FBoneNode bRemoveBone
BoolProperty: unknown FBoneNode bLockBone
BoolProperty: unknown FBoneNode bRemoveBone
BoolProperty: unknown FBoneNode bLockBone
BoolProperty: unknown FBoneNode bRemoveBone
BoolProperty: unknown FBoneNode bLockBone
BoolProperty: unknown FBoneNode bRemoveBone
BoolProperty: unknown FBoneNode bLockBone
BoolProperty: unknown FBoneNode bRemoveBone
BoolProperty: unknown FBoneNode bLockBone
BoolProperty: unknown FBoneNode bRemoveBone
BoolProperty: unknown FBoneNode bLockBone
BoolProperty: unknown FBoneNode bRemoveBone
BoolProperty: unknown FBoneNode bLockBone
BoolProperty: unknown FBoneNode bRemoveBone
BoolProperty: unknown FBoneNode bLockBone
BoolProperty: unknown FBoneNode bRemoveBone
BoolProperty: unknown FBoneNode bLockBone
BoolProperty: unknown FBoneNode bRemoveBone
BoolProperty: unknown FBoneNode bLockBone
BoolProperty: unknown FBoneNode bRemoveBone
BoolProperty: unknown FBoneNode bLockBone
BoolProperty: unknown FBoneNode bRemoveBone
BoolProperty: unknown FBoneNode bLockBone
BoolProperty: unknown FBoneNode bRemoveBone
BoolProperty: unknown FBoneNode bLockBone
BoolProperty: unknown FBoneNode bRemoveBone
BoolProperty: unknown FBoneNode bLockBone
BoolProperty: unknown FBoneNode bRemoveBone
BoolProperty: unknown FBoneNode bLockBone
BoolProperty: unknown FBoneNode bRemoveBone
BoolProperty: unknown FBoneNode bLockBone
BoolProperty: unknown FBoneNode bRemoveBone
BoolProperty: unknown FBoneNode bLockBone
BoolProperty: unknown FBoneNode bRemoveBone
BoolProperty: unknown FBoneNode bLockBone
BoolProperty: unknown FBoneNode bRemoveBone
Exporting objects ...
Exporting AnimSequence4 Plesiosaur-Aim-Up-Lft to C:/Users/Nez/Desktop/GitHub/Ark-Survival-Returns/.work/exports/actorx/PrimalEarth/Dinos/Plesiosaur/Animations/Plesiosaur-Aim-Up-Lft.psa
Memory: allocated 554587 bytes in 404 blocks
Loading AnimSequence4 Plesiosaur-Aim-Up-Rit from package PrimalEarth/Dinos/Plesiosaur/Animations/Plesiosaur-Aim-Up-Rit.uasset
Loading AnimSequence4 Plesiosaur-Idle from package PrimalEarth/Dinos/Plesiosaur/Animations/Plesiosaur-Idle.uasset
Loading Skeleton Plesiosaur_Skeleton from package PrimalEarth/Dinos/Plesiosaur/Plesiosaur_Skeleton.uasset
BoolProperty: unknown FBoneNode bLockBone
BoolProperty: unknown FBoneNode bRemoveBone
BoolProperty: unknown FBoneNode bLockBone
BoolProperty: unknown FBoneNode bRemoveBone
BoolProperty: unknown FBoneNode bLockBone
BoolProperty: unknown FBoneNode bRemoveBone
BoolProperty: unknown FBoneNode bLockBone
BoolProperty: unknown FBoneNode bRemoveBone
BoolProperty: unknown FBoneNode bLockBone
BoolProperty: unknown FBoneNode bRemoveBone
BoolProperty: unknown FBoneNode bLockBone
BoolProperty: unknown FBoneNode bRemoveBone
BoolProperty: unknown FBoneNode bLockBone
BoolProperty: unknown FBoneNode bRemoveBone
BoolProperty: unknown FBoneNode bLockBone
BoolProperty: unknown FBoneNode bRemoveBone
BoolProperty: unknown FBoneNode bLockBone
BoolProperty: unknown FBoneNode bRemoveBone
BoolProperty: unknown FBoneNode bLockBone
BoolProperty: unknown FBoneNode bRemoveBone
BoolProperty: unknown FBoneNode bLockBone
BoolProperty: unknown FBoneNode bRemoveBone
BoolProperty: unknown FBoneNode bLockBone
BoolProperty: unknown FBoneNode bRemoveBone
BoolProperty: unknown FBoneNode bLockBone
BoolProperty: unknown FBoneNode bRemoveBone
BoolProperty: unknown FBoneNode bLockBone
BoolProperty: unknown FBoneNode bRemoveBone
BoolProperty: unknown FBoneNode bLockBone
BoolProperty: unknown FBoneNode bRemoveBone
BoolProperty: unknown FBoneNode bLockBone
BoolProperty: unknown FBoneNode bRemoveBone
BoolProperty: unknown FBoneNode bLockBone
BoolProperty: unknown FBoneNode bRemoveBone
BoolProperty: unknown FBoneNode bLockBone
BoolProperty: unknown FBoneNode bRemoveBone
BoolProperty: unknown FBoneNode bLockBone
BoolProperty: unknown FBoneNode bRemoveBone
BoolProperty: unknown FBoneNode bLockBone
BoolProperty: unknown FBoneNode bRemoveBone
BoolProperty: unknown FBoneNode bLockBone
BoolProperty: unknown FBoneNode bRemoveBone
BoolProperty: unknown FBoneNode bLockBone
BoolProperty: unknown FBoneNode bRemoveBone
BoolProperty: unknown FBoneNode bLockBone
BoolProperty: unknown FBoneNode bRemoveBone
BoolProperty: unknown FBoneNode bLockBone
BoolProperty: unknown FBoneNode bRemoveBone
BoolProperty: unknown FBoneNode bLockBone
BoolProperty: unknown FBoneNode bRemoveBone
BoolProperty: unknown FBoneNode bLockBone
BoolProperty: unknown FBoneNode bRemoveBone
BoolProperty: unknown FBoneNode bLockBone
BoolProperty: unknown FBoneNode bRemoveBone
BoolProperty: unknown FBoneNode bLockBone
BoolProperty: unknown FBoneNode bRemoveBone
BoolProperty: unknown FBoneNode bLockBone
BoolProperty: unknown FBoneNode bRemoveBone
BoolProperty: unknown FBoneNode bLockBone
BoolProperty: unknown FBoneNode bRemoveBone
BoolProperty: unknown FBoneNode bLockBone
BoolProperty: unknown FBoneNode bRemoveBone
BoolProperty: unknown FBoneNode bLockBone
BoolProperty: unknown FBoneNode bRemoveBone
BoolProperty: unknown FBoneNode bLockBone
BoolProperty: unknown FBoneNode bRemoveBone
BoolProperty: unknown FBoneNode bLockBone
BoolProperty: unknown FBoneNode bRemoveBone
BoolProperty: unknown FBoneNode bLockBone
BoolProperty: unknown FBoneNode bRemoveBone
BoolProperty: unknown FBoneNode bLockBone
BoolProperty: unknown FBoneNode bRemoveBone
BoolProperty: unknown FBoneNode bLockBone
BoolProperty: unknown FBoneNode bRemoveBone
BoolProperty: unknown FBoneNode bLockBone
BoolProperty: unknown FBoneNode bRemoveBone
BoolProperty: unknown FBoneNode bLockBone
BoolProperty: unknown FBoneNode bRemoveBone
BoolProperty: unknown FBoneNode bLockBone
BoolProperty: unknown FBoneNode bRemoveBone
BoolProperty: unknown FBoneNode bLockBone
BoolProperty: unknown FBoneNode bRemoveBone
BoolProperty: unknown FBoneNode bLockBone
BoolProperty: unknown FBoneNode bRemoveBone
Exporting objects ...
Exporting AnimSequence4 Plesiosaur-Aim-Up-Rit to C:/Users/Nez/Desktop/GitHub/Ark-Survival-Returns/.work/exports/actorx/PrimalEarth/Dinos/Plesiosaur/Animations/Plesiosaur-Aim-Up-Rit.psa
Memory: allocated 566875 bytes in 407 blocks
Loading AnimSequence4 Plesiosaur-Aim-Up from package PrimalEarth/Dinos/Plesiosaur/Animations/Plesiosaur-Aim-Up.uasset
Loading AnimSequence4 Plesiosaur-Idle from package PrimalEarth/Dinos/Plesiosaur/Animations/Plesiosaur-Idle.uasset
Loading Skeleton Plesiosaur_Skeleton from package PrimalEarth/Dinos/Plesiosaur/Plesiosaur_Skeleton.uasset
BoolProperty: unknown FBoneNode bLockBone
BoolProperty: unknown FBoneNode bRemoveBone
BoolProperty: unknown FBoneNode bLockBone
BoolProperty: unknown FBoneNode bRemoveBone
BoolProperty: unknown FBoneNode bLockBone
BoolProperty: unknown FBoneNode bRemoveBone
BoolProperty: unknown FBoneNode bLockBone
BoolProperty: unknown FBoneNode bRemoveBone
BoolProperty: unknown FBoneNode bLockBone
BoolProperty: unknown FBoneNode bRemoveBone
BoolProperty: unknown FBoneNode bLockBone
BoolProperty: unknown FBoneNode bRemoveBone
BoolProperty: unknown FBoneNode bLockBone
BoolProperty: unknown FBoneNode bRemoveBone
BoolProperty: unknown FBoneNode bLockBone
BoolProperty: unknown FBoneNode bRemoveBone
BoolProperty: unknown FBoneNode bLockBone
BoolProperty: unknown FBoneNode bRemoveBone
BoolProperty: unknown FBoneNode bLockBone
BoolProperty: unknown FBoneNode bRemoveBone
BoolProperty: unknown FBoneNode bLockBone
BoolProperty: unknown FBoneNode bRemoveBone
BoolProperty: unknown FBoneNode bLockBone
BoolProperty: unknown FBoneNode bRemoveBone
BoolProperty: unknown FBoneNode bLockBone
BoolProperty: unknown FBoneNode bRemoveBone
BoolProperty: unknown FBoneNode bLockBone
BoolProperty: unknown FBoneNode bRemoveBone
BoolProperty: unknown FBoneNode bLockBone
BoolProperty: unknown FBoneNode bRemoveBone
BoolProperty: unknown FBoneNode bLockBone
BoolProperty: unknown FBoneNode bRemoveBone
BoolProperty: unknown FBoneNode bLockBone
BoolProperty: unknown FBoneNode bRemoveBone
BoolProperty: unknown FBoneNode bLockBone
BoolProperty: unknown FBoneNode bRemoveBone
BoolProperty: unknown FBoneNode bLockBone
BoolProperty: unknown FBoneNode bRemoveBone
BoolProperty: unknown FBoneNode bLockBone
BoolProperty: unknown FBoneNode bRemoveBone
BoolProperty: unknown FBoneNode bLockBone
BoolProperty: unknown FBoneNode bRemoveBone
BoolProperty: unknown FBoneNode bLockBone
BoolProperty: unknown FBoneNode bRemoveBone
BoolProperty: unknown FBoneNode bLockBone
BoolProperty: unknown FBoneNode bRemoveBone
BoolProperty: unknown FBoneNode bLockBone
BoolProperty: unknown FBoneNode bRemoveBone
BoolProperty: unknown FBoneNode bLockBone
BoolProperty: unknown FBoneNode bRemoveBone
BoolProperty: unknown FBoneNode bLockBone
BoolProperty: unknown FBoneNode bRemoveBone
BoolProperty: unknown FBoneNode bLockBone
BoolProperty: unknown FBoneNode bRemoveBone
BoolProperty: unknown FBoneNode bLockBone
BoolProperty: unknown FBoneNode bRemoveBone
BoolProperty: unknown FBoneNode bLockBone
BoolProperty: unknown FBoneNode bRemoveBone
BoolProperty: unknown FBoneNode bLockBone
BoolProperty: unknown FBoneNode bRemoveBone
BoolProperty: unknown FBoneNode bLockBone
BoolProperty: unknown FBoneNode bRemoveBone
BoolProperty: unknown FBoneNode bLockBone
BoolProperty: unknown FBoneNode bRemoveBone
BoolProperty: unknown FBoneNode bLockBone
BoolProperty: unknown FBoneNode bRemoveBone
BoolProperty: unknown FBoneNode bLockBone
BoolProperty: unknown FBoneNode bRemoveBone
BoolProperty: unknown FBoneNode bLockBone
BoolProperty: unknown FBoneNode bRemoveBone
BoolProperty: unknown FBoneNode bLockBone
BoolProperty: unknown FBoneNode bRemoveBone
BoolProperty: unknown FBoneNode bLockBone
BoolProperty: unknown FBoneNode bRemoveBone
BoolProperty: unknown FBoneNode bLockBone
BoolProperty: unknown FBoneNode bRemoveBone
BoolProperty: unknown FBoneNode bLockBone
BoolProperty: unknown FBoneNode bRemoveBone
BoolProperty: unknown FBoneNode bLockBone
BoolProperty: unknown FBoneNode bRemoveBone
BoolProperty: unknown FBoneNode bLockBone
BoolProperty: unknown FBoneNode bRemoveBone
BoolProperty: unknown FBoneNode bLockBone
BoolProperty: unknown FBoneNode bRemoveBone
Exporting objects ...
Exporting AnimSequence4 Plesiosaur-Aim-Up to C:/Users/Nez/Desktop/GitHub/Ark-Survival-Returns/.work/exports/actorx/PrimalEarth/Dinos/Plesiosaur/Animations/Plesiosaur-Aim-Up.psa
Memory: allocated 579163 bytes in 410 blocks
Loading AnimSequence4 Plesiosaur-Attack-Bite from package PrimalEarth/Dinos/Plesiosaur/Animations/Plesiosaur-Attack-Bite.uasset
FloatProperty: unknown FAnimNotifyEvent DisplayTime
BoolProperty: unknown FAnimNotifyEvent bIgnoreOnDediServer
Loading Skeleton Plesiosaur_Skeleton from package PrimalEarth/Dinos/Plesiosaur/Plesiosaur_Skeleton.uasset
BoolProperty: unknown FBoneNode bLockBone
BoolProperty: unknown FBoneNode bRemoveBone
BoolProperty: unknown FBoneNode bLockBone
BoolProperty: unknown FBoneNode bRemoveBone
BoolProperty: unknown FBoneNode bLockBone
BoolProperty: unknown FBoneNode bRemoveBone
BoolProperty: unknown FBoneNode bLockBone
BoolProperty: unknown FBoneNode bRemoveBone
BoolProperty: unknown FBoneNode bLockBone
BoolProperty: unknown FBoneNode bRemoveBone
BoolProperty: unknown FBoneNode bLockBone
BoolProperty: unknown FBoneNode bRemoveBone
BoolProperty: unknown FBoneNode bLockBone
BoolProperty: unknown FBoneNode bRemoveBone
BoolProperty: unknown FBoneNode bLockBone
BoolProperty: unknown FBoneNode bRemoveBone
BoolProperty: unknown FBoneNode bLockBone
BoolProperty: unknown FBoneNode bRemoveBone
BoolProperty: unknown FBoneNode bLockBone
BoolProperty: unknown FBoneNode bRemoveBone
BoolProperty: unknown FBoneNode bLockBone
BoolProperty: unknown FBoneNode bRemoveBone
BoolProperty: unknown FBoneNode bLockBone
BoolProperty: unknown FBoneNode bRemoveBone
BoolProperty: unknown FBoneNode bLockBone
BoolProperty: unknown FBoneNode bRemoveBone
BoolProperty: unknown FBoneNode bLockBone
BoolProperty: unknown FBoneNode bRemoveBone
BoolProperty: unknown FBoneNode bLockBone
BoolProperty: unknown FBoneNode bRemoveBone
BoolProperty: unknown FBoneNode bLockBone
BoolProperty: unknown FBoneNode bRemoveBone
BoolProperty: unknown FBoneNode bLockBone
BoolProperty: unknown FBoneNode bRemoveBone
BoolProperty: unknown FBoneNode bLockBone
BoolProperty: unknown FBoneNode bRemoveBone
BoolProperty: unknown FBoneNode bLockBone
BoolProperty: unknown FBoneNode bRemoveBone
BoolProperty: unknown FBoneNode bLockBone
BoolProperty: unknown FBoneNode bRemoveBone
BoolProperty: unknown FBoneNode bLockBone
BoolProperty: unknown FBoneNode bRemoveBone
BoolProperty: unknown FBoneNode bLockBone
BoolProperty: unknown FBoneNode bRemoveBone
BoolProperty: unknown FBoneNode bLockBone
BoolProperty: unknown FBoneNode bRemoveBone
BoolProperty: unknown FBoneNode bLockBone
BoolProperty: unknown FBoneNode bRemoveBone
BoolProperty: unknown FBoneNode bLockBone
BoolProperty: unknown FBoneNode bRemoveBone
BoolProperty: unknown FBoneNode bLockBone
BoolProperty: unknown FBoneNode bRemoveBone
BoolProperty: unknown FBoneNode bLockBone
BoolProperty: unknown FBoneNode bRemoveBone
BoolProperty: unknown FBoneNode bLockBone
BoolProperty: unknown FBoneNode bRemoveBone
BoolProperty: unknown FBoneNode bLockBone
BoolProperty: unknown FBoneNode bRemoveBone
BoolProperty: unknown FBoneNode bLockBone
BoolProperty: unknown FBoneNode bRemoveBone
BoolProperty: unknown FBoneNode bLockBone
BoolProperty: unknown FBoneNode bRemoveBone
BoolProperty: unknown FBoneNode bLockBone
BoolProperty: unknown FBoneNode bRemoveBone
BoolProperty: unknown FBoneNode bLockBone
BoolProperty: unknown FBoneNode bRemoveBone
BoolProperty: unknown FBoneNode bLockBone
BoolProperty: unknown FBoneNode bRemoveBone
BoolProperty: unknown FBoneNode bLockBone
BoolProperty: unknown FBoneNode bRemoveBone
BoolProperty: unknown FBoneNode bLockBone
BoolProperty: unknown FBoneNode bRemoveBone
BoolProperty: unknown FBoneNode bLockBone
BoolProperty: unknown FBoneNode bRemoveBone
BoolProperty: unknown FBoneNode bLockBone
BoolProperty: unknown FBoneNode bRemoveBone
BoolProperty: unknown FBoneNode bLockBone
BoolProperty: unknown FBoneNode bRemoveBone
BoolProperty: unknown FBoneNode bLockBone
BoolProperty: unknown FBoneNode bRemoveBone
BoolProperty: unknown FBoneNode bLockBone
BoolProperty: unknown FBoneNode bRemoveBone
BoolProperty: unknown FBoneNode bLockBone
BoolProperty: unknown FBoneNode bRemoveBone
Exporting objects ...
Exporting AnimSequence4 Plesiosaur-Attack-Bite to C:/Users/Nez/Desktop/GitHub/Ark-Survival-Returns/.work/exports/actorx/PrimalEarth/Dinos/Plesiosaur/Animations/Plesiosaur-Attack-Bite.psa
Memory: allocated 591451 bytes in 413 blocks
Loading AnimSequence4 Plesiosaur-Eat from package PrimalEarth/Dinos/Plesiosaur/Animations/Plesiosaur-Eat.uasset
FloatProperty: unknown FAnimNotifyEvent DisplayTime
BoolProperty: unknown FAnimNotifyEvent bIgnoreOnDediServer
Loading AnimSequence4 Plesiosaur-Idle from package PrimalEarth/Dinos/Plesiosaur/Animations/Plesiosaur-Idle.uasset
Loading Skeleton Plesiosaur_Skeleton from package PrimalEarth/Dinos/Plesiosaur/Plesiosaur_Skeleton.uasset
BoolProperty: unknown FBoneNode bLockBone
BoolProperty: unknown FBoneNode bRemoveBone
BoolProperty: unknown FBoneNode bLockBone
BoolProperty: unknown FBoneNode bRemoveBone
BoolProperty: unknown FBoneNode bLockBone
BoolProperty: unknown FBoneNode bRemoveBone
BoolProperty: unknown FBoneNode bLockBone
BoolProperty: unknown FBoneNode bRemoveBone
BoolProperty: unknown FBoneNode bLockBone
BoolProperty: unknown FBoneNode bRemoveBone
BoolProperty: unknown FBoneNode bLockBone
BoolProperty: unknown FBoneNode bRemoveBone
BoolProperty: unknown FBoneNode bLockBone
BoolProperty: unknown FBoneNode bRemoveBone
BoolProperty: unknown FBoneNode bLockBone
BoolProperty: unknown FBoneNode bRemoveBone
BoolProperty: unknown FBoneNode bLockBone
BoolProperty: unknown FBoneNode bRemoveBone
BoolProperty: unknown FBoneNode bLockBone
BoolProperty: unknown FBoneNode bRemoveBone
BoolProperty: unknown FBoneNode bLockBone
BoolProperty: unknown FBoneNode bRemoveBone
BoolProperty: unknown FBoneNode bLockBone
BoolProperty: unknown FBoneNode bRemoveBone
BoolProperty: unknown FBoneNode bLockBone
BoolProperty: unknown FBoneNode bRemoveBone
BoolProperty: unknown FBoneNode bLockBone
BoolProperty: unknown FBoneNode bRemoveBone
BoolProperty: unknown FBoneNode bLockBone
BoolProperty: unknown FBoneNode bRemoveBone
BoolProperty: unknown FBoneNode bLockBone
BoolProperty: unknown FBoneNode bRemoveBone
BoolProperty: unknown FBoneNode bLockBone
BoolProperty: unknown FBoneNode bRemoveBone
BoolProperty: unknown FBoneNode bLockBone
BoolProperty: unknown FBoneNode bRemoveBone
BoolProperty: unknown FBoneNode bLockBone
BoolProperty: unknown FBoneNode bRemoveBone
BoolProperty: unknown FBoneNode bLockBone
BoolProperty: unknown FBoneNode bRemoveBone
BoolProperty: unknown FBoneNode bLockBone
BoolProperty: unknown FBoneNode bRemoveBone
BoolProperty: unknown FBoneNode bLockBone
BoolProperty: unknown FBoneNode bRemoveBone
BoolProperty: unknown FBoneNode bLockBone
BoolProperty: unknown FBoneNode bRemoveBone
BoolProperty: unknown FBoneNode bLockBone
BoolProperty: unknown FBoneNode bRemoveBone
BoolProperty: unknown FBoneNode bLockBone
BoolProperty: unknown FBoneNode bRemoveBone
BoolProperty: unknown FBoneNode bLockBone
BoolProperty: unknown FBoneNode bRemoveBone
BoolProperty: unknown FBoneNode bLockBone
BoolProperty: unknown FBoneNode bRemoveBone
BoolProperty: unknown FBoneNode bLockBone
BoolProperty: unknown FBoneNode bRemoveBone
BoolProperty: unknown FBoneNode bLockBone
BoolProperty: unknown FBoneNode bRemoveBone
BoolProperty: unknown FBoneNode bLockBone
BoolProperty: unknown FBoneNode bRemoveBone
BoolProperty: unknown FBoneNode bLockBone
BoolProperty: unknown FBoneNode bRemoveBone
BoolProperty: unknown FBoneNode bLockBone
BoolProperty: unknown FBoneNode bRemoveBone
BoolProperty: unknown FBoneNode bLockBone
BoolProperty: unknown FBoneNode bRemoveBone
BoolProperty: unknown FBoneNode bLockBone
BoolProperty: unknown FBoneNode bRemoveBone
BoolProperty: unknown FBoneNode bLockBone
BoolProperty: unknown FBoneNode bRemoveBone
BoolProperty: unknown FBoneNode bLockBone
BoolProperty: unknown FBoneNode bRemoveBone
BoolProperty: unknown FBoneNode bLockBone
BoolProperty: unknown FBoneNode bRemoveBone
BoolProperty: unknown FBoneNode bLockBone
BoolProperty: unknown FBoneNode bRemoveBone
BoolProperty: unknown FBoneNode bLockBone
BoolProperty: unknown FBoneNode bRemoveBone
BoolProperty: unknown FBoneNode bLockBone
BoolProperty: unknown FBoneNode bRemoveBone
BoolProperty: unknown FBoneNode bLockBone
BoolProperty: unknown FBoneNode bRemoveBone
BoolProperty: unknown FBoneNode bLockBone
BoolProperty: unknown FBoneNode bRemoveBone
Exporting objects ...
Exporting AnimSequence4 Plesiosaur-Eat to C:/Users/Nez/Desktop/GitHub/Ark-Survival-Returns/.work/exports/actorx/PrimalEarth/Dinos/Plesiosaur/Animations/Plesiosaur-Eat.psa
Memory: allocated 603739 bytes in 416 blocks
Loading AnimSequence4 Plesiosaur-Hurt-Big-Lft from package PrimalEarth/Dinos/Plesiosaur/Animations/Plesiosaur-Hurt-Big-Lft.uasset
Loading AnimSequence4 Plesiosaur-Idle from package PrimalEarth/Dinos/Plesiosaur/Animations/Plesiosaur-Idle.uasset
Loading Skeleton Plesiosaur_Skeleton from package PrimalEarth/Dinos/Plesiosaur/Plesiosaur_Skeleton.uasset
BoolProperty: unknown FBoneNode bLockBone
BoolProperty: unknown FBoneNode bRemoveBone
BoolProperty: unknown FBoneNode bLockBone
BoolProperty: unknown FBoneNode bRemoveBone
BoolProperty: unknown FBoneNode bLockBone
BoolProperty: unknown FBoneNode bRemoveBone
BoolProperty: unknown FBoneNode bLockBone
BoolProperty: unknown FBoneNode bRemoveBone
BoolProperty: unknown FBoneNode bLockBone
BoolProperty: unknown FBoneNode bRemoveBone
BoolProperty: unknown FBoneNode bLockBone
BoolProperty: unknown FBoneNode bRemoveBone
BoolProperty: unknown FBoneNode bLockBone
BoolProperty: unknown FBoneNode bRemoveBone
BoolProperty: unknown FBoneNode bLockBone
BoolProperty: unknown FBoneNode bRemoveBone
BoolProperty: unknown FBoneNode bLockBone
BoolProperty: unknown FBoneNode bRemoveBone
BoolProperty: unknown FBoneNode bLockBone
BoolProperty: unknown FBoneNode bRemoveBone
BoolProperty: unknown FBoneNode bLockBone
BoolProperty: unknown FBoneNode bRemoveBone
BoolProperty: unknown FBoneNode bLockBone
BoolProperty: unknown FBoneNode bRemoveBone
BoolProperty: unknown FBoneNode bLockBone
BoolProperty: unknown FBoneNode bRemoveBone
BoolProperty: unknown FBoneNode bLockBone
BoolProperty: unknown FBoneNode bRemoveBone
BoolProperty: unknown FBoneNode bLockBone
BoolProperty: unknown FBoneNode bRemoveBone
BoolProperty: unknown FBoneNode bLockBone
BoolProperty: unknown FBoneNode bRemoveBone
BoolProperty: unknown FBoneNode bLockBone
BoolProperty: unknown FBoneNode bRemoveBone
BoolProperty: unknown FBoneNode bLockBone
BoolProperty: unknown FBoneNode bRemoveBone
BoolProperty: unknown FBoneNode bLockBone
BoolProperty: unknown FBoneNode bRemoveBone
BoolProperty: unknown FBoneNode bLockBone
BoolProperty: unknown FBoneNode bRemoveBone
BoolProperty: unknown FBoneNode bLockBone
BoolProperty: unknown FBoneNode bRemoveBone
BoolProperty: unknown FBoneNode bLockBone
BoolProperty: unknown FBoneNode bRemoveBone
BoolProperty: unknown FBoneNode bLockBone
BoolProperty: unknown FBoneNode bRemoveBone
BoolProperty: unknown FBoneNode bLockBone
BoolProperty: unknown FBoneNode bRemoveBone
BoolProperty: unknown FBoneNode bLockBone
BoolProperty: unknown FBoneNode bRemoveBone
BoolProperty: unknown FBoneNode bLockBone
BoolProperty: unknown FBoneNode bRemoveBone
BoolProperty: unknown FBoneNode bLockBone
BoolProperty: unknown FBoneNode bRemoveBone
BoolProperty: unknown FBoneNode bLockBone
BoolProperty: unknown FBoneNode bRemoveBone
BoolProperty: unknown FBoneNode bLockBone
BoolProperty: unknown FBoneNode bRemoveBone
BoolProperty: unknown FBoneNode bLockBone
BoolProperty: unknown FBoneNode bRemoveBone
BoolProperty: unknown FBoneNode bLockBone
BoolProperty: unknown FBoneNode bRemoveBone
BoolProperty: unknown FBoneNode bLockBone
BoolProperty: unknown FBoneNode bRemoveBone
BoolProperty: unknown FBoneNode bLockBone
BoolProperty: unknown FBoneNode bRemoveBone
BoolProperty: unknown FBoneNode bLockBone
BoolProperty: unknown FBoneNode bRemoveBone
BoolProperty: unknown FBoneNode bLockBone
BoolProperty: unknown FBoneNode bRemoveBone
BoolProperty: unknown FBoneNode bLockBone
BoolProperty: unknown FBoneNode bRemoveBone
BoolProperty: unknown FBoneNode bLockBone
BoolProperty: unknown FBoneNode bRemoveBone
BoolProperty: unknown FBoneNode bLockBone
BoolProperty: unknown FBoneNode bRemoveBone
BoolProperty: unknown FBoneNode bLockBone
BoolProperty: unknown FBoneNode bRemoveBone
BoolProperty: unknown FBoneNode bLockBone
BoolProperty: unknown FBoneNode bRemoveBone
BoolProperty: unknown FBoneNode bLockBone
BoolProperty: unknown FBoneNode bRemoveBone
BoolProperty: unknown FBoneNode bLockBone
BoolProperty: unknown FBoneNode bRemoveBone
Exporting objects ...
Exporting AnimSequence4 Plesiosaur-Hurt-Big-Lft to C:/Users/Nez/Desktop/GitHub/Ark-Survival-Returns/.work/exports/actorx/PrimalEarth/Dinos/Plesiosaur/Animations/Plesiosaur-Hurt-Big-Lft.psa
Memory: allocated 616027 bytes in 419 blocks
Loading AnimSequence4 Plesiosaur-Idle from package PrimalEarth/Dinos/Plesiosaur/Animations/Plesiosaur-Idle.uasset
Loading Skeleton Plesiosaur_Skeleton from package PrimalEarth/Dinos/Plesiosaur/Plesiosaur_Skeleton.uasset
BoolProperty: unknown FBoneNode bLockBone
BoolProperty: unknown FBoneNode bRemoveBone
BoolProperty: unknown FBoneNode bLockBone
BoolProperty: unknown FBoneNode bRemoveBone
BoolProperty: unknown FBoneNode bLockBone
BoolProperty: unknown FBoneNode bRemoveBone
BoolProperty: unknown FBoneNode bLockBone
BoolProperty: unknown FBoneNode bRemoveBone
BoolProperty: unknown FBoneNode bLockBone
BoolProperty: unknown FBoneNode bRemoveBone
BoolProperty: unknown FBoneNode bLockBone
BoolProperty: unknown FBoneNode bRemoveBone
BoolProperty: unknown FBoneNode bLockBone
BoolProperty: unknown FBoneNode bRemoveBone
BoolProperty: unknown FBoneNode bLockBone
BoolProperty: unknown FBoneNode bRemoveBone
BoolProperty: unknown FBoneNode bLockBone
BoolProperty: unknown FBoneNode bRemoveBone
BoolProperty: unknown FBoneNode bLockBone
BoolProperty: unknown FBoneNode bRemoveBone
BoolProperty: unknown FBoneNode bLockBone
BoolProperty: unknown FBoneNode bRemoveBone
BoolProperty: unknown FBoneNode bLockBone
BoolProperty: unknown FBoneNode bRemoveBone
BoolProperty: unknown FBoneNode bLockBone
BoolProperty: unknown FBoneNode bRemoveBone
BoolProperty: unknown FBoneNode bLockBone
BoolProperty: unknown FBoneNode bRemoveBone
BoolProperty: unknown FBoneNode bLockBone
BoolProperty: unknown FBoneNode bRemoveBone
BoolProperty: unknown FBoneNode bLockBone
BoolProperty: unknown FBoneNode bRemoveBone
BoolProperty: unknown FBoneNode bLockBone
BoolProperty: unknown FBoneNode bRemoveBone
BoolProperty: unknown FBoneNode bLockBone
BoolProperty: unknown FBoneNode bRemoveBone
BoolProperty: unknown FBoneNode bLockBone
BoolProperty: unknown FBoneNode bRemoveBone
BoolProperty: unknown FBoneNode bLockBone
BoolProperty: unknown FBoneNode bRemoveBone
BoolProperty: unknown FBoneNode bLockBone
BoolProperty: unknown FBoneNode bRemoveBone
BoolProperty: unknown FBoneNode bLockBone
BoolProperty: unknown FBoneNode bRemoveBone
BoolProperty: unknown FBoneNode bLockBone
BoolProperty: unknown FBoneNode bRemoveBone
BoolProperty: unknown FBoneNode bLockBone
BoolProperty: unknown FBoneNode bRemoveBone
BoolProperty: unknown FBoneNode bLockBone
BoolProperty: unknown FBoneNode bRemoveBone
BoolProperty: unknown FBoneNode bLockBone
BoolProperty: unknown FBoneNode bRemoveBone
BoolProperty: unknown FBoneNode bLockBone
BoolProperty: unknown FBoneNode bRemoveBone
BoolProperty: unknown FBoneNode bLockBone
BoolProperty: unknown FBoneNode bRemoveBone
BoolProperty: unknown FBoneNode bLockBone
BoolProperty: unknown FBoneNode bRemoveBone
BoolProperty: unknown FBoneNode bLockBone
BoolProperty: unknown FBoneNode bRemoveBone
BoolProperty: unknown FBoneNode bLockBone
BoolProperty: unknown FBoneNode bRemoveBone
BoolProperty: unknown FBoneNode bLockBone
BoolProperty: unknown FBoneNode bRemoveBone
BoolProperty: unknown FBoneNode bLockBone
BoolProperty: unknown FBoneNode bRemoveBone
BoolProperty: unknown FBoneNode bLockBone
BoolProperty: unknown FBoneNode bRemoveBone
BoolProperty: unknown FBoneNode bLockBone
BoolProperty: unknown FBoneNode bRemoveBone
BoolProperty: unknown FBoneNode bLockBone
BoolProperty: unknown FBoneNode bRemoveBone
BoolProperty: unknown FBoneNode bLockBone
BoolProperty: unknown FBoneNode bRemoveBone
BoolProperty: unknown FBoneNode bLockBone
BoolProperty: unknown FBoneNode bRemoveBone
BoolProperty: unknown FBoneNode bLockBone
BoolProperty: unknown FBoneNode bRemoveBone
BoolProperty: unknown FBoneNode bLockBone
BoolProperty: unknown FBoneNode bRemoveBone
BoolProperty: unknown FBoneNode bLockBone
BoolProperty: unknown FBoneNode bRemoveBone
BoolProperty: unknown FBoneNode bLockBone
BoolProperty: unknown FBoneNode bRemoveBone
Exporting objects ...
Loading AnimSequence4 Plesiosaur-Lay-Egg from package PrimalEarth/Dinos/Plesiosaur/Animations/Plesiosaur-Lay-Egg.uasset
FloatProperty: unknown FAnimNotifyEvent DisplayTime
BoolProperty: unknown FAnimNotifyEvent bIgnoreOnDediServer
Loading AnimSequence4 Plesiosaur-Idle from package PrimalEarth/Dinos/Plesiosaur/Animations/Plesiosaur-Idle.uasset
Loading Skeleton Plesiosaur_Skeleton from package PrimalEarth/Dinos/Plesiosaur/Plesiosaur_Skeleton.uasset
BoolProperty: unknown FBoneNode bLockBone
BoolProperty: unknown FBoneNode bRemoveBone
BoolProperty: unknown FBoneNode bLockBone
BoolProperty: unknown FBoneNode bRemoveBone
BoolProperty: unknown FBoneNode bLockBone
BoolProperty: unknown FBoneNode bRemoveBone
BoolProperty: unknown FBoneNode bLockBone
BoolProperty: unknown FBoneNode bRemoveBone
BoolProperty: unknown FBoneNode bLockBone
BoolProperty: unknown FBoneNode bRemoveBone
BoolProperty: unknown FBoneNode bLockBone
BoolProperty: unknown FBoneNode bRemoveBone
BoolProperty: unknown FBoneNode bLockBone
BoolProperty: unknown FBoneNode bRemoveBone
BoolProperty: unknown FBoneNode bLockBone
BoolProperty: unknown FBoneNode bRemoveBone
BoolProperty: unknown FBoneNode bLockBone
BoolProperty: unknown FBoneNode bRemoveBone
BoolProperty: unknown FBoneNode bLockBone
BoolProperty: unknown FBoneNode bRemoveBone
BoolProperty: unknown FBoneNode bLockBone
BoolProperty: unknown FBoneNode bRemoveBone
BoolProperty: unknown FBoneNode bLockBone
BoolProperty: unknown FBoneNode bRemoveBone
BoolProperty: unknown FBoneNode bLockBone
BoolProperty: unknown FBoneNode bRemoveBone
BoolProperty: unknown FBoneNode bLockBone
BoolProperty: unknown FBoneNode bRemoveBone
BoolProperty: unknown FBoneNode bLockBone
BoolProperty: unknown FBoneNode bRemoveBone
BoolProperty: unknown FBoneNode bLockBone
BoolProperty: unknown FBoneNode bRemoveBone
BoolProperty: unknown FBoneNode bLockBone
BoolProperty: unknown FBoneNode bRemoveBone
BoolProperty: unknown FBoneNode bLockBone
BoolProperty: unknown FBoneNode bRemoveBone
BoolProperty: unknown FBoneNode bLockBone
BoolProperty: unknown FBoneNode bRemoveBone
BoolProperty: unknown FBoneNode bLockBone
BoolProperty: unknown FBoneNode bRemoveBone
BoolProperty: unknown FBoneNode bLockBone
BoolProperty: unknown FBoneNode bRemoveBone
BoolProperty: unknown FBoneNode bLockBone
BoolProperty: unknown FBoneNode bRemoveBone
BoolProperty: unknown FBoneNode bLockBone
BoolProperty: unknown FBoneNode bRemoveBone
BoolProperty: unknown FBoneNode bLockBone
BoolProperty: unknown FBoneNode bRemoveBone
BoolProperty: unknown FBoneNode bLockBone
BoolProperty: unknown FBoneNode bRemoveBone
BoolProperty: unknown FBoneNode bLockBone
BoolProperty: unknown FBoneNode bRemoveBone
BoolProperty: unknown FBoneNode bLockBone
BoolProperty: unknown FBoneNode bRemoveBone
BoolProperty: unknown FBoneNode bLockBone
BoolProperty: unknown FBoneNode bRemoveBone
BoolProperty: unknown FBoneNode bLockBone
BoolProperty: unknown FBoneNode bRemoveBone
BoolProperty: unknown FBoneNode bLockBone
BoolProperty: unknown FBoneNode bRemoveBone
BoolProperty: unknown FBoneNode bLockBone
BoolProperty: unknown FBoneNode bRemoveBone
BoolProperty: unknown FBoneNode bLockBone
BoolProperty: unknown FBoneNode bRemoveBone
BoolProperty: unknown FBoneNode bLockBone
BoolProperty: unknown FBoneNode bRemoveBone
BoolProperty: unknown FBoneNode bLockBone
BoolProperty: unknown FBoneNode bRemoveBone
BoolProperty: unknown FBoneNode bLockBone
BoolProperty: unknown FBoneNode bRemoveBone
BoolProperty: unknown FBoneNode bLockBone
BoolProperty: unknown FBoneNode bRemoveBone
BoolProperty: unknown FBoneNode bLockBone
BoolProperty: unknown FBoneNode bRemoveBone
BoolProperty: unknown FBoneNode bLockBone
BoolProperty: unknown FBoneNode bRemoveBone
BoolProperty: unknown FBoneNode bLockBone
BoolProperty: unknown FBoneNode bRemoveBone
BoolProperty: unknown FBoneNode bLockBone
BoolProperty: unknown FBoneNode bRemoveBone
BoolProperty: unknown FBoneNode bLockBone
BoolProperty: unknown FBoneNode bRemoveBone
BoolProperty: unknown FBoneNode bLockBone
BoolProperty: unknown FBoneNode bRemoveBone
Exporting objects ...
Exporting AnimSequence4 Plesiosaur-Lay-Egg to C:/Users/Nez/Desktop/GitHub/Ark-Survival-Returns/.work/exports/actorx/PrimalEarth/Dinos/Plesiosaur/Animations/Plesiosaur-Lay-Egg.psa
Memory: allocated 628315 bytes in 422 blocks
Loading AnimSequence4 Plesiosaur-Move-Fwd from package PrimalEarth/Dinos/Plesiosaur/Animations/Plesiosaur-Move-Fwd.uasset
FloatProperty: unknown FAnimNotifyEvent DisplayTime
BoolProperty: unknown FAnimNotifyEvent bIgnoreOnDediServer
FloatProperty: unknown FAnimNotifyEvent DisplayTime
BoolProperty: unknown FAnimNotifyEvent bIgnoreOnDediServer
Loading Skeleton Plesiosaur_Skeleton from package PrimalEarth/Dinos/Plesiosaur/Plesiosaur_Skeleton.uasset
BoolProperty: unknown FBoneNode bLockBone
BoolProperty: unknown FBoneNode bRemoveBone
BoolProperty: unknown FBoneNode bLockBone
BoolProperty: unknown FBoneNode bRemoveBone
BoolProperty: unknown FBoneNode bLockBone
BoolProperty: unknown FBoneNode bRemoveBone
BoolProperty: unknown FBoneNode bLockBone
BoolProperty: unknown FBoneNode bRemoveBone
BoolProperty: unknown FBoneNode bLockBone
BoolProperty: unknown FBoneNode bRemoveBone
BoolProperty: unknown FBoneNode bLockBone
BoolProperty: unknown FBoneNode bRemoveBone
BoolProperty: unknown FBoneNode bLockBone
BoolProperty: unknown FBoneNode bRemoveBone
BoolProperty: unknown FBoneNode bLockBone
BoolProperty: unknown FBoneNode bRemoveBone
BoolProperty: unknown FBoneNode bLockBone
BoolProperty: unknown FBoneNode bRemoveBone
BoolProperty: unknown FBoneNode bLockBone
BoolProperty: unknown FBoneNode bRemoveBone
BoolProperty: unknown FBoneNode bLockBone
BoolProperty: unknown FBoneNode bRemoveBone
BoolProperty: unknown FBoneNode bLockBone
BoolProperty: unknown FBoneNode bRemoveBone
BoolProperty: unknown FBoneNode bLockBone
BoolProperty: unknown FBoneNode bRemoveBone
BoolProperty: unknown FBoneNode bLockBone
BoolProperty: unknown FBoneNode bRemoveBone
BoolProperty: unknown FBoneNode bLockBone
BoolProperty: unknown FBoneNode bRemoveBone
BoolProperty: unknown FBoneNode bLockBone
BoolProperty: unknown FBoneNode bRemoveBone
BoolProperty: unknown FBoneNode bLockBone
BoolProperty: unknown FBoneNode bRemoveBone
BoolProperty: unknown FBoneNode bLockBone
BoolProperty: unknown FBoneNode bRemoveBone
BoolProperty: unknown FBoneNode bLockBone
BoolProperty: unknown FBoneNode bRemoveBone
BoolProperty: unknown FBoneNode bLockBone
BoolProperty: unknown FBoneNode bRemoveBone
BoolProperty: unknown FBoneNode bLockBone
BoolProperty: unknown FBoneNode bRemoveBone
BoolProperty: unknown FBoneNode bLockBone
BoolProperty: unknown FBoneNode bRemoveBone
BoolProperty: unknown FBoneNode bLockBone
BoolProperty: unknown FBoneNode bRemoveBone
BoolProperty: unknown FBoneNode bLockBone
BoolProperty: unknown FBoneNode bRemoveBone
BoolProperty: unknown FBoneNode bLockBone
BoolProperty: unknown FBoneNode bRemoveBone
BoolProperty: unknown FBoneNode bLockBone
BoolProperty: unknown FBoneNode bRemoveBone
BoolProperty: unknown FBoneNode bLockBone
BoolProperty: unknown FBoneNode bRemoveBone
BoolProperty: unknown FBoneNode bLockBone
BoolProperty: unknown FBoneNode bRemoveBone
BoolProperty: unknown FBoneNode bLockBone
BoolProperty: unknown FBoneNode bRemoveBone
BoolProperty: unknown FBoneNode bLockBone
BoolProperty: unknown FBoneNode bRemoveBone
BoolProperty: unknown FBoneNode bLockBone
BoolProperty: unknown FBoneNode bRemoveBone
BoolProperty: unknown FBoneNode bLockBone
BoolProperty: unknown FBoneNode bRemoveBone
BoolProperty: unknown FBoneNode bLockBone
BoolProperty: unknown FBoneNode bRemoveBone
BoolProperty: unknown FBoneNode bLockBone
BoolProperty: unknown FBoneNode bRemoveBone
BoolProperty: unknown FBoneNode bLockBone
BoolProperty: unknown FBoneNode bRemoveBone
BoolProperty: unknown FBoneNode bLockBone
BoolProperty: unknown FBoneNode bRemoveBone
BoolProperty: unknown FBoneNode bLockBone
BoolProperty: unknown FBoneNode bRemoveBone
BoolProperty: unknown FBoneNode bLockBone
BoolProperty: unknown FBoneNode bRemoveBone
BoolProperty: unknown FBoneNode bLockBone
BoolProperty: unknown FBoneNode bRemoveBone
BoolProperty: unknown FBoneNode bLockBone
BoolProperty: unknown FBoneNode bRemoveBone
BoolProperty: unknown FBoneNode bLockBone
BoolProperty: unknown FBoneNode bRemoveBone
BoolProperty: unknown FBoneNode bLockBone
BoolProperty: unknown FBoneNode bRemoveBone
Exporting objects ...
Exporting AnimSequence4 Plesiosaur-Move-Fwd to C:/Users/Nez/Desktop/GitHub/Ark-Survival-Returns/.work/exports/actorx/PrimalEarth/Dinos/Plesiosaur/Animations/Plesiosaur-Move-Fwd.psa
Memory: allocated 640603 bytes in 425 blocks
Loading AnimSequence4 Plesiosaur-Move-Lft from package PrimalEarth/Dinos/Plesiosaur/Animations/Plesiosaur-Move-Lft.uasset
FloatProperty: unknown FAnimNotifyEvent DisplayTime
BoolProperty: unknown FAnimNotifyEvent bIgnoreOnDediServer
FloatProperty: unknown FAnimNotifyEvent DisplayTime
BoolProperty: unknown FAnimNotifyEvent bIgnoreOnDediServer
Loading Skeleton Plesiosaur_Skeleton from package PrimalEarth/Dinos/Plesiosaur/Plesiosaur_Skeleton.uasset
BoolProperty: unknown FBoneNode bLockBone
BoolProperty: unknown FBoneNode bRemoveBone
BoolProperty: unknown FBoneNode bLockBone
BoolProperty: unknown FBoneNode bRemoveBone
BoolProperty: unknown FBoneNode bLockBone
BoolProperty: unknown FBoneNode bRemoveBone
BoolProperty: unknown FBoneNode bLockBone
BoolProperty: unknown FBoneNode bRemoveBone
BoolProperty: unknown FBoneNode bLockBone
BoolProperty: unknown FBoneNode bRemoveBone
BoolProperty: unknown FBoneNode bLockBone
BoolProperty: unknown FBoneNode bRemoveBone
BoolProperty: unknown FBoneNode bLockBone
BoolProperty: unknown FBoneNode bRemoveBone
BoolProperty: unknown FBoneNode bLockBone
BoolProperty: unknown FBoneNode bRemoveBone
BoolProperty: unknown FBoneNode bLockBone
BoolProperty: unknown FBoneNode bRemoveBone
BoolProperty: unknown FBoneNode bLockBone
BoolProperty: unknown FBoneNode bRemoveBone
BoolProperty: unknown FBoneNode bLockBone
BoolProperty: unknown FBoneNode bRemoveBone
BoolProperty: unknown FBoneNode bLockBone
BoolProperty: unknown FBoneNode bRemoveBone
BoolProperty: unknown FBoneNode bLockBone
BoolProperty: unknown FBoneNode bRemoveBone
BoolProperty: unknown FBoneNode bLockBone
BoolProperty: unknown FBoneNode bRemoveBone
BoolProperty: unknown FBoneNode bLockBone
BoolProperty: unknown FBoneNode bRemoveBone
BoolProperty: unknown FBoneNode bLockBone
BoolProperty: unknown FBoneNode bRemoveBone
BoolProperty: unknown FBoneNode bLockBone
BoolProperty: unknown FBoneNode bRemoveBone
BoolProperty: unknown FBoneNode bLockBone
BoolProperty: unknown FBoneNode bRemoveBone
BoolProperty: unknown FBoneNode bLockBone
BoolProperty: unknown FBoneNode bRemoveBone
BoolProperty: unknown FBoneNode bLockBone
BoolProperty: unknown FBoneNode bRemoveBone
BoolProperty: unknown FBoneNode bLockBone
BoolProperty: unknown FBoneNode bRemoveBone
BoolProperty: unknown FBoneNode bLockBone
BoolProperty: unknown FBoneNode bRemoveBone
BoolProperty: unknown FBoneNode bLockBone
BoolProperty: unknown FBoneNode bRemoveBone
BoolProperty: unknown FBoneNode bLockBone
BoolProperty: unknown FBoneNode bRemoveBone
BoolProperty: unknown FBoneNode bLockBone
BoolProperty: unknown FBoneNode bRemoveBone
BoolProperty: unknown FBoneNode bLockBone
BoolProperty: unknown FBoneNode bRemoveBone
BoolProperty: unknown FBoneNode bLockBone
BoolProperty: unknown FBoneNode bRemoveBone
BoolProperty: unknown FBoneNode bLockBone
BoolProperty: unknown FBoneNode bRemoveBone
BoolProperty: unknown FBoneNode bLockBone
BoolProperty: unknown FBoneNode bRemoveBone
BoolProperty: unknown FBoneNode bLockBone
BoolProperty: unknown FBoneNode bRemoveBone
BoolProperty: unknown FBoneNode bLockBone
BoolProperty: unknown FBoneNode bRemoveBone
BoolProperty: unknown FBoneNode bLockBone
BoolProperty: unknown FBoneNode bRemoveBone
BoolProperty: unknown FBoneNode bLockBone
BoolProperty: unknown FBoneNode bRemoveBone
BoolProperty: unknown FBoneNode bLockBone
BoolProperty: unknown FBoneNode bRemoveBone
BoolProperty: unknown FBoneNode bLockBone
BoolProperty: unknown FBoneNode bRemoveBone
BoolProperty: unknown FBoneNode bLockBone
BoolProperty: unknown FBoneNode bRemoveBone
BoolProperty: unknown FBoneNode bLockBone
BoolProperty: unknown FBoneNode bRemoveBone
BoolProperty: unknown FBoneNode bLockBone
BoolProperty: unknown FBoneNode bRemoveBone
BoolProperty: unknown FBoneNode bLockBone
BoolProperty: unknown FBoneNode bRemoveBone
BoolProperty: unknown FBoneNode bLockBone
BoolProperty: unknown FBoneNode bRemoveBone
BoolProperty: unknown FBoneNode bLockBone
BoolProperty: unknown FBoneNode bRemoveBone
BoolProperty: unknown FBoneNode bLockBone
BoolProperty: unknown FBoneNode bRemoveBone
Exporting objects ...
Exporting AnimSequence4 Plesiosaur-Move-Lft to C:/Users/Nez/Desktop/GitHub/Ark-Survival-Returns/.work/exports/actorx/PrimalEarth/Dinos/Plesiosaur/Animations/Plesiosaur-Move-Lft.psa
Memory: allocated 652891 bytes in 428 blocks
Loading AnimSequence4 Plesiosaur-Move-Rit from package PrimalEarth/Dinos/Plesiosaur/Animations/Plesiosaur-Move-Rit.uasset
FloatProperty: unknown FAnimNotifyEvent DisplayTime
BoolProperty: unknown FAnimNotifyEvent bIgnoreOnDediServer
FloatProperty: unknown FAnimNotifyEvent DisplayTime
BoolProperty: unknown FAnimNotifyEvent bIgnoreOnDediServer
Loading Skeleton Plesiosaur_Skeleton from package PrimalEarth/Dinos/Plesiosaur/Plesiosaur_Skeleton.uasset
BoolProperty: unknown FBoneNode bLockBone
BoolProperty: unknown FBoneNode bRemoveBone
BoolProperty: unknown FBoneNode bLockBone
BoolProperty: unknown FBoneNode bRemoveBone
BoolProperty: unknown FBoneNode bLockBone
BoolProperty: unknown FBoneNode bRemoveBone
BoolProperty: unknown FBoneNode bLockBone
BoolProperty: unknown FBoneNode bRemoveBone
BoolProperty: unknown FBoneNode bLockBone
BoolProperty: unknown FBoneNode bRemoveBone
BoolProperty: unknown FBoneNode bLockBone
BoolProperty: unknown FBoneNode bRemoveBone
BoolProperty: unknown FBoneNode bLockBone
BoolProperty: unknown FBoneNode bRemoveBone
BoolProperty: unknown FBoneNode bLockBone
BoolProperty: unknown FBoneNode bRemoveBone
BoolProperty: unknown FBoneNode bLockBone
BoolProperty: unknown FBoneNode bRemoveBone
BoolProperty: unknown FBoneNode bLockBone
BoolProperty: unknown FBoneNode bRemoveBone
BoolProperty: unknown FBoneNode bLockBone
BoolProperty: unknown FBoneNode bRemoveBone
BoolProperty: unknown FBoneNode bLockBone
BoolProperty: unknown FBoneNode bRemoveBone
BoolProperty: unknown FBoneNode bLockBone
BoolProperty: unknown FBoneNode bRemoveBone
BoolProperty: unknown FBoneNode bLockBone
BoolProperty: unknown FBoneNode bRemoveBone
BoolProperty: unknown FBoneNode bLockBone
BoolProperty: unknown FBoneNode bRemoveBone
BoolProperty: unknown FBoneNode bLockBone
BoolProperty: unknown FBoneNode bRemoveBone
BoolProperty: unknown FBoneNode bLockBone
BoolProperty: unknown FBoneNode bRemoveBone
BoolProperty: unknown FBoneNode bLockBone
BoolProperty: unknown FBoneNode bRemoveBone
BoolProperty: unknown FBoneNode bLockBone
BoolProperty: unknown FBoneNode bRemoveBone
BoolProperty: unknown FBoneNode bLockBone
BoolProperty: unknown FBoneNode bRemoveBone
BoolProperty: unknown FBoneNode bLockBone
BoolProperty: unknown FBoneNode bRemoveBone
BoolProperty: unknown FBoneNode bLockBone
BoolProperty: unknown FBoneNode bRemoveBone
BoolProperty: unknown FBoneNode bLockBone
BoolProperty: unknown FBoneNode bRemoveBone
BoolProperty: unknown FBoneNode bLockBone
BoolProperty: unknown FBoneNode bRemoveBone
BoolProperty: unknown FBoneNode bLockBone
BoolProperty: unknown FBoneNode bRemoveBone
BoolProperty: unknown FBoneNode bLockBone
BoolProperty: unknown FBoneNode bRemoveBone
BoolProperty: unknown FBoneNode bLockBone
BoolProperty: unknown FBoneNode bRemoveBone
BoolProperty: unknown FBoneNode bLockBone
BoolProperty: unknown FBoneNode bRemoveBone
BoolProperty: unknown FBoneNode bLockBone
BoolProperty: unknown FBoneNode bRemoveBone
BoolProperty: unknown FBoneNode bLockBone
BoolProperty: unknown FBoneNode bRemoveBone
BoolProperty: unknown FBoneNode bLockBone
BoolProperty: unknown FBoneNode bRemoveBone
BoolProperty: unknown FBoneNode bLockBone
BoolProperty: unknown FBoneNode bRemoveBone
BoolProperty: unknown FBoneNode bLockBone
BoolProperty: unknown FBoneNode bRemoveBone
BoolProperty: unknown FBoneNode bLockBone
BoolProperty: unknown FBoneNode bRemoveBone
BoolProperty: unknown FBoneNode bLockBone
BoolProperty: unknown FBoneNode bRemoveBone
BoolProperty: unknown FBoneNode bLockBone
BoolProperty: unknown FBoneNode bRemoveBone
BoolProperty: unknown FBoneNode bLockBone
BoolProperty: unknown FBoneNode bRemoveBone
BoolProperty: unknown FBoneNode bLockBone
BoolProperty: unknown FBoneNode bRemoveBone
BoolProperty: unknown FBoneNode bLockBone
BoolProperty: unknown FBoneNode bRemoveBone
BoolProperty: unknown FBoneNode bLockBone
BoolProperty: unknown FBoneNode bRemoveBone
BoolProperty: unknown FBoneNode bLockBone
BoolProperty: unknown FBoneNode bRemoveBone
BoolProperty: unknown FBoneNode bLockBone
BoolProperty: unknown FBoneNode bRemoveBone
Exporting objects ...
Exporting AnimSequence4 Plesiosaur-Move-Rit to C:/Users/Nez/Desktop/GitHub/Ark-Survival-Returns/.work/exports/actorx/PrimalEarth/Dinos/Plesiosaur/Animations/Plesiosaur-Move-Rit.psa
Memory: allocated 665179 bytes in 431 blocks
Loading AnimSequence4 Plesiosaur-Torpid-Eat from package PrimalEarth/Dinos/Plesiosaur/Animations/Plesiosaur-Torpid-Eat.uasset
FloatProperty: unknown FAnimNotifyEvent DisplayTime
BoolProperty: unknown FAnimNotifyEvent bIgnoreOnDediServer
FloatProperty: unknown FAnimNotifyEvent DisplayTime
BoolProperty: unknown FAnimNotifyEvent bIgnoreOnDediServer
FloatProperty: unknown FAnimNotifyEvent DisplayTime
BoolProperty: unknown FAnimNotifyEvent bIgnoreOnDediServer
FloatProperty: unknown FAnimNotifyEvent DisplayTime
BoolProperty: unknown FAnimNotifyEvent bIgnoreOnDediServer
FloatProperty: unknown FAnimNotifyEvent DisplayTime
BoolProperty: unknown FAnimNotifyEvent bIgnoreOnDediServer
FloatProperty: unknown FAnimNotifyEvent DisplayTime
BoolProperty: unknown FAnimNotifyEvent bIgnoreOnDediServer
Loading Skeleton Plesiosaur_Skeleton from package PrimalEarth/Dinos/Plesiosaur/Plesiosaur_Skeleton.uasset
BoolProperty: unknown FBoneNode bLockBone
BoolProperty: unknown FBoneNode bRemoveBone
BoolProperty: unknown FBoneNode bLockBone
BoolProperty: unknown FBoneNode bRemoveBone
BoolProperty: unknown FBoneNode bLockBone
BoolProperty: unknown FBoneNode bRemoveBone
BoolProperty: unknown FBoneNode bLockBone
BoolProperty: unknown FBoneNode bRemoveBone
BoolProperty: unknown FBoneNode bLockBone
BoolProperty: unknown FBoneNode bRemoveBone
BoolProperty: unknown FBoneNode bLockBone
BoolProperty: unknown FBoneNode bRemoveBone
BoolProperty: unknown FBoneNode bLockBone
BoolProperty: unknown FBoneNode bRemoveBone
BoolProperty: unknown FBoneNode bLockBone
BoolProperty: unknown FBoneNode bRemoveBone
BoolProperty: unknown FBoneNode bLockBone
BoolProperty: unknown FBoneNode bRemoveBone
BoolProperty: unknown FBoneNode bLockBone
BoolProperty: unknown FBoneNode bRemoveBone
BoolProperty: unknown FBoneNode bLockBone
BoolProperty: unknown FBoneNode bRemoveBone
BoolProperty: unknown FBoneNode bLockBone
BoolProperty: unknown FBoneNode bRemoveBone
BoolProperty: unknown FBoneNode bLockBone
BoolProperty: unknown FBoneNode bRemoveBone
BoolProperty: unknown FBoneNode bLockBone
BoolProperty: unknown FBoneNode bRemoveBone
BoolProperty: unknown FBoneNode bLockBone
BoolProperty: unknown FBoneNode bRemoveBone
BoolProperty: unknown FBoneNode bLockBone
BoolProperty: unknown FBoneNode bRemoveBone
BoolProperty: unknown FBoneNode bLockBone
BoolProperty: unknown FBoneNode bRemoveBone
BoolProperty: unknown FBoneNode bLockBone
BoolProperty: unknown FBoneNode bRemoveBone
BoolProperty: unknown FBoneNode bLockBone
BoolProperty: unknown FBoneNode bRemoveBone
BoolProperty: unknown FBoneNode bLockBone
BoolProperty: unknown FBoneNode bRemoveBone
BoolProperty: unknown FBoneNode bLockBone
BoolProperty: unknown FBoneNode bRemoveBone
BoolProperty: unknown FBoneNode bLockBone
BoolProperty: unknown FBoneNode bRemoveBone
BoolProperty: unknown FBoneNode bLockBone
BoolProperty: unknown FBoneNode bRemoveBone
BoolProperty: unknown FBoneNode bLockBone
BoolProperty: unknown FBoneNode bRemoveBone
BoolProperty: unknown FBoneNode bLockBone
BoolProperty: unknown FBoneNode bRemoveBone
BoolProperty: unknown FBoneNode bLockBone
BoolProperty: unknown FBoneNode bRemoveBone
BoolProperty: unknown FBoneNode bLockBone
BoolProperty: unknown FBoneNode bRemoveBone
BoolProperty: unknown FBoneNode bLockBone
BoolProperty: unknown FBoneNode bRemoveBone
BoolProperty: unknown FBoneNode bLockBone
BoolProperty: unknown FBoneNode bRemoveBone
BoolProperty: unknown FBoneNode bLockBone
BoolProperty: unknown FBoneNode bRemoveBone
BoolProperty: unknown FBoneNode bLockBone
BoolProperty: unknown FBoneNode bRemoveBone
BoolProperty: unknown FBoneNode bLockBone
BoolProperty: unknown FBoneNode bRemoveBone
BoolProperty: unknown FBoneNode bLockBone
BoolProperty: unknown FBoneNode bRemoveBone
BoolProperty: unknown FBoneNode bLockBone
BoolProperty: unknown FBoneNode bRemoveBone
BoolProperty: unknown FBoneNode bLockBone
BoolProperty: unknown FBoneNode bRemoveBone
BoolProperty: unknown FBoneNode bLockBone
BoolProperty: unknown FBoneNode bRemoveBone
BoolProperty: unknown FBoneNode bLockBone
BoolProperty: unknown FBoneNode bRemoveBone
BoolProperty: unknown FBoneNode bLockBone
BoolProperty: unknown FBoneNode bRemoveBone
BoolProperty: unknown FBoneNode bLockBone
BoolProperty: unknown FBoneNode bRemoveBone
BoolProperty: unknown FBoneNode bLockBone
BoolProperty: unknown FBoneNode bRemoveBone
BoolProperty: unknown FBoneNode bLockBone
BoolProperty: unknown FBoneNode bRemoveBone
BoolProperty: unknown FBoneNode bLockBone
BoolProperty: unknown FBoneNode bRemoveBone
Exporting objects ...
Exporting AnimSequence4 Plesiosaur-Torpid-Eat to C:/Users/Nez/Desktop/GitHub/Ark-Survival-Returns/.work/exports/actorx/PrimalEarth/Dinos/Plesiosaur/Animations/Plesiosaur-Torpid-Eat.psa
Memory: allocated 677467 bytes in 434 blocks
Loading AnimSequence4 Plesiosaur-Torpid-Idle from package PrimalEarth/Dinos/Plesiosaur/Animations/Plesiosaur-Torpid-Idle.uasset
Loading Skeleton Plesiosaur_Skeleton from package PrimalEarth/Dinos/Plesiosaur/Plesiosaur_Skeleton.uasset
BoolProperty: unknown FBoneNode bLockBone
BoolProperty: unknown FBoneNode bRemoveBone
BoolProperty: unknown FBoneNode bLockBone
BoolProperty: unknown FBoneNode bRemoveBone
BoolProperty: unknown FBoneNode bLockBone
BoolProperty: unknown FBoneNode bRemoveBone
BoolProperty: unknown FBoneNode bLockBone
BoolProperty: unknown FBoneNode bRemoveBone
BoolProperty: unknown FBoneNode bLockBone
BoolProperty: unknown FBoneNode bRemoveBone
BoolProperty: unknown FBoneNode bLockBone
BoolProperty: unknown FBoneNode bRemoveBone
BoolProperty: unknown FBoneNode bLockBone
BoolProperty: unknown FBoneNode bRemoveBone
BoolProperty: unknown FBoneNode bLockBone
BoolProperty: unknown FBoneNode bRemoveBone
BoolProperty: unknown FBoneNode bLockBone
BoolProperty: unknown FBoneNode bRemoveBone
BoolProperty: unknown FBoneNode bLockBone
BoolProperty: unknown FBoneNode bRemoveBone
BoolProperty: unknown FBoneNode bLockBone
BoolProperty: unknown FBoneNode bRemoveBone
BoolProperty: unknown FBoneNode bLockBone
BoolProperty: unknown FBoneNode bRemoveBone
BoolProperty: unknown FBoneNode bLockBone
BoolProperty: unknown FBoneNode bRemoveBone
BoolProperty: unknown FBoneNode bLockBone
BoolProperty: unknown FBoneNode bRemoveBone
BoolProperty: unknown FBoneNode bLockBone
BoolProperty: unknown FBoneNode bRemoveBone
BoolProperty: unknown FBoneNode bLockBone
BoolProperty: unknown FBoneNode bRemoveBone
BoolProperty: unknown FBoneNode bLockBone
BoolProperty: unknown FBoneNode bRemoveBone
BoolProperty: unknown FBoneNode bLockBone
BoolProperty: unknown FBoneNode bRemoveBone
BoolProperty: unknown FBoneNode bLockBone
BoolProperty: unknown FBoneNode bRemoveBone
BoolProperty: unknown FBoneNode bLockBone
BoolProperty: unknown FBoneNode bRemoveBone
BoolProperty: unknown FBoneNode bLockBone
BoolProperty: unknown FBoneNode bRemoveBone
BoolProperty: unknown FBoneNode bLockBone
BoolProperty: unknown FBoneNode bRemoveBone
BoolProperty: unknown FBoneNode bLockBone
BoolProperty: unknown FBoneNode bRemoveBone
BoolProperty: unknown FBoneNode bLockBone
BoolProperty: unknown FBoneNode bRemoveBone
BoolProperty: unknown FBoneNode bLockBone
BoolProperty: unknown FBoneNode bRemoveBone
BoolProperty: unknown FBoneNode bLockBone
BoolProperty: unknown FBoneNode bRemoveBone
BoolProperty: unknown FBoneNode bLockBone
BoolProperty: unknown FBoneNode bRemoveBone
BoolProperty: unknown FBoneNode bLockBone
BoolProperty: unknown FBoneNode bRemoveBone
BoolProperty: unknown FBoneNode bLockBone
BoolProperty: unknown FBoneNode bRemoveBone
BoolProperty: unknown FBoneNode bLockBone
BoolProperty: unknown FBoneNode bRemoveBone
BoolProperty: unknown FBoneNode bLockBone
BoolProperty: unknown FBoneNode bRemoveBone
BoolProperty: unknown FBoneNode bLockBone
BoolProperty: unknown FBoneNode bRemoveBone
BoolProperty: unknown FBoneNode bLockBone
BoolProperty: unknown FBoneNode bRemoveBone
BoolProperty: unknown FBoneNode bLockBone
BoolProperty: unknown FBoneNode bRemoveBone
BoolProperty: unknown FBoneNode bLockBone
BoolProperty: unknown FBoneNode bRemoveBone
BoolProperty: unknown FBoneNode bLockBone
BoolProperty: unknown FBoneNode bRemoveBone
BoolProperty: unknown FBoneNode bLockBone
BoolProperty: unknown FBoneNode bRemoveBone
BoolProperty: unknown FBoneNode bLockBone
BoolProperty: unknown FBoneNode bRemoveBone
BoolProperty: unknown FBoneNode bLockBone
BoolProperty: unknown FBoneNode bRemoveBone
BoolProperty: unknown FBoneNode bLockBone
BoolProperty: unknown FBoneNode bRemoveBone
BoolProperty: unknown FBoneNode bLockBone
BoolProperty: unknown FBoneNode bRemoveBone
BoolProperty: unknown FBoneNode bLockBone
BoolProperty: unknown FBoneNode bRemoveBone
Exporting objects ...
Exporting AnimSequence4 Plesiosaur-Torpid-Idle to C:/Users/Nez/Desktop/GitHub/Ark-Survival-Returns/.work/exports/actorx/PrimalEarth/Dinos/Plesiosaur/Animations/Plesiosaur-Torpid-Idle.psa
Memory: allocated 689755 bytes in 437 blocks
Loading AnimSequence4 Plesiosaur-Torpid-In from package PrimalEarth/Dinos/Plesiosaur/Animations/Plesiosaur-Torpid-In.uasset
Loading Skeleton Plesiosaur_Skeleton from package PrimalEarth/Dinos/Plesiosaur/Plesiosaur_Skeleton.uasset
BoolProperty: unknown FBoneNode bLockBone
BoolProperty: unknown FBoneNode bRemoveBone
BoolProperty: unknown FBoneNode bLockBone
BoolProperty: unknown FBoneNode bRemoveBone
BoolProperty: unknown FBoneNode bLockBone
BoolProperty: unknown FBoneNode bRemoveBone
BoolProperty: unknown FBoneNode bLockBone
BoolProperty: unknown FBoneNode bRemoveBone
BoolProperty: unknown FBoneNode bLockBone
BoolProperty: unknown FBoneNode bRemoveBone
BoolProperty: unknown FBoneNode bLockBone
BoolProperty: unknown FBoneNode bRemoveBone
BoolProperty: unknown FBoneNode bLockBone
BoolProperty: unknown FBoneNode bRemoveBone
BoolProperty: unknown FBoneNode bLockBone
BoolProperty: unknown FBoneNode bRemoveBone
BoolProperty: unknown FBoneNode bLockBone
BoolProperty: unknown FBoneNode bRemoveBone
BoolProperty: unknown FBoneNode bLockBone
BoolProperty: unknown FBoneNode bRemoveBone
BoolProperty: unknown FBoneNode bLockBone
BoolProperty: unknown FBoneNode bRemoveBone
BoolProperty: unknown FBoneNode bLockBone
BoolProperty: unknown FBoneNode bRemoveBone
BoolProperty: unknown FBoneNode bLockBone
BoolProperty: unknown FBoneNode bRemoveBone
BoolProperty: unknown FBoneNode bLockBone
BoolProperty: unknown FBoneNode bRemoveBone
BoolProperty: unknown FBoneNode bLockBone
BoolProperty: unknown FBoneNode bRemoveBone
BoolProperty: unknown FBoneNode bLockBone
BoolProperty: unknown FBoneNode bRemoveBone
BoolProperty: unknown FBoneNode bLockBone
BoolProperty: unknown FBoneNode bRemoveBone
BoolProperty: unknown FBoneNode bLockBone
BoolProperty: unknown FBoneNode bRemoveBone
BoolProperty: unknown FBoneNode bLockBone
BoolProperty: unknown FBoneNode bRemoveBone
BoolProperty: unknown FBoneNode bLockBone
BoolProperty: unknown FBoneNode bRemoveBone
BoolProperty: unknown FBoneNode bLockBone
BoolProperty: unknown FBoneNode bRemoveBone
BoolProperty: unknown FBoneNode bLockBone
BoolProperty: unknown FBoneNode bRemoveBone
BoolProperty: unknown FBoneNode bLockBone
BoolProperty: unknown FBoneNode bRemoveBone
BoolProperty: unknown FBoneNode bLockBone
BoolProperty: unknown FBoneNode bRemoveBone
BoolProperty: unknown FBoneNode bLockBone
BoolProperty: unknown FBoneNode bRemoveBone
BoolProperty: unknown FBoneNode bLockBone
BoolProperty: unknown FBoneNode bRemoveBone
BoolProperty: unknown FBoneNode bLockBone
BoolProperty: unknown FBoneNode bRemoveBone
BoolProperty: unknown FBoneNode bLockBone
BoolProperty: unknown FBoneNode bRemoveBone
BoolProperty: unknown FBoneNode bLockBone
BoolProperty: unknown FBoneNode bRemoveBone
BoolProperty: unknown FBoneNode bLockBone
BoolProperty: unknown FBoneNode bRemoveBone
BoolProperty: unknown FBoneNode bLockBone
BoolProperty: unknown FBoneNode bRemoveBone
BoolProperty: unknown FBoneNode bLockBone
BoolProperty: unknown FBoneNode bRemoveBone
BoolProperty: unknown FBoneNode bLockBone
BoolProperty: unknown FBoneNode bRemoveBone
BoolProperty: unknown FBoneNode bLockBone
BoolProperty: unknown FBoneNode bRemoveBone
BoolProperty: unknown FBoneNode bLockBone
BoolProperty: unknown FBoneNode bRemoveBone
BoolProperty: unknown FBoneNode bLockBone
BoolProperty: unknown FBoneNode bRemoveBone
BoolProperty: unknown FBoneNode bLockBone
BoolProperty: unknown FBoneNode bRemoveBone
BoolProperty: unknown FBoneNode bLockBone
BoolProperty: unknown FBoneNode bRemoveBone
BoolProperty: unknown FBoneNode bLockBone
BoolProperty: unknown FBoneNode bRemoveBone
BoolProperty: unknown FBoneNode bLockBone
BoolProperty: unknown FBoneNode bRemoveBone
BoolProperty: unknown FBoneNode bLockBone
BoolProperty: unknown FBoneNode bRemoveBone
BoolProperty: unknown FBoneNode bLockBone
BoolProperty: unknown FBoneNode bRemoveBone
Exporting objects ...
Exporting AnimSequence4 Plesiosaur-Torpid-In to C:/Users/Nez/Desktop/GitHub/Ark-Survival-Returns/.work/exports/actorx/PrimalEarth/Dinos/Plesiosaur/Animations/Plesiosaur-Torpid-In.psa
Memory: allocated 702043 bytes in 440 blocks
Loading AnimSequence4 Plesiosaur-Torpid-Out-Tamed from package PrimalEarth/Dinos/Plesiosaur/Animations/Plesiosaur-Torpid-Out-Tamed.uasset
FloatProperty: unknown FAnimNotifyEvent DisplayTime
BoolProperty: unknown FAnimNotifyEvent bIgnoreOnDediServer
Loading Skeleton Plesiosaur_Skeleton from package PrimalEarth/Dinos/Plesiosaur/Plesiosaur_Skeleton.uasset
BoolProperty: unknown FBoneNode bLockBone
BoolProperty: unknown FBoneNode bRemoveBone
BoolProperty: unknown FBoneNode bLockBone
BoolProperty: unknown FBoneNode bRemoveBone
BoolProperty: unknown FBoneNode bLockBone
BoolProperty: unknown FBoneNode bRemoveBone
BoolProperty: unknown FBoneNode bLockBone
BoolProperty: unknown FBoneNode bRemoveBone
BoolProperty: unknown FBoneNode bLockBone
BoolProperty: unknown FBoneNode bRemoveBone
BoolProperty: unknown FBoneNode bLockBone
BoolProperty: unknown FBoneNode bRemoveBone
BoolProperty: unknown FBoneNode bLockBone
BoolProperty: unknown FBoneNode bRemoveBone
BoolProperty: unknown FBoneNode bLockBone
BoolProperty: unknown FBoneNode bRemoveBone
BoolProperty: unknown FBoneNode bLockBone
BoolProperty: unknown FBoneNode bRemoveBone
BoolProperty: unknown FBoneNode bLockBone
BoolProperty: unknown FBoneNode bRemoveBone
BoolProperty: unknown FBoneNode bLockBone
BoolProperty: unknown FBoneNode bRemoveBone
BoolProperty: unknown FBoneNode bLockBone
BoolProperty: unknown FBoneNode bRemoveBone
BoolProperty: unknown FBoneNode bLockBone
BoolProperty: unknown FBoneNode bRemoveBone
BoolProperty: unknown FBoneNode bLockBone
BoolProperty: unknown FBoneNode bRemoveBone
BoolProperty: unknown FBoneNode bLockBone
BoolProperty: unknown FBoneNode bRemoveBone
BoolProperty: unknown FBoneNode bLockBone
BoolProperty: unknown FBoneNode bRemoveBone
BoolProperty: unknown FBoneNode bLockBone
BoolProperty: unknown FBoneNode bRemoveBone
BoolProperty: unknown FBoneNode bLockBone
BoolProperty: unknown FBoneNode bRemoveBone
BoolProperty: unknown FBoneNode bLockBone
BoolProperty: unknown FBoneNode bRemoveBone
BoolProperty: unknown FBoneNode bLockBone
BoolProperty: unknown FBoneNode bRemoveBone
BoolProperty: unknown FBoneNode bLockBone
BoolProperty: unknown FBoneNode bRemoveBone
BoolProperty: unknown FBoneNode bLockBone
BoolProperty: unknown FBoneNode bRemoveBone
BoolProperty: unknown FBoneNode bLockBone
BoolProperty: unknown FBoneNode bRemoveBone
BoolProperty: unknown FBoneNode bLockBone
BoolProperty: unknown FBoneNode bRemoveBone
BoolProperty: unknown FBoneNode bLockBone
BoolProperty: unknown FBoneNode bRemoveBone
BoolProperty: unknown FBoneNode bLockBone
BoolProperty: unknown FBoneNode bRemoveBone
BoolProperty: unknown FBoneNode bLockBone
BoolProperty: unknown FBoneNode bRemoveBone
BoolProperty: unknown FBoneNode bLockBone
BoolProperty: unknown FBoneNode bRemoveBone
BoolProperty: unknown FBoneNode bLockBone
BoolProperty: unknown FBoneNode bRemoveBone
BoolProperty: unknown FBoneNode bLockBone
BoolProperty: unknown FBoneNode bRemoveBone
BoolProperty: unknown FBoneNode bLockBone
BoolProperty: unknown FBoneNode bRemoveBone
BoolProperty: unknown FBoneNode bLockBone
BoolProperty: unknown FBoneNode bRemoveBone
BoolProperty: unknown FBoneNode bLockBone
BoolProperty: unknown FBoneNode bRemoveBone
BoolProperty: unknown FBoneNode bLockBone
BoolProperty: unknown FBoneNode bRemoveBone
BoolProperty: unknown FBoneNode bLockBone
BoolProperty: unknown FBoneNode bRemoveBone
BoolProperty: unknown FBoneNode bLockBone
BoolProperty: unknown FBoneNode bRemoveBone
BoolProperty: unknown FBoneNode bLockBone
BoolProperty: unknown FBoneNode bRemoveBone
BoolProperty: unknown FBoneNode bLockBone
BoolProperty: unknown FBoneNode bRemoveBone
BoolProperty: unknown FBoneNode bLockBone
BoolProperty: unknown FBoneNode bRemoveBone
BoolProperty: unknown FBoneNode bLockBone
BoolProperty: unknown FBoneNode bRemoveBone
BoolProperty: unknown FBoneNode bLockBone
BoolProperty: unknown FBoneNode bRemoveBone
BoolProperty: unknown FBoneNode bLockBone
BoolProperty: unknown FBoneNode bRemoveBone
Exporting objects ...
Exporting AnimSequence4 Plesiosaur-Torpid-Out-Tamed to C:/Users/Nez/Desktop/GitHub/Ark-Survival-Returns/.work/exports/actorx/PrimalEarth/Dinos/Plesiosaur/Animations/Plesiosaur-Torpid-Out-Tamed.psa
Memory: allocated 714331 bytes in 443 blocks
Loading AnimSequence4 Plesiosaur-Torpid-Out-Wild from package PrimalEarth/Dinos/Plesiosaur/Animations/Plesiosaur-Torpid-Out-Wild.uasset
Loading Skeleton Plesiosaur_Skeleton from package PrimalEarth/Dinos/Plesiosaur/Plesiosaur_Skeleton.uasset
BoolProperty: unknown FBoneNode bLockBone
BoolProperty: unknown FBoneNode bRemoveBone
BoolProperty: unknown FBoneNode bLockBone
BoolProperty: unknown FBoneNode bRemoveBone
BoolProperty: unknown FBoneNode bLockBone
BoolProperty: unknown FBoneNode bRemoveBone
BoolProperty: unknown FBoneNode bLockBone
BoolProperty: unknown FBoneNode bRemoveBone
BoolProperty: unknown FBoneNode bLockBone
BoolProperty: unknown FBoneNode bRemoveBone
BoolProperty: unknown FBoneNode bLockBone
BoolProperty: unknown FBoneNode bRemoveBone
BoolProperty: unknown FBoneNode bLockBone
BoolProperty: unknown FBoneNode bRemoveBone
BoolProperty: unknown FBoneNode bLockBone
BoolProperty: unknown FBoneNode bRemoveBone
BoolProperty: unknown FBoneNode bLockBone
BoolProperty: unknown FBoneNode bRemoveBone
BoolProperty: unknown FBoneNode bLockBone
BoolProperty: unknown FBoneNode bRemoveBone
BoolProperty: unknown FBoneNode bLockBone
BoolProperty: unknown FBoneNode bRemoveBone
BoolProperty: unknown FBoneNode bLockBone
BoolProperty: unknown FBoneNode bRemoveBone
BoolProperty: unknown FBoneNode bLockBone
BoolProperty: unknown FBoneNode bRemoveBone
BoolProperty: unknown FBoneNode bLockBone
BoolProperty: unknown FBoneNode bRemoveBone
BoolProperty: unknown FBoneNode bLockBone
BoolProperty: unknown FBoneNode bRemoveBone
BoolProperty: unknown FBoneNode bLockBone
BoolProperty: unknown FBoneNode bRemoveBone
BoolProperty: unknown FBoneNode bLockBone
BoolProperty: unknown FBoneNode bRemoveBone
BoolProperty: unknown FBoneNode bLockBone
BoolProperty: unknown FBoneNode bRemoveBone
BoolProperty: unknown FBoneNode bLockBone
BoolProperty: unknown FBoneNode bRemoveBone
BoolProperty: unknown FBoneNode bLockBone
BoolProperty: unknown FBoneNode bRemoveBone
BoolProperty: unknown FBoneNode bLockBone
BoolProperty: unknown FBoneNode bRemoveBone
BoolProperty: unknown FBoneNode bLockBone
BoolProperty: unknown FBoneNode bRemoveBone
BoolProperty: unknown FBoneNode bLockBone
BoolProperty: unknown FBoneNode bRemoveBone
BoolProperty: unknown FBoneNode bLockBone
BoolProperty: unknown FBoneNode bRemoveBone
BoolProperty: unknown FBoneNode bLockBone
BoolProperty: unknown FBoneNode bRemoveBone
BoolProperty: unknown FBoneNode bLockBone
BoolProperty: unknown FBoneNode bRemoveBone
BoolProperty: unknown FBoneNode bLockBone
BoolProperty: unknown FBoneNode bRemoveBone
BoolProperty: unknown FBoneNode bLockBone
BoolProperty: unknown FBoneNode bRemoveBone
BoolProperty: unknown FBoneNode bLockBone
BoolProperty: unknown FBoneNode bRemoveBone
BoolProperty: unknown FBoneNode bLockBone
BoolProperty: unknown FBoneNode bRemoveBone
BoolProperty: unknown FBoneNode bLockBone
BoolProperty: unknown FBoneNode bRemoveBone
BoolProperty: unknown FBoneNode bLockBone
BoolProperty: unknown FBoneNode bRemoveBone
BoolProperty: unknown FBoneNode bLockBone
BoolProperty: unknown FBoneNode bRemoveBone
BoolProperty: unknown FBoneNode bLockBone
BoolProperty: unknown FBoneNode bRemoveBone
BoolProperty: unknown FBoneNode bLockBone
BoolProperty: unknown FBoneNode bRemoveBone
BoolProperty: unknown FBoneNode bLockBone
BoolProperty: unknown FBoneNode bRemoveBone
BoolProperty: unknown FBoneNode bLockBone
BoolProperty: unknown FBoneNode bRemoveBone
BoolProperty: unknown FBoneNode bLockBone
BoolProperty: unknown FBoneNode bRemoveBone
BoolProperty: unknown FBoneNode bLockBone
BoolProperty: unknown FBoneNode bRemoveBone
BoolProperty: unknown FBoneNode bLockBone
BoolProperty: unknown FBoneNode bRemoveBone
BoolProperty: unknown FBoneNode bLockBone
BoolProperty: unknown FBoneNode bRemoveBone
BoolProperty: unknown FBoneNode bLockBone
BoolProperty: unknown FBoneNode bRemoveBone
Exporting objects ...
Exporting AnimSequence4 Plesiosaur-Torpid-Out-Wild to C:/Users/Nez/Desktop/GitHub/Ark-Survival-Returns/.work/exports/actorx/PrimalEarth/Dinos/Plesiosaur/Animations/Plesiosaur-Torpid-Out-Wild.psa
Memory: allocated 726619 bytes in 446 blocks
Exported 22/22 objects in 0.1 sec
