Found 982 game files (0 skipped) in 35 folders at path "C:/Users/Nez/Desktop/GitHub/Ark-Survival-Returns/.work/normalized"
Scanned game directory in 0.0 sec, 1083 allocs, 0.00 MBytes serialized in 0 calls.
Loading package: PrimalEarth/Dinos/Dilo/Anims/Dilo-Aim-Center.uasset Ver: 405/10 Engine: 0 Names: 39 Exports: 1 Imports: 6 Game: 1000051
Loading package: PrimalEarth/Dinos/Dilo/Anims/Dilo-Aim-Dwn-Lft.uasset Ver: 405/10 Engine: 0 Names: 39 Exports: 1 Imports: 6 Game: 1000051
Loading package: PrimalEarth/Dinos/Dilo/Anims/Dilo-Aim-Dwn-Rit.uasset Ver: 405/10 Engine: 0 Names: 39 Exports: 1 Imports: 6 Game: 1000051
Loading package: PrimalEarth/Dinos/Dilo/Anims/Dilo-Aim-Dwn.uasset Ver: 405/10 Engine: 0 Names: 39 Exports: 1 Imports: 6 Game: 1000051
Loading package: PrimalEarth/Dinos/Dilo/Anims/Dilo-Aim-Lft.uasset Ver: 405/10 Engine: 0 Names: 39 Exports: 1 Imports: 6 Game: 1000051
Loading package: PrimalEarth/Dinos/Dilo/Anims/Dilo-Aim-Rit.uasset Ver: 405/10 Engine: 0 Names: 39 Exports: 1 Imports: 6 Game: 1000051
Loading package: PrimalEarth/Dinos/Dilo/Anims/Dilo-Aim-Up-Lft.uasset Ver: 405/10 Engine: 0 Names: 39 Exports: 1 Imports: 6 Game: 1000051
Loading package: PrimalEarth/Dinos/Dilo/Anims/Dilo-Aim-Up-Rit.uasset Ver: 405/10 Engine: 0 Names: 39 Exports: 1 Imports: 6 Game: 1000051
Loading package: PrimalEarth/Dinos/Dilo/Anims/Dilo-Aim-Up.uasset Ver: 405/10 Engine: 0 Names: 39 Exports: 1 Imports: 6 Game: 1000051
Loading package: PrimalEarth/Dinos/Dilo/Anims/Dilo-Attack-Bite.uasset Ver: 405/10 Engine: 0 Names: 58 Exports: 2 Imports: 10 Game: 1000051
Loading package: PrimalEarth/Dinos/Dilo/Anims/Dilo-Attack-Bite_Montage.uasset Ver: 405/10 Engine: 0 Names: 63 Exports: 2 Imports: 8 Game: 1000051
Loading package: PrimalEarth/Dinos/Dilo/Anims/Dilo-Attack-Spit.uasset Ver: 405/10 Engine: 0 Names: 67 Exports: 3 Imports: 14 Game: 1000051
Loading package: PrimalEarth/Dinos/Dilo/Anims/Dilo-Attack-Spit_Montage.uasset Ver: 405/10 Engine: 0 Names: 62 Exports: 2 Imports: 8 Game: 1000051
Loading package: PrimalEarth/Dinos/Dilo/Anims/Dilo-Blink.uasset Ver: 405/10 Engine: 0 Names: 37 Exports: 1 Imports: 6 Game: 1000051
Loading package: PrimalEarth/Dinos/Dilo/Anims/Dilo-Charge-Fwd.uasset Ver: 405/10 Engine: 0 Names: 55 Exports: 4 Imports: 10 Game: 1000051
Loading package: PrimalEarth/Dinos/Dilo/Anims/Dilo-Charge-Lft.uasset Ver: 405/10 Engine: 0 Names: 55 Exports: 4 Imports: 10 Game: 1000051
Loading package: PrimalEarth/Dinos/Dilo/Anims/Dilo-Charge-Rit.uasset Ver: 405/10 Engine: 0 Names: 55 Exports: 4 Imports: 10 Game: 1000051
Loading package: PrimalEarth/Dinos/Dilo/Anims/Dilo-Cuddle.uasset Ver: 405/10 Engine: 0 Names: 49 Exports: 2 Imports: 8 Game: 1000051
Loading package: PrimalEarth/Dinos/Dilo/Anims/Dilo-Cuddle_Montage.uasset Ver: 405/10 Engine: 0 Names: 37 Exports: 1 Imports: 6 Game: 1000051
Loading package: PrimalEarth/Dinos/Dilo/Anims/Dilo-Eat.uasset Ver: 405/10 Engine: 0 Names: 49 Exports: 2 Imports: 8 Game: 1000051
Loading package: PrimalEarth/Dinos/Dilo/Anims/Dilo-Eat_Montage.uasset Ver: 405/10 Engine: 0 Names: 37 Exports: 1 Imports: 6 Game: 1000051
Loading package: PrimalEarth/Dinos/Dilo/Anims/Dilo-Hurt-Big-Rit.uasset Ver: 405/10 Engine: 0 Names: 39 Exports: 1 Imports: 6 Game: 1000051
Loading package: PrimalEarth/Dinos/Dilo/Anims/Dilo-Hurt-Big-Rit_Montage.uasset Ver: 405/10 Engine: 0 Names: 39 Exports: 1 Imports: 6 Game: 1000051
Loading package: PrimalEarth/Dinos/Dilo/Anims/Dilo-Idle.uasset Ver: 405/10 Engine: 0 Names: 50 Exports: 2 Imports: 8 Game: 1000051
Loading package: PrimalEarth/Dinos/Dilo/Anims/Dilo-Lay-Egg-Montage.uasset Ver: 405/10 Engine: 0 Names: 59 Exports: 3 Imports: 12 Game: 1000051
Loading package: PrimalEarth/Dinos/Dilo/Anims/Dilo-Lay-Egg.uasset Ver: 405/10 Engine: 0 Names: 49 Exports: 2 Imports: 8 Game: 1000051
Loading package: PrimalEarth/Dinos/Dilo/Anims/Dilo-Move-Fwd.uasset Ver: 405/10 Engine: 0 Names: 55 Exports: 4 Imports: 10 Game: 1000051
Loading package: PrimalEarth/Dinos/Dilo/Anims/Dilo-Startled.uasset Ver: 405/10 Engine: 0 Names: 49 Exports: 2 Imports: 8 Game: 1000051
Loading package: PrimalEarth/Dinos/Dilo/Anims/Dilo-Startled_Montage.uasset Ver: 405/10 Engine: 0 Names: 39 Exports: 1 Imports: 6 Game: 1000051
Loading package: PrimalEarth/Dinos/Dilo/Anims/Dilo-Swim-Fwd.uasset Ver: 405/10 Engine: 0 Names: 30 Exports: 1 Imports: 4 Game: 1000051
Loading package: PrimalEarth/Dinos/Dilo/Anims/Dilo-Swim-Idle.uasset Ver: 405/10 Engine: 0 Names: 30 Exports: 1 Imports: 4 Game: 1000051
Loading package: PrimalEarth/Dinos/Dilo/Anims/Dilo-Torpid-Eat.uasset Ver: 405/10 Engine: 0 Names: 49 Exports: 2 Imports: 8 Game: 1000051
Loading package: PrimalEarth/Dinos/Dilo/Anims/Dilo-Torpid-Eat_Montage.uasset Ver: 405/10 Engine: 0 Names: 41 Exports: 1 Imports: 6 Game: 1000051
Loading package: PrimalEarth/Dinos/Dilo/Anims/Dilo-Torpid-In.uasset Ver: 405/10 Engine: 0 Names: 59 Exports: 3 Imports: 12 Game: 1000051
Loading package: PrimalEarth/Dinos/Dilo/Anims/Dilo-Torpid-In_Montage.uasset Ver: 405/10 Engine: 0 Names: 41 Exports: 1 Imports: 6 Game: 1000051
Loading package: PrimalEarth/Dinos/Dilo/Anims/Dilo-Torpid-Out-Tamed.uasset Ver: 405/10 Engine: 0 Names: 49 Exports: 2 Imports: 8 Game: 1000051
Loading package: PrimalEarth/Dinos/Dilo/Anims/Dilo-Torpid-Out-Tamed_Montage.uasset Ver: 405/10 Engine: 0 Names: 41 Exports: 1 Imports: 6 Game: 1000051
Loading package: PrimalEarth/Dinos/Dilo/Anims/Dilo-Torpid-Out-Wild.uasset Ver: 405/10 Engine: 0 Names: 49 Exports: 2 Imports: 8 Game: 1000051
Loading package: PrimalEarth/Dinos/Dilo/Anims/Dilo-Torpid-Out-Wild_Montage.uasset Ver: 405/10 Engine: 0 Names: 41 Exports: 1 Imports: 6 Game: 1000051
Loading package: PrimalEarth/Dinos/Dilo/Anims/Dilo-Torpid.uasset Ver: 405/10 Engine: 0 Names: 49 Exports: 2 Imports: 8 Game: 1000051
Loading package: PrimalEarth/Dinos/Dilo/Anims/Dilo-Torpid_Idle_Montage.uasset Ver: 405/10 Engine: 0 Names: 37 Exports: 1 Imports: 6 Game: 1000051
Loading package: PrimalEarth/Dinos/Dilo/Anims/Dilo-Turn-Lft.uasset Ver: 405/10 Engine: 0 Names: 30 Exports: 1 Imports: 4 Game: 1000051
Loading package: PrimalEarth/Dinos/Dilo/Anims/Dilo-Turn-Rit.uasset Ver: 405/10 Engine: 0 Names: 30 Exports: 1 Imports: 4 Game: 1000051
Loading package: PrimalEarth/Dinos/Dilo/Anims/Dilo_AimOffset.uasset Ver: 405/10 Engine: 0 Names: 49 Exports: 1 Imports: 22 Game: 1000051
Loaded in 0.3 sec, 878 allocs, 0.15 MBytes serialized in 44 calls.
Loading AnimSequence4 Dilo-Aim-Center from package PrimalEarth/Dinos/Dilo/Anims/Dilo-Aim-Center.uasset
Loading package: PrimalEarth/Dinos/Dilo/Dilo_Skeleton.uasset Ver: 405/10 Engine: 0 Names: 163 Exports: 16 Imports: 3 Game: 1000051
Loading AnimSequence4 Dilo-Idle from package PrimalEarth/Dinos/Dilo/Anims/Dilo-Idle.uasset
FloatProperty: unknown FAnimNotifyEvent DisplayTime
BoolProperty: unknown FAnimNotifyEvent bIgnoreOnDediServer
Loading Skeleton Dilo_Skeleton from package PrimalEarth/Dinos/Dilo/Dilo_Skeleton.uasset
BoolProperty: unknown FBoneNode bLockBone
BoolProperty: unknown FBoneNode bRemoveBone
BoolProperty: unknown FBoneNode bLockBone
BoolProperty: unknown FBoneNode bRemoveBone
BoolProperty: unknown FBoneNode bLockBone
BoolProperty: unknown FBoneNode bRemoveBone
BoolProperty: unknown FBoneNode bLockBone
BoolProperty: unknown FBoneNode bRemoveBone
BoolProperty: unknown FBoneNode bLockBone
BoolProperty: unknown FBoneNode bRemoveBone
BoolProperty: unknown FBoneNode bLockBone
BoolProperty: unknown FBoneNode bRemoveBone
BoolProperty: unknown FBoneNode bLockBone
BoolProperty: unknown FBoneNode bRemoveBone
BoolProperty: unknown FBoneNode bLockBone
BoolProperty: unknown FBoneNode bRemoveBone
BoolProperty: unknown FBoneNode bLockBone
BoolProperty: unknown FBoneNode bRemoveBone
BoolProperty: unknown FBoneNode bLockBone
BoolProperty: unknown FBoneNode bRemoveBone
BoolProperty: unknown FBoneNode bLockBone
BoolProperty: unknown FBoneNode bRemoveBone
BoolProperty: unknown FBoneNode bLockBone
BoolProperty: unknown FBoneNode bRemoveBone
BoolProperty: unknown FBoneNode bLockBone
BoolProperty: unknown FBoneNode bRemoveBone
BoolProperty: unknown FBoneNode bLockBone
BoolProperty: unknown FBoneNode bRemoveBone
BoolProperty: unknown FBoneNode bLockBone
BoolProperty: unknown FBoneNode bRemoveBone
BoolProperty: unknown FBoneNode bLockBone
BoolProperty: unknown FBoneNode bRemoveBone
BoolProperty: unknown FBoneNode bLockBone
BoolProperty: unknown FBoneNode bRemoveBone
BoolProperty: unknown FBoneNode bLockBone
BoolProperty: unknown FBoneNode bRemoveBone
BoolProperty: unknown FBoneNode bLockBone
BoolProperty: unknown FBoneNode bRemoveBone
BoolProperty: unknown FBoneNode bLockBone
BoolProperty: unknown FBoneNode bRemoveBone
BoolProperty: unknown FBoneNode bLockBone
BoolProperty: unknown FBoneNode bRemoveBone
BoolProperty: unknown FBoneNode bLockBone
BoolProperty: unknown FBoneNode bRemoveBone
BoolProperty: unknown FBoneNode bLockBone
BoolProperty: unknown FBoneNode bRemoveBone
BoolProperty: unknown FBoneNode bLockBone
BoolProperty: unknown FBoneNode bRemoveBone
BoolProperty: unknown FBoneNode bLockBone
BoolProperty: unknown FBoneNode bRemoveBone
BoolProperty: unknown FBoneNode bLockBone
BoolProperty: unknown FBoneNode bRemoveBone
BoolProperty: unknown FBoneNode bLockBone
BoolProperty: unknown FBoneNode bRemoveBone
BoolProperty: unknown FBoneNode bLockBone
BoolProperty: unknown FBoneNode bRemoveBone
BoolProperty: unknown FBoneNode bLockBone
BoolProperty: unknown FBoneNode bRemoveBone
BoolProperty: unknown FBoneNode bLockBone
BoolProperty: unknown FBoneNode bRemoveBone
BoolProperty: unknown FBoneNode bLockBone
BoolProperty: unknown FBoneNode bRemoveBone
BoolProperty: unknown FBoneNode bLockBone
BoolProperty: unknown FBoneNode bRemoveBone
BoolProperty: unknown FBoneNode bLockBone
BoolProperty: unknown FBoneNode bRemoveBone
BoolProperty: unknown FBoneNode bLockBone
BoolProperty: unknown FBoneNode bRemoveBone
BoolProperty: unknown FBoneNode bLockBone
BoolProperty: unknown FBoneNode bRemoveBone
BoolProperty: unknown FBoneNode bLockBone
BoolProperty: unknown FBoneNode bRemoveBone
BoolProperty: unknown FBoneNode bLockBone
BoolProperty: unknown FBoneNode bRemoveBone
BoolProperty: unknown FBoneNode bLockBone
BoolProperty: unknown FBoneNode bRemoveBone
BoolProperty: unknown FBoneNode bLockBone
BoolProperty: unknown FBoneNode bRemoveBone
BoolProperty: unknown FBoneNode bLockBone
BoolProperty: unknown FBoneNode bRemoveBone
BoolProperty: unknown FBoneNode bLockBone
BoolProperty: unknown FBoneNode bRemoveBone
BoolProperty: unknown FBoneNode bLockBone
BoolProperty: unknown FBoneNode bRemoveBone
BoolProperty: unknown FBoneNode bLockBone
BoolProperty: unknown FBoneNode bRemoveBone
BoolProperty: unknown FBoneNode bLockBone
BoolProperty: unknown FBoneNode bRemoveBone
BoolProperty: unknown FBoneNode bLockBone
BoolProperty: unknown FBoneNode bRemoveBone
BoolProperty: unknown FBoneNode bLockBone
BoolProperty: unknown FBoneNode bRemoveBone
BoolProperty: unknown FBoneNode bLockBone
BoolProperty: unknown FBoneNode bRemoveBone
BoolProperty: unknown FBoneNode bLockBone
BoolProperty: unknown FBoneNode bRemoveBone
BoolProperty: unknown FBoneNode bLockBone
BoolProperty: unknown FBoneNode bRemoveBone
BoolProperty: unknown FBoneNode bLockBone
BoolProperty: unknown FBoneNode bRemoveBone
BoolProperty: unknown FBoneNode bLockBone
BoolProperty: unknown FBoneNode bRemoveBone
BoolProperty: unknown FBoneNode bLockBone
BoolProperty: unknown FBoneNode bRemoveBone
BoolProperty: unknown FBoneNode bLockBone
BoolProperty: unknown FBoneNode bRemoveBone
BoolProperty: unknown FBoneNode bLockBone
BoolProperty: unknown FBoneNode bRemoveBone
BoolProperty: unknown FBoneNode bLockBone
BoolProperty: unknown FBoneNode bRemoveBone
BoolProperty: unknown FBoneNode bLockBone
BoolProperty: unknown FBoneNode bRemoveBone
BoolProperty: unknown FBoneNode bLockBone
BoolProperty: unknown FBoneNode bRemoveBone
BoolProperty: unknown FBoneNode bLockBone
BoolProperty: unknown FBoneNode bRemoveBone
BoolProperty: unknown FBoneNode bLockBone
BoolProperty: unknown FBoneNode bRemoveBone
BoolProperty: unknown FBoneNode bLockBone
BoolProperty: unknown FBoneNode bRemoveBone
BoolProperty: unknown FBoneNode bLockBone
BoolProperty: unknown FBoneNode bRemoveBone
BoolProperty: unknown FBoneNode bLockBone
BoolProperty: unknown FBoneNode bRemoveBone
BoolProperty: unknown FBoneNode bLockBone
BoolProperty: unknown FBoneNode bRemoveBone
BoolProperty: unknown FBoneNode bLockBone
BoolProperty: unknown FBoneNode bRemoveBone
BoolProperty: unknown FBoneNode bLockBone
BoolProperty: unknown FBoneNode bRemoveBone
BoolProperty: unknown FBoneNode bLockBone
BoolProperty: unknown FBoneNode bRemoveBone
BoolProperty: unknown FBoneNode bLockBone
BoolProperty: unknown FBoneNode bRemoveBone
BoolProperty: unknown FBoneNode bLockBone
BoolProperty: unknown FBoneNode bRemoveBone
BoolProperty: unknown FBoneNode bLockBone
BoolProperty: unknown FBoneNode bRemoveBone
BoolProperty: unknown FBoneNode bLockBone
BoolProperty: unknown FBoneNode bRemoveBone
BoolProperty: unknown FBoneNode bLockBone
BoolProperty: unknown FBoneNode bRemoveBone
BoolProperty: unknown FBoneNode bLockBone
BoolProperty: unknown FBoneNode bRemoveBone
BoolProperty: unknown FBoneNode bLockBone
BoolProperty: unknown FBoneNode bRemoveBone
BoolProperty: unknown FBoneNode bLockBone
BoolProperty: unknown FBoneNode bRemoveBone
BoolProperty: unknown FBoneNode bLockBone
BoolProperty: unknown FBoneNode bRemoveBone
BoolProperty: unknown FBoneNode bLockBone
BoolProperty: unknown FBoneNode bRemoveBone
BoolProperty: unknown FBoneNode bLockBone
BoolProperty: unknown FBoneNode bRemoveBone
BoolProperty: unknown FBoneNode bLockBone
BoolProperty: unknown FBoneNode bRemoveBone
BoolProperty: unknown FBoneNode bLockBone
BoolProperty: unknown FBoneNode bRemoveBone
BoolProperty: unknown FBoneNode bLockBone
BoolProperty: unknown FBoneNode bRemoveBone
BoolProperty: unknown FBoneNode bLockBone
BoolProperty: unknown FBoneNode bRemoveBone
BoolProperty: unknown FBoneNode bLockBone
BoolProperty: unknown FBoneNode bRemoveBone
BoolProperty: unknown FBoneNode bLockBone
BoolProperty: unknown FBoneNode bRemoveBone
BoolProperty: unknown FBoneNode bLockBone
BoolProperty: unknown FBoneNode bRemoveBone
BoolProperty: unknown FBoneNode bLockBone
BoolProperty: unknown FBoneNode bRemoveBone
BoolProperty: unknown FBoneNode bLockBone
BoolProperty: unknown FBoneNode bRemoveBone
BoolProperty: unknown FBoneNode bLockBone
BoolProperty: unknown FBoneNode bRemoveBone
BoolProperty: unknown FBoneNode bLockBone
BoolProperty: unknown FBoneNode bRemoveBone
BoolProperty: unknown FBoneNode bLockBone
BoolProperty: unknown FBoneNode bRemoveBone
BoolProperty: unknown FBoneNode bLockBone
BoolProperty: unknown FBoneNode bRemoveBone
BoolProperty: unknown FBoneNode bLockBone
BoolProperty: unknown FBoneNode bRemoveBone
BoolProperty: unknown FBoneNode bLockBone
BoolProperty: unknown FBoneNode bRemoveBone
BoolProperty: unknown FBoneNode bLockBone
BoolProperty: unknown FBoneNode bRemoveBone
BoolProperty: unknown FBoneNode bLockBone
BoolProperty: unknown FBoneNode bRemoveBone
BoolProperty: unknown FBoneNode bLockBone
BoolProperty: unknown FBoneNode bRemoveBone
BoolProperty: unknown FBoneNode bLockBone
BoolProperty: unknown FBoneNode bRemoveBone
BoolProperty: unknown FBoneNode bLockBone
BoolProperty: unknown FBoneNode bRemoveBone
BoolProperty: unknown FBoneNode bLockBone
BoolProperty: unknown FBoneNode bRemoveBone
BoolProperty: unknown FBoneNode bLockBone
BoolProperty: unknown FBoneNode bRemoveBone
BoolProperty: unknown FBoneNode bLockBone
BoolProperty: unknown FBoneNode bRemoveBone
BoolProperty: unknown FBoneNode bLockBone
BoolProperty: unknown FBoneNode bRemoveBone
BoolProperty: unknown FBoneNode bLockBone
BoolProperty: unknown FBoneNode bRemoveBone
BoolProperty: unknown FBoneNode bLockBone
BoolProperty: unknown FBoneNode bRemoveBone
BoolProperty: unknown FBoneNode bLockBone
BoolProperty: unknown FBoneNode bRemoveBone
BoolProperty: unknown FBoneNode bLockBone
BoolProperty: unknown FBoneNode bRemoveBone
Exporting objects ...
Exporting AnimSequence4 Dilo-Aim-Center to C:/Users/Nez/Desktop/GitHub/Ark-Survival-Returns/.work/exports/actorx/PrimalEarth/Dinos/Dilo/Anims/Dilo-Aim-Center.psa
Exporting AnimSequence4 Dilo-Idle to C:/Users/Nez/Desktop/GitHub/Ark-Survival-Returns/.work/exports/actorx/PrimalEarth/Dinos/Dilo/Anims/Dilo-Idle.psa
Memory: allocated 386728 bytes in 438 blocks
Loading AnimSequence4 Dilo-Aim-Dwn-Lft from package PrimalEarth/Dinos/Dilo/Anims/Dilo-Aim-Dwn-Lft.uasset
Loading AnimSequence4 Dilo-Idle from package PrimalEarth/Dinos/Dilo/Anims/Dilo-Idle.uasset
FloatProperty: unknown FAnimNotifyEvent DisplayTime
BoolProperty: unknown FAnimNotifyEvent bIgnoreOnDediServer
Loading Skeleton Dilo_Skeleton from package PrimalEarth/Dinos/Dilo/Dilo_Skeleton.uasset
BoolProperty: unknown FBoneNode bLockBone
BoolProperty: unknown FBoneNode bRemoveBone
BoolProperty: unknown FBoneNode bLockBone
BoolProperty: unknown FBoneNode bRemoveBone
BoolProperty: unknown FBoneNode bLockBone
BoolProperty: unknown FBoneNode bRemoveBone
BoolProperty: unknown FBoneNode bLockBone
BoolProperty: unknown FBoneNode bRemoveBone
BoolProperty: unknown FBoneNode bLockBone
BoolProperty: unknown FBoneNode bRemoveBone
BoolProperty: unknown FBoneNode bLockBone
BoolProperty: unknown FBoneNode bRemoveBone
BoolProperty: unknown FBoneNode bLockBone
BoolProperty: unknown FBoneNode bRemoveBone
BoolProperty: unknown FBoneNode bLockBone
BoolProperty: unknown FBoneNode bRemoveBone
BoolProperty: unknown FBoneNode bLockBone
BoolProperty: unknown FBoneNode bRemoveBone
BoolProperty: unknown FBoneNode bLockBone
BoolProperty: unknown FBoneNode bRemoveBone
BoolProperty: unknown FBoneNode bLockBone
BoolProperty: unknown FBoneNode bRemoveBone
BoolProperty: unknown FBoneNode bLockBone
BoolProperty: unknown FBoneNode bRemoveBone
BoolProperty: unknown FBoneNode bLockBone
BoolProperty: unknown FBoneNode bRemoveBone
BoolProperty: unknown FBoneNode bLockBone
BoolProperty: unknown FBoneNode bRemoveBone
BoolProperty: unknown FBoneNode bLockBone
BoolProperty: unknown FBoneNode bRemoveBone
BoolProperty: unknown FBoneNode bLockBone
BoolProperty: unknown FBoneNode bRemoveBone
BoolProperty: unknown FBoneNode bLockBone
BoolProperty: unknown FBoneNode bRemoveBone
BoolProperty: unknown FBoneNode bLockBone
BoolProperty: unknown FBoneNode bRemoveBone
BoolProperty: unknown FBoneNode bLockBone
BoolProperty: unknown FBoneNode bRemoveBone
BoolProperty: unknown FBoneNode bLockBone
BoolProperty: unknown FBoneNode bRemoveBone
BoolProperty: unknown FBoneNode bLockBone
BoolProperty: unknown FBoneNode bRemoveBone
BoolProperty: unknown FBoneNode bLockBone
BoolProperty: unknown FBoneNode bRemoveBone
BoolProperty: unknown FBoneNode bLockBone
BoolProperty: unknown FBoneNode bRemoveBone
BoolProperty: unknown FBoneNode bLockBone
BoolProperty: unknown FBoneNode bRemoveBone
BoolProperty: unknown FBoneNode bLockBone
BoolProperty: unknown FBoneNode bRemoveBone
BoolProperty: unknown FBoneNode bLockBone
BoolProperty: unknown FBoneNode bRemoveBone
BoolProperty: unknown FBoneNode bLockBone
BoolProperty: unknown FBoneNode bRemoveBone
BoolProperty: unknown FBoneNode bLockBone
BoolProperty: unknown FBoneNode bRemoveBone
BoolProperty: unknown FBoneNode bLockBone
BoolProperty: unknown FBoneNode bRemoveBone
BoolProperty: unknown FBoneNode bLockBone
BoolProperty: unknown FBoneNode bRemoveBone
BoolProperty: unknown FBoneNode bLockBone
BoolProperty: unknown FBoneNode bRemoveBone
BoolProperty: unknown FBoneNode bLockBone
BoolProperty: unknown FBoneNode bRemoveBone
BoolProperty: unknown FBoneNode bLockBone
BoolProperty: unknown FBoneNode bRemoveBone
BoolProperty: unknown FBoneNode bLockBone
BoolProperty: unknown FBoneNode bRemoveBone
BoolProperty: unknown FBoneNode bLockBone
BoolProperty: unknown FBoneNode bRemoveBone
BoolProperty: unknown FBoneNode bLockBone
BoolProperty: unknown FBoneNode bRemoveBone
BoolProperty: unknown FBoneNode bLockBone
BoolProperty: unknown FBoneNode bRemoveBone
BoolProperty: unknown FBoneNode bLockBone
BoolProperty: unknown FBoneNode bRemoveBone
BoolProperty: unknown FBoneNode bLockBone
BoolProperty: unknown FBoneNode bRemoveBone
BoolProperty: unknown FBoneNode bLockBone
BoolProperty: unknown FBoneNode bRemoveBone
BoolProperty: unknown FBoneNode bLockBone
BoolProperty: unknown FBoneNode bRemoveBone
BoolProperty: unknown FBoneNode bLockBone
BoolProperty: unknown FBoneNode bRemoveBone
BoolProperty: unknown FBoneNode bLockBone
BoolProperty: unknown FBoneNode bRemoveBone
BoolProperty: unknown FBoneNode bLockBone
BoolProperty: unknown FBoneNode bRemoveBone
BoolProperty: unknown FBoneNode bLockBone
BoolProperty: unknown FBoneNode bRemoveBone
BoolProperty: unknown FBoneNode bLockBone
BoolProperty: unknown FBoneNode bRemoveBone
BoolProperty: unknown FBoneNode bLockBone
BoolProperty: unknown FBoneNode bRemoveBone
BoolProperty: unknown FBoneNode bLockBone
BoolProperty: unknown FBoneNode bRemoveBone
BoolProperty: unknown FBoneNode bLockBone
BoolProperty: unknown FBoneNode bRemoveBone
BoolProperty: unknown FBoneNode bLockBone
BoolProperty: unknown FBoneNode bRemoveBone
BoolProperty: unknown FBoneNode bLockBone
BoolProperty: unknown FBoneNode bRemoveBone
BoolProperty: unknown FBoneNode bLockBone
BoolProperty: unknown FBoneNode bRemoveBone
BoolProperty: unknown FBoneNode bLockBone
BoolProperty: unknown FBoneNode bRemoveBone
BoolProperty: unknown FBoneNode bLockBone
BoolProperty: unknown FBoneNode bRemoveBone
BoolProperty: unknown FBoneNode bLockBone
BoolProperty: unknown FBoneNode bRemoveBone
BoolProperty: unknown FBoneNode bLockBone
BoolProperty: unknown FBoneNode bRemoveBone
BoolProperty: unknown FBoneNode bLockBone
BoolProperty: unknown FBoneNode bRemoveBone
BoolProperty: unknown FBoneNode bLockBone
BoolProperty: unknown FBoneNode bRemoveBone
BoolProperty: unknown FBoneNode bLockBone
BoolProperty: unknown FBoneNode bRemoveBone
BoolProperty: unknown FBoneNode bLockBone
BoolProperty: unknown FBoneNode bRemoveBone
BoolProperty: unknown FBoneNode bLockBone
BoolProperty: unknown FBoneNode bRemoveBone
BoolProperty: unknown FBoneNode bLockBone
BoolProperty: unknown FBoneNode bRemoveBone
BoolProperty: unknown FBoneNode bLockBone
BoolProperty: unknown FBoneNode bRemoveBone
BoolProperty: unknown FBoneNode bLockBone
BoolProperty: unknown FBoneNode bRemoveBone
BoolProperty: unknown FBoneNode bLockBone
BoolProperty: unknown FBoneNode bRemoveBone
BoolProperty: unknown FBoneNode bLockBone
BoolProperty: unknown FBoneNode bRemoveBone
BoolProperty: unknown FBoneNode bLockBone
BoolProperty: unknown FBoneNode bRemoveBone
BoolProperty: unknown FBoneNode bLockBone
BoolProperty: unknown FBoneNode bRemoveBone
BoolProperty: unknown FBoneNode bLockBone
BoolProperty: unknown FBoneNode bRemoveBone
BoolProperty: unknown FBoneNode bLockBone
BoolProperty: unknown FBoneNode bRemoveBone
BoolProperty: unknown FBoneNode bLockBone
BoolProperty: unknown FBoneNode bRemoveBone
BoolProperty: unknown FBoneNode bLockBone
BoolProperty: unknown FBoneNode bRemoveBone
BoolProperty: unknown FBoneNode bLockBone
BoolProperty: unknown FBoneNode bRemoveBone
BoolProperty: unknown FBoneNode bLockBone
BoolProperty: unknown FBoneNode bRemoveBone
BoolProperty: unknown FBoneNode bLockBone
BoolProperty: unknown FBoneNode bRemoveBone
BoolProperty: unknown FBoneNode bLockBone
BoolProperty: unknown FBoneNode bRemoveBone
BoolProperty: unknown FBoneNode bLockBone
BoolProperty: unknown FBoneNode bRemoveBone
BoolProperty: unknown FBoneNode bLockBone
BoolProperty: unknown FBoneNode bRemoveBone
BoolProperty: unknown FBoneNode bLockBone
BoolProperty: unknown FBoneNode bRemoveBone
BoolProperty: unknown FBoneNode bLockBone
BoolProperty: unknown FBoneNode bRemoveBone
BoolProperty: unknown FBoneNode bLockBone
BoolProperty: unknown FBoneNode bRemoveBone
BoolProperty: unknown FBoneNode bLockBone
BoolProperty: unknown FBoneNode bRemoveBone
BoolProperty: unknown FBoneNode bLockBone
BoolProperty: unknown FBoneNode bRemoveBone
BoolProperty: unknown FBoneNode bLockBone
BoolProperty: unknown FBoneNode bRemoveBone
BoolProperty: unknown FBoneNode bLockBone
BoolProperty: unknown FBoneNode bRemoveBone
BoolProperty: unknown FBoneNode bLockBone
BoolProperty: unknown FBoneNode bRemoveBone
BoolProperty: unknown FBoneNode bLockBone
BoolProperty: unknown FBoneNode bRemoveBone
BoolProperty: unknown FBoneNode bLockBone
BoolProperty: unknown FBoneNode bRemoveBone
BoolProperty: unknown FBoneNode bLockBone
BoolProperty: unknown FBoneNode bRemoveBone
BoolProperty: unknown FBoneNode bLockBone
BoolProperty: unknown FBoneNode bRemoveBone
BoolProperty: unknown FBoneNode bLockBone
BoolProperty: unknown FBoneNode bRemoveBone
BoolProperty: unknown FBoneNode bLockBone
BoolProperty: unknown FBoneNode bRemoveBone
BoolProperty: unknown FBoneNode bLockBone
BoolProperty: unknown FBoneNode bRemoveBone
BoolProperty: unknown FBoneNode bLockBone
BoolProperty: unknown FBoneNode bRemoveBone
BoolProperty: unknown FBoneNode bLockBone
BoolProperty: unknown FBoneNode bRemoveBone
BoolProperty: unknown FBoneNode bLockBone
BoolProperty: unknown FBoneNode bRemoveBone
BoolProperty: unknown FBoneNode bLockBone
BoolProperty: unknown FBoneNode bRemoveBone
BoolProperty: unknown FBoneNode bLockBone
BoolProperty: unknown FBoneNode bRemoveBone
BoolProperty: unknown FBoneNode bLockBone
BoolProperty: unknown FBoneNode bRemoveBone
BoolProperty: unknown FBoneNode bLockBone
BoolProperty: unknown FBoneNode bRemoveBone
BoolProperty: unknown FBoneNode bLockBone
BoolProperty: unknown FBoneNode bRemoveBone
BoolProperty: unknown FBoneNode bLockBone
BoolProperty: unknown FBoneNode bRemoveBone
BoolProperty: unknown FBoneNode bLockBone
BoolProperty: unknown FBoneNode bRemoveBone
BoolProperty: unknown FBoneNode bLockBone
BoolProperty: unknown FBoneNode bRemoveBone
BoolProperty: unknown FBoneNode bLockBone
BoolProperty: unknown FBoneNode bRemoveBone
Exporting objects ...
Exporting AnimSequence4 Dilo-Aim-Dwn-Lft to C:/Users/Nez/Desktop/GitHub/Ark-Survival-Returns/.work/exports/actorx/PrimalEarth/Dinos/Dilo/Anims/Dilo-Aim-Dwn-Lft.psa
Memory: allocated 399016 bytes in 441 blocks
Loading AnimSequence4 Dilo-Aim-Dwn-Rit from package PrimalEarth/Dinos/Dilo/Anims/Dilo-Aim-Dwn-Rit.uasset
Loading AnimSequence4 Dilo-Idle from package PrimalEarth/Dinos/Dilo/Anims/Dilo-Idle.uasset
FloatProperty: unknown FAnimNotifyEvent DisplayTime
BoolProperty: unknown FAnimNotifyEvent bIgnoreOnDediServer
Loading Skeleton Dilo_Skeleton from package PrimalEarth/Dinos/Dilo/Dilo_Skeleton.uasset
BoolProperty: unknown FBoneNode bLockBone
BoolProperty: unknown FBoneNode bRemoveBone
BoolProperty: unknown FBoneNode bLockBone
BoolProperty: unknown FBoneNode bRemoveBone
BoolProperty: unknown FBoneNode bLockBone
BoolProperty: unknown FBoneNode bRemoveBone
BoolProperty: unknown FBoneNode bLockBone
BoolProperty: unknown FBoneNode bRemoveBone
BoolProperty: unknown FBoneNode bLockBone
BoolProperty: unknown FBoneNode bRemoveBone
BoolProperty: unknown FBoneNode bLockBone
BoolProperty: unknown FBoneNode bRemoveBone
BoolProperty: unknown FBoneNode bLockBone
BoolProperty: unknown FBoneNode bRemoveBone
BoolProperty: unknown FBoneNode bLockBone
BoolProperty: unknown FBoneNode bRemoveBone
BoolProperty: unknown FBoneNode bLockBone
BoolProperty: unknown FBoneNode bRemoveBone
BoolProperty: unknown FBoneNode bLockBone
BoolProperty: unknown FBoneNode bRemoveBone
BoolProperty: unknown FBoneNode bLockBone
BoolProperty: unknown FBoneNode bRemoveBone
BoolProperty: unknown FBoneNode bLockBone
BoolProperty: unknown FBoneNode bRemoveBone
BoolProperty: unknown FBoneNode bLockBone
BoolProperty: unknown FBoneNode bRemoveBone
BoolProperty: unknown FBoneNode bLockBone
BoolProperty: unknown FBoneNode bRemoveBone
BoolProperty: unknown FBoneNode bLockBone
BoolProperty: unknown FBoneNode bRemoveBone
BoolProperty: unknown FBoneNode bLockBone
BoolProperty: unknown FBoneNode bRemoveBone
BoolProperty: unknown FBoneNode bLockBone
BoolProperty: unknown FBoneNode bRemoveBone
BoolProperty: unknown FBoneNode bLockBone
BoolProperty: unknown FBoneNode bRemoveBone
BoolProperty: unknown FBoneNode bLockBone
BoolProperty: unknown FBoneNode bRemoveBone
BoolProperty: unknown FBoneNode bLockBone
BoolProperty: unknown FBoneNode bRemoveBone
BoolProperty: unknown FBoneNode bLockBone
BoolProperty: unknown FBoneNode bRemoveBone
BoolProperty: unknown FBoneNode bLockBone
BoolProperty: unknown FBoneNode bRemoveBone
BoolProperty: unknown FBoneNode bLockBone
BoolProperty: unknown FBoneNode bRemoveBone
BoolProperty: unknown FBoneNode bLockBone
BoolProperty: unknown FBoneNode bRemoveBone
BoolProperty: unknown FBoneNode bLockBone
BoolProperty: unknown FBoneNode bRemoveBone
BoolProperty: unknown FBoneNode bLockBone
BoolProperty: unknown FBoneNode bRemoveBone
BoolProperty: unknown FBoneNode bLockBone
BoolProperty: unknown FBoneNode bRemoveBone
BoolProperty: unknown FBoneNode bLockBone
BoolProperty: unknown FBoneNode bRemoveBone
BoolProperty: unknown FBoneNode bLockBone
BoolProperty: unknown FBoneNode bRemoveBone
BoolProperty: unknown FBoneNode bLockBone
BoolProperty: unknown FBoneNode bRemoveBone
BoolProperty: unknown FBoneNode bLockBone
BoolProperty: unknown FBoneNode bRemoveBone
BoolProperty: unknown FBoneNode bLockBone
BoolProperty: unknown FBoneNode bRemoveBone
BoolProperty: unknown FBoneNode bLockBone
BoolProperty: unknown FBoneNode bRemoveBone
BoolProperty: unknown FBoneNode bLockBone
BoolProperty: unknown FBoneNode bRemoveBone
BoolProperty: unknown FBoneNode bLockBone
BoolProperty: unknown FBoneNode bRemoveBone
BoolProperty: unknown FBoneNode bLockBone
BoolProperty: unknown FBoneNode bRemoveBone
BoolProperty: unknown FBoneNode bLockBone
BoolProperty: unknown FBoneNode bRemoveBone
BoolProperty: unknown FBoneNode bLockBone
BoolProperty: unknown FBoneNode bRemoveBone
BoolProperty: unknown FBoneNode bLockBone
BoolProperty: unknown FBoneNode bRemoveBone
BoolProperty: unknown FBoneNode bLockBone
BoolProperty: unknown FBoneNode bRemoveBone
BoolProperty: unknown FBoneNode bLockBone
BoolProperty: unknown FBoneNode bRemoveBone
BoolProperty: unknown FBoneNode bLockBone
BoolProperty: unknown FBoneNode bRemoveBone
BoolProperty: unknown FBoneNode bLockBone
BoolProperty: unknown FBoneNode bRemoveBone
BoolProperty: unknown FBoneNode bLockBone
BoolProperty: unknown FBoneNode bRemoveBone
BoolProperty: unknown FBoneNode bLockBone
BoolProperty: unknown FBoneNode bRemoveBone
BoolProperty: unknown FBoneNode bLockBone
BoolProperty: unknown FBoneNode bRemoveBone
BoolProperty: unknown FBoneNode bLockBone
BoolProperty: unknown FBoneNode bRemoveBone
BoolProperty: unknown FBoneNode bLockBone
BoolProperty: unknown FBoneNode bRemoveBone
BoolProperty: unknown FBoneNode bLockBone
BoolProperty: unknown FBoneNode bRemoveBone
BoolProperty: unknown FBoneNode bLockBone
BoolProperty: unknown FBoneNode bRemoveBone
BoolProperty: unknown FBoneNode bLockBone
BoolProperty: unknown FBoneNode bRemoveBone
BoolProperty: unknown FBoneNode bLockBone
BoolProperty: unknown FBoneNode bRemoveBone
BoolProperty: unknown FBoneNode bLockBone
BoolProperty: unknown FBoneNode bRemoveBone
BoolProperty: unknown FBoneNode bLockBone
BoolProperty: unknown FBoneNode bRemoveBone
BoolProperty: unknown FBoneNode bLockBone
BoolProperty: unknown FBoneNode bRemoveBone
BoolProperty: unknown FBoneNode bLockBone
BoolProperty: unknown FBoneNode bRemoveBone
BoolProperty: unknown FBoneNode bLockBone
BoolProperty: unknown FBoneNode bRemoveBone
BoolProperty: unknown FBoneNode bLockBone
BoolProperty: unknown FBoneNode bRemoveBone
BoolProperty: unknown FBoneNode bLockBone
BoolProperty: unknown FBoneNode bRemoveBone
BoolProperty: unknown FBoneNode bLockBone
BoolProperty: unknown FBoneNode bRemoveBone
BoolProperty: unknown FBoneNode bLockBone
BoolProperty: unknown FBoneNode bRemoveBone
BoolProperty: unknown FBoneNode bLockBone
BoolProperty: unknown FBoneNode bRemoveBone
BoolProperty: unknown FBoneNode bLockBone
BoolProperty: unknown FBoneNode bRemoveBone
BoolProperty: unknown FBoneNode bLockBone
BoolProperty: unknown FBoneNode bRemoveBone
BoolProperty: unknown FBoneNode bLockBone
BoolProperty: unknown FBoneNode bRemoveBone
BoolProperty: unknown FBoneNode bLockBone
BoolProperty: unknown FBoneNode bRemoveBone
BoolProperty: unknown FBoneNode bLockBone
BoolProperty: unknown FBoneNode bRemoveBone
BoolProperty: unknown FBoneNode bLockBone
BoolProperty: unknown FBoneNode bRemoveBone
BoolProperty: unknown FBoneNode bLockBone
BoolProperty: unknown FBoneNode bRemoveBone
BoolProperty: unknown FBoneNode bLockBone
BoolProperty: unknown FBoneNode bRemoveBone
BoolProperty: unknown FBoneNode bLockBone
BoolProperty: unknown FBoneNode bRemoveBone
BoolProperty: unknown FBoneNode bLockBone
BoolProperty: unknown FBoneNode bRemoveBone
BoolProperty: unknown FBoneNode bLockBone
BoolProperty: unknown FBoneNode bRemoveBone
BoolProperty: unknown FBoneNode bLockBone
BoolProperty: unknown FBoneNode bRemoveBone
BoolProperty: unknown FBoneNode bLockBone
BoolProperty: unknown FBoneNode bRemoveBone
BoolProperty: unknown FBoneNode bLockBone
BoolProperty: unknown FBoneNode bRemoveBone
BoolProperty: unknown FBoneNode bLockBone
BoolProperty: unknown FBoneNode bRemoveBone
BoolProperty: unknown FBoneNode bLockBone
BoolProperty: unknown FBoneNode bRemoveBone
BoolProperty: unknown FBoneNode bLockBone
BoolProperty: unknown FBoneNode bRemoveBone
BoolProperty: unknown FBoneNode bLockBone
BoolProperty: unknown FBoneNode bRemoveBone
BoolProperty: unknown FBoneNode bLockBone
BoolProperty: unknown FBoneNode bRemoveBone
BoolProperty: unknown FBoneNode bLockBone
BoolProperty: unknown FBoneNode bRemoveBone
BoolProperty: unknown FBoneNode bLockBone
BoolProperty: unknown FBoneNode bRemoveBone
BoolProperty: unknown FBoneNode bLockBone
BoolProperty: unknown FBoneNode bRemoveBone
BoolProperty: unknown FBoneNode bLockBone
BoolProperty: unknown FBoneNode bRemoveBone
BoolProperty: unknown FBoneNode bLockBone
BoolProperty: unknown FBoneNode bRemoveBone
BoolProperty: unknown FBoneNode bLockBone
BoolProperty: unknown FBoneNode bRemoveBone
BoolProperty: unknown FBoneNode bLockBone
BoolProperty: unknown FBoneNode bRemoveBone
BoolProperty: unknown FBoneNode bLockBone
BoolProperty: unknown FBoneNode bRemoveBone
BoolProperty: unknown FBoneNode bLockBone
BoolProperty: unknown FBoneNode bRemoveBone
BoolProperty: unknown FBoneNode bLockBone
BoolProperty: unknown FBoneNode bRemoveBone
BoolProperty: unknown FBoneNode bLockBone
BoolProperty: unknown FBoneNode bRemoveBone
BoolProperty: unknown FBoneNode bLockBone
BoolProperty: unknown FBoneNode bRemoveBone
BoolProperty: unknown FBoneNode bLockBone
BoolProperty: unknown FBoneNode bRemoveBone
BoolProperty: unknown FBoneNode bLockBone
BoolProperty: unknown FBoneNode bRemoveBone
BoolProperty: unknown FBoneNode bLockBone
BoolProperty: unknown FBoneNode bRemoveBone
BoolProperty: unknown FBoneNode bLockBone
BoolProperty: unknown FBoneNode bRemoveBone
BoolProperty: unknown FBoneNode bLockBone
BoolProperty: unknown FBoneNode bRemoveBone
BoolProperty: unknown FBoneNode bLockBone
BoolProperty: unknown FBoneNode bRemoveBone
BoolProperty: unknown FBoneNode bLockBone
BoolProperty: unknown FBoneNode bRemoveBone
BoolProperty: unknown FBoneNode bLockBone
BoolProperty: unknown FBoneNode bRemoveBone
BoolProperty: unknown FBoneNode bLockBone
BoolProperty: unknown FBoneNode bRemoveBone
BoolProperty: unknown FBoneNode bLockBone
BoolProperty: unknown FBoneNode bRemoveBone
BoolProperty: unknown FBoneNode bLockBone
BoolProperty: unknown FBoneNode bRemoveBone
BoolProperty: unknown FBoneNode bLockBone
BoolProperty: unknown FBoneNode bRemoveBone
Exporting objects ...
Exporting AnimSequence4 Dilo-Aim-Dwn-Rit to C:/Users/Nez/Desktop/GitHub/Ark-Survival-Returns/.work/exports/actorx/PrimalEarth/Dinos/Dilo/Anims/Dilo-Aim-Dwn-Rit.psa
Memory: allocated 411304 bytes in 444 blocks
Loading AnimSequence4 Dilo-Aim-Dwn from package PrimalEarth/Dinos/Dilo/Anims/Dilo-Aim-Dwn.uasset
Loading AnimSequence4 Dilo-Idle from package PrimalEarth/Dinos/Dilo/Anims/Dilo-Idle.uasset
FloatProperty: unknown FAnimNotifyEvent DisplayTime
BoolProperty: unknown FAnimNotifyEvent bIgnoreOnDediServer
Loading Skeleton Dilo_Skeleton from package PrimalEarth/Dinos/Dilo/Dilo_Skeleton.uasset
BoolProperty: unknown FBoneNode bLockBone
BoolProperty: unknown FBoneNode bRemoveBone
BoolProperty: unknown FBoneNode bLockBone
BoolProperty: unknown FBoneNode bRemoveBone
BoolProperty: unknown FBoneNode bLockBone
BoolProperty: unknown FBoneNode bRemoveBone
BoolProperty: unknown FBoneNode bLockBone
BoolProperty: unknown FBoneNode bRemoveBone
BoolProperty: unknown FBoneNode bLockBone
BoolProperty: unknown FBoneNode bRemoveBone
BoolProperty: unknown FBoneNode bLockBone
BoolProperty: unknown FBoneNode bRemoveBone
BoolProperty: unknown FBoneNode bLockBone
BoolProperty: unknown FBoneNode bRemoveBone
BoolProperty: unknown FBoneNode bLockBone
BoolProperty: unknown FBoneNode bRemoveBone
BoolProperty: unknown FBoneNode bLockBone
BoolProperty: unknown FBoneNode bRemoveBone
BoolProperty: unknown FBoneNode bLockBone
BoolProperty: unknown FBoneNode bRemoveBone
BoolProperty: unknown FBoneNode bLockBone
BoolProperty: unknown FBoneNode bRemoveBone
BoolProperty: unknown FBoneNode bLockBone
BoolProperty: unknown FBoneNode bRemoveBone
BoolProperty: unknown FBoneNode bLockBone
BoolProperty: unknown FBoneNode bRemoveBone
BoolProperty: unknown FBoneNode bLockBone
BoolProperty: unknown FBoneNode bRemoveBone
BoolProperty: unknown FBoneNode bLockBone
BoolProperty: unknown FBoneNode bRemoveBone
BoolProperty: unknown FBoneNode bLockBone
BoolProperty: unknown FBoneNode bRemoveBone
BoolProperty: unknown FBoneNode bLockBone
BoolProperty: unknown FBoneNode bRemoveBone
BoolProperty: unknown FBoneNode bLockBone
BoolProperty: unknown FBoneNode bRemoveBone
BoolProperty: unknown FBoneNode bLockBone
BoolProperty: unknown FBoneNode bRemoveBone
BoolProperty: unknown FBoneNode bLockBone
BoolProperty: unknown FBoneNode bRemoveBone
BoolProperty: unknown FBoneNode bLockBone
BoolProperty: unknown FBoneNode bRemoveBone
BoolProperty: unknown FBoneNode bLockBone
BoolProperty: unknown FBoneNode bRemoveBone
BoolProperty: unknown FBoneNode bLockBone
BoolProperty: unknown FBoneNode bRemoveBone
BoolProperty: unknown FBoneNode bLockBone
BoolProperty: unknown FBoneNode bRemoveBone
BoolProperty: unknown FBoneNode bLockBone
BoolProperty: unknown FBoneNode bRemoveBone
BoolProperty: unknown FBoneNode bLockBone
BoolProperty: unknown FBoneNode bRemoveBone
BoolProperty: unknown FBoneNode bLockBone
BoolProperty: unknown FBoneNode bRemoveBone
BoolProperty: unknown FBoneNode bLockBone
BoolProperty: unknown FBoneNode bRemoveBone
BoolProperty: unknown FBoneNode bLockBone
BoolProperty: unknown FBoneNode bRemoveBone
BoolProperty: unknown FBoneNode bLockBone
BoolProperty: unknown FBoneNode bRemoveBone
BoolProperty: unknown FBoneNode bLockBone
BoolProperty: unknown FBoneNode bRemoveBone
BoolProperty: unknown FBoneNode bLockBone
BoolProperty: unknown FBoneNode bRemoveBone
BoolProperty: unknown FBoneNode bLockBone
BoolProperty: unknown FBoneNode bRemoveBone
BoolProperty: unknown FBoneNode bLockBone
BoolProperty: unknown FBoneNode bRemoveBone
BoolProperty: unknown FBoneNode bLockBone
BoolProperty: unknown FBoneNode bRemoveBone
BoolProperty: unknown FBoneNode bLockBone
BoolProperty: unknown FBoneNode bRemoveBone
BoolProperty: unknown FBoneNode bLockBone
BoolProperty: unknown FBoneNode bRemoveBone
BoolProperty: unknown FBoneNode bLockBone
BoolProperty: unknown FBoneNode bRemoveBone
BoolProperty: unknown FBoneNode bLockBone
BoolProperty: unknown FBoneNode bRemoveBone
BoolProperty: unknown FBoneNode bLockBone
BoolProperty: unknown FBoneNode bRemoveBone
BoolProperty: unknown FBoneNode bLockBone
BoolProperty: unknown FBoneNode bRemoveBone
BoolProperty: unknown FBoneNode bLockBone
BoolProperty: unknown FBoneNode bRemoveBone
BoolProperty: unknown FBoneNode bLockBone
BoolProperty: unknown FBoneNode bRemoveBone
BoolProperty: unknown FBoneNode bLockBone
BoolProperty: unknown FBoneNode bRemoveBone
BoolProperty: unknown FBoneNode bLockBone
BoolProperty: unknown FBoneNode bRemoveBone
BoolProperty: unknown FBoneNode bLockBone
BoolProperty: unknown FBoneNode bRemoveBone
BoolProperty: unknown FBoneNode bLockBone
BoolProperty: unknown FBoneNode bRemoveBone
BoolProperty: unknown FBoneNode bLockBone
BoolProperty: unknown FBoneNode bRemoveBone
BoolProperty: unknown FBoneNode bLockBone
BoolProperty: unknown FBoneNode bRemoveBone
BoolProperty: unknown FBoneNode bLockBone
BoolProperty: unknown FBoneNode bRemoveBone
BoolProperty: unknown FBoneNode bLockBone
BoolProperty: unknown FBoneNode bRemoveBone
BoolProperty: unknown FBoneNode bLockBone
BoolProperty: unknown FBoneNode bRemoveBone
BoolProperty: unknown FBoneNode bLockBone
BoolProperty: unknown FBoneNode bRemoveBone
BoolProperty: unknown FBoneNode bLockBone
BoolProperty: unknown FBoneNode bRemoveBone
BoolProperty: unknown FBoneNode bLockBone
BoolProperty: unknown FBoneNode bRemoveBone
BoolProperty: unknown FBoneNode bLockBone
BoolProperty: unknown FBoneNode bRemoveBone
BoolProperty: unknown FBoneNode bLockBone
BoolProperty: unknown FBoneNode bRemoveBone
BoolProperty: unknown FBoneNode bLockBone
BoolProperty: unknown FBoneNode bRemoveBone
BoolProperty: unknown FBoneNode bLockBone
BoolProperty: unknown FBoneNode bRemoveBone
BoolProperty: unknown FBoneNode bLockBone
BoolProperty: unknown FBoneNode bRemoveBone
BoolProperty: unknown FBoneNode bLockBone
BoolProperty: unknown FBoneNode bRemoveBone
BoolProperty: unknown FBoneNode bLockBone
BoolProperty: unknown FBoneNode bRemoveBone
BoolProperty: unknown FBoneNode bLockBone
BoolProperty: unknown FBoneNode bRemoveBone
BoolProperty: unknown FBoneNode bLockBone
BoolProperty: unknown FBoneNode bRemoveBone
BoolProperty: unknown FBoneNode bLockBone
BoolProperty: unknown FBoneNode bRemoveBone
BoolProperty: unknown FBoneNode bLockBone
BoolProperty: unknown FBoneNode bRemoveBone
BoolProperty: unknown FBoneNode bLockBone
BoolProperty: unknown FBoneNode bRemoveBone
BoolProperty: unknown FBoneNode bLockBone
BoolProperty: unknown FBoneNode bRemoveBone
BoolProperty: unknown FBoneNode bLockBone
BoolProperty: unknown FBoneNode bRemoveBone
BoolProperty: unknown FBoneNode bLockBone
BoolProperty: unknown FBoneNode bRemoveBone
BoolProperty: unknown FBoneNode bLockBone
BoolProperty: unknown FBoneNode bRemoveBone
BoolProperty: unknown FBoneNode bLockBone
BoolProperty: unknown FBoneNode bRemoveBone
BoolProperty: unknown FBoneNode bLockBone
BoolProperty: unknown FBoneNode bRemoveBone
BoolProperty: unknown FBoneNode bLockBone
BoolProperty: unknown FBoneNode bRemoveBone
BoolProperty: unknown FBoneNode bLockBone
BoolProperty: unknown FBoneNode bRemoveBone
BoolProperty: unknown FBoneNode bLockBone
BoolProperty: unknown FBoneNode bRemoveBone
BoolProperty: unknown FBoneNode bLockBone
BoolProperty: unknown FBoneNode bRemoveBone
BoolProperty: unknown FBoneNode bLockBone
BoolProperty: unknown FBoneNode bRemoveBone
BoolProperty: unknown FBoneNode bLockBone
BoolProperty: unknown FBoneNode bRemoveBone
BoolProperty: unknown FBoneNode bLockBone
BoolProperty: unknown FBoneNode bRemoveBone
BoolProperty: unknown FBoneNode bLockBone
BoolProperty: unknown FBoneNode bRemoveBone
BoolProperty: unknown FBoneNode bLockBone
BoolProperty: unknown FBoneNode bRemoveBone
BoolProperty: unknown FBoneNode bLockBone
BoolProperty: unknown FBoneNode bRemoveBone
BoolProperty: unknown FBoneNode bLockBone
BoolProperty: unknown FBoneNode bRemoveBone
BoolProperty: unknown FBoneNode bLockBone
BoolProperty: unknown FBoneNode bRemoveBone
BoolProperty: unknown FBoneNode bLockBone
BoolProperty: unknown FBoneNode bRemoveBone
BoolProperty: unknown FBoneNode bLockBone
BoolProperty: unknown FBoneNode bRemoveBone
BoolProperty: unknown FBoneNode bLockBone
BoolProperty: unknown FBoneNode bRemoveBone
BoolProperty: unknown FBoneNode bLockBone
BoolProperty: unknown FBoneNode bRemoveBone
BoolProperty: unknown FBoneNode bLockBone
BoolProperty: unknown FBoneNode bRemoveBone
BoolProperty: unknown FBoneNode bLockBone
BoolProperty: unknown FBoneNode bRemoveBone
BoolProperty: unknown FBoneNode bLockBone
BoolProperty: unknown FBoneNode bRemoveBone
BoolProperty: unknown FBoneNode bLockBone
BoolProperty: unknown FBoneNode bRemoveBone
BoolProperty: unknown FBoneNode bLockBone
BoolProperty: unknown FBoneNode bRemoveBone
BoolProperty: unknown FBoneNode bLockBone
BoolProperty: unknown FBoneNode bRemoveBone
BoolProperty: unknown FBoneNode bLockBone
BoolProperty: unknown FBoneNode bRemoveBone
BoolProperty: unknown FBoneNode bLockBone
BoolProperty: unknown FBoneNode bRemoveBone
BoolProperty: unknown FBoneNode bLockBone
BoolProperty: unknown FBoneNode bRemoveBone
BoolProperty: unknown FBoneNode bLockBone
BoolProperty: unknown FBoneNode bRemoveBone
BoolProperty: unknown FBoneNode bLockBone
BoolProperty: unknown FBoneNode bRemoveBone
BoolProperty: unknown FBoneNode bLockBone
BoolProperty: unknown FBoneNode bRemoveBone
BoolProperty: unknown FBoneNode bLockBone
BoolProperty: unknown FBoneNode bRemoveBone
BoolProperty: unknown FBoneNode bLockBone
BoolProperty: unknown FBoneNode bRemoveBone
BoolProperty: unknown FBoneNode bLockBone
BoolProperty: unknown FBoneNode bRemoveBone
BoolProperty: unknown FBoneNode bLockBone
BoolProperty: unknown FBoneNode bRemoveBone
Exporting objects ...
Exporting AnimSequence4 Dilo-Aim-Dwn to C:/Users/Nez/Desktop/GitHub/Ark-Survival-Returns/.work/exports/actorx/PrimalEarth/Dinos/Dilo/Anims/Dilo-Aim-Dwn.psa
Memory: allocated 423592 bytes in 447 blocks
Loading AnimSequence4 Dilo-Aim-Lft from package PrimalEarth/Dinos/Dilo/Anims/Dilo-Aim-Lft.uasset
Loading AnimSequence4 Dilo-Idle from package PrimalEarth/Dinos/Dilo/Anims/Dilo-Idle.uasset
FloatProperty: unknown FAnimNotifyEvent DisplayTime
BoolProperty: unknown FAnimNotifyEvent bIgnoreOnDediServer
Loading Skeleton Dilo_Skeleton from package PrimalEarth/Dinos/Dilo/Dilo_Skeleton.uasset
BoolProperty: unknown FBoneNode bLockBone
BoolProperty: unknown FBoneNode bRemoveBone
BoolProperty: unknown FBoneNode bLockBone
BoolProperty: unknown FBoneNode bRemoveBone
BoolProperty: unknown FBoneNode bLockBone
BoolProperty: unknown FBoneNode bRemoveBone
BoolProperty: unknown FBoneNode bLockBone
BoolProperty: unknown FBoneNode bRemoveBone
BoolProperty: unknown FBoneNode bLockBone
BoolProperty: unknown FBoneNode bRemoveBone
BoolProperty: unknown FBoneNode bLockBone
BoolProperty: unknown FBoneNode bRemoveBone
BoolProperty: unknown FBoneNode bLockBone
BoolProperty: unknown FBoneNode bRemoveBone
BoolProperty: unknown FBoneNode bLockBone
BoolProperty: unknown FBoneNode bRemoveBone
BoolProperty: unknown FBoneNode bLockBone
BoolProperty: unknown FBoneNode bRemoveBone
BoolProperty: unknown FBoneNode bLockBone
BoolProperty: unknown FBoneNode bRemoveBone
BoolProperty: unknown FBoneNode bLockBone
BoolProperty: unknown FBoneNode bRemoveBone
BoolProperty: unknown FBoneNode bLockBone
BoolProperty: unknown FBoneNode bRemoveBone
BoolProperty: unknown FBoneNode bLockBone
BoolProperty: unknown FBoneNode bRemoveBone
BoolProperty: unknown FBoneNode bLockBone
BoolProperty: unknown FBoneNode bRemoveBone
BoolProperty: unknown FBoneNode bLockBone
BoolProperty: unknown FBoneNode bRemoveBone
BoolProperty: unknown FBoneNode bLockBone
BoolProperty: unknown FBoneNode bRemoveBone
BoolProperty: unknown FBoneNode bLockBone
BoolProperty: unknown FBoneNode bRemoveBone
BoolProperty: unknown FBoneNode bLockBone
BoolProperty: unknown FBoneNode bRemoveBone
BoolProperty: unknown FBoneNode bLockBone
BoolProperty: unknown FBoneNode bRemoveBone
BoolProperty: unknown FBoneNode bLockBone
BoolProperty: unknown FBoneNode bRemoveBone
BoolProperty: unknown FBoneNode bLockBone
BoolProperty: unknown FBoneNode bRemoveBone
BoolProperty: unknown FBoneNode bLockBone
BoolProperty: unknown FBoneNode bRemoveBone
BoolProperty: unknown FBoneNode bLockBone
BoolProperty: unknown FBoneNode bRemoveBone
BoolProperty: unknown FBoneNode bLockBone
BoolProperty: unknown FBoneNode bRemoveBone
BoolProperty: unknown FBoneNode bLockBone
BoolProperty: unknown FBoneNode bRemoveBone
BoolProperty: unknown FBoneNode bLockBone
BoolProperty: unknown FBoneNode bRemoveBone
BoolProperty: unknown FBoneNode bLockBone
BoolProperty: unknown FBoneNode bRemoveBone
BoolProperty: unknown FBoneNode bLockBone
BoolProperty: unknown FBoneNode bRemoveBone
BoolProperty: unknown FBoneNode bLockBone
BoolProperty: unknown FBoneNode bRemoveBone
BoolProperty: unknown FBoneNode bLockBone
BoolProperty: unknown FBoneNode bRemoveBone
BoolProperty: unknown FBoneNode bLockBone
BoolProperty: unknown FBoneNode bRemoveBone
BoolProperty: unknown FBoneNode bLockBone
BoolProperty: unknown FBoneNode bRemoveBone
BoolProperty: unknown FBoneNode bLockBone
BoolProperty: unknown FBoneNode bRemoveBone
BoolProperty: unknown FBoneNode bLockBone
BoolProperty: unknown FBoneNode bRemoveBone
BoolProperty: unknown FBoneNode bLockBone
BoolProperty: unknown FBoneNode bRemoveBone
BoolProperty: unknown FBoneNode bLockBone
BoolProperty: unknown FBoneNode bRemoveBone
BoolProperty: unknown FBoneNode bLockBone
BoolProperty: unknown FBoneNode bRemoveBone
BoolProperty: unknown FBoneNode bLockBone
BoolProperty: unknown FBoneNode bRemoveBone
BoolProperty: unknown FBoneNode bLockBone
BoolProperty: unknown FBoneNode bRemoveBone
BoolProperty: unknown FBoneNode bLockBone
BoolProperty: unknown FBoneNode bRemoveBone
BoolProperty: unknown FBoneNode bLockBone
BoolProperty: unknown FBoneNode bRemoveBone
BoolProperty: unknown FBoneNode bLockBone
BoolProperty: unknown FBoneNode bRemoveBone
BoolProperty: unknown FBoneNode bLockBone
BoolProperty: unknown FBoneNode bRemoveBone
BoolProperty: unknown FBoneNode bLockBone
BoolProperty: unknown FBoneNode bRemoveBone
BoolProperty: unknown FBoneNode bLockBone
BoolProperty: unknown FBoneNode bRemoveBone
BoolProperty: unknown FBoneNode bLockBone
BoolProperty: unknown FBoneNode bRemoveBone
BoolProperty: unknown FBoneNode bLockBone
BoolProperty: unknown FBoneNode bRemoveBone
BoolProperty: unknown FBoneNode bLockBone
BoolProperty: unknown FBoneNode bRemoveBone
BoolProperty: unknown FBoneNode bLockBone
BoolProperty: unknown FBoneNode bRemoveBone
BoolProperty: unknown FBoneNode bLockBone
BoolProperty: unknown FBoneNode bRemoveBone
BoolProperty: unknown FBoneNode bLockBone
BoolProperty: unknown FBoneNode bRemoveBone
BoolProperty: unknown FBoneNode bLockBone
BoolProperty: unknown FBoneNode bRemoveBone
BoolProperty: unknown FBoneNode bLockBone
BoolProperty: unknown FBoneNode bRemoveBone
BoolProperty: unknown FBoneNode bLockBone
BoolProperty: unknown FBoneNode bRemoveBone
BoolProperty: unknown FBoneNode bLockBone
BoolProperty: unknown FBoneNode bRemoveBone
BoolProperty: unknown FBoneNode bLockBone
BoolProperty: unknown FBoneNode bRemoveBone
BoolProperty: unknown FBoneNode bLockBone
BoolProperty: unknown FBoneNode bRemoveBone
BoolProperty: unknown FBoneNode bLockBone
BoolProperty: unknown FBoneNode bRemoveBone
BoolProperty: unknown FBoneNode bLockBone
BoolProperty: unknown FBoneNode bRemoveBone
BoolProperty: unknown FBoneNode bLockBone
BoolProperty: unknown FBoneNode bRemoveBone
BoolProperty: unknown FBoneNode bLockBone
BoolProperty: unknown FBoneNode bRemoveBone
BoolProperty: unknown FBoneNode bLockBone
BoolProperty: unknown FBoneNode bRemoveBone
BoolProperty: unknown FBoneNode bLockBone
BoolProperty: unknown FBoneNode bRemoveBone
BoolProperty: unknown FBoneNode bLockBone
BoolProperty: unknown FBoneNode bRemoveBone
BoolProperty: unknown FBoneNode bLockBone
BoolProperty: unknown FBoneNode bRemoveBone
BoolProperty: unknown FBoneNode bLockBone
BoolProperty: unknown FBoneNode bRemoveBone
BoolProperty: unknown FBoneNode bLockBone
BoolProperty: unknown FBoneNode bRemoveBone
BoolProperty: unknown FBoneNode bLockBone
BoolProperty: unknown FBoneNode bRemoveBone
BoolProperty: unknown FBoneNode bLockBone
BoolProperty: unknown FBoneNode bRemoveBone
BoolProperty: unknown FBoneNode bLockBone
BoolProperty: unknown FBoneNode bRemoveBone
BoolProperty: unknown FBoneNode bLockBone
BoolProperty: unknown FBoneNode bRemoveBone
BoolProperty: unknown FBoneNode bLockBone
BoolProperty: unknown FBoneNode bRemoveBone
BoolProperty: unknown FBoneNode bLockBone
BoolProperty: unknown FBoneNode bRemoveBone
BoolProperty: unknown FBoneNode bLockBone
BoolProperty: unknown FBoneNode bRemoveBone
BoolProperty: unknown FBoneNode bLockBone
BoolProperty: unknown FBoneNode bRemoveBone
BoolProperty: unknown FBoneNode bLockBone
BoolProperty: unknown FBoneNode bRemoveBone
BoolProperty: unknown FBoneNode bLockBone
BoolProperty: unknown FBoneNode bRemoveBone
BoolProperty: unknown FBoneNode bLockBone
BoolProperty: unknown FBoneNode bRemoveBone
BoolProperty: unknown FBoneNode bLockBone
BoolProperty: unknown FBoneNode bRemoveBone
BoolProperty: unknown FBoneNode bLockBone
BoolProperty: unknown FBoneNode bRemoveBone
BoolProperty: unknown FBoneNode bLockBone
BoolProperty: unknown FBoneNode bRemoveBone
BoolProperty: unknown FBoneNode bLockBone
BoolProperty: unknown FBoneNode bRemoveBone
BoolProperty: unknown FBoneNode bLockBone
BoolProperty: unknown FBoneNode bRemoveBone
BoolProperty: unknown FBoneNode bLockBone
BoolProperty: unknown FBoneNode bRemoveBone
BoolProperty: unknown FBoneNode bLockBone
BoolProperty: unknown FBoneNode bRemoveBone
BoolProperty: unknown FBoneNode bLockBone
BoolProperty: unknown FBoneNode bRemoveBone
BoolProperty: unknown FBoneNode bLockBone
BoolProperty: unknown FBoneNode bRemoveBone
BoolProperty: unknown FBoneNode bLockBone
BoolProperty: unknown FBoneNode bRemoveBone
BoolProperty: unknown FBoneNode bLockBone
BoolProperty: unknown FBoneNode bRemoveBone
BoolProperty: unknown FBoneNode bLockBone
BoolProperty: unknown FBoneNode bRemoveBone
BoolProperty: unknown FBoneNode bLockBone
BoolProperty: unknown FBoneNode bRemoveBone
BoolProperty: unknown FBoneNode bLockBone
BoolProperty: unknown FBoneNode bRemoveBone
BoolProperty: unknown FBoneNode bLockBone
BoolProperty: unknown FBoneNode bRemoveBone
BoolProperty: unknown FBoneNode bLockBone
BoolProperty: unknown FBoneNode bRemoveBone
BoolProperty: unknown FBoneNode bLockBone
BoolProperty: unknown FBoneNode bRemoveBone
BoolProperty: unknown FBoneNode bLockBone
BoolProperty: unknown FBoneNode bRemoveBone
BoolProperty: unknown FBoneNode bLockBone
BoolProperty: unknown FBoneNode bRemoveBone
BoolProperty: unknown FBoneNode bLockBone
BoolProperty: unknown FBoneNode bRemoveBone
BoolProperty: unknown FBoneNode bLockBone
BoolProperty: unknown FBoneNode bRemoveBone
BoolProperty: unknown FBoneNode bLockBone
BoolProperty: unknown FBoneNode bRemoveBone
BoolProperty: unknown FBoneNode bLockBone
BoolProperty: unknown FBoneNode bRemoveBone
BoolProperty: unknown FBoneNode bLockBone
BoolProperty: unknown FBoneNode bRemoveBone
BoolProperty: unknown FBoneNode bLockBone
BoolProperty: unknown FBoneNode bRemoveBone
BoolProperty: unknown FBoneNode bLockBone
BoolProperty: unknown FBoneNode bRemoveBone
BoolProperty: unknown FBoneNode bLockBone
BoolProperty: unknown FBoneNode bRemoveBone
Exporting objects ...
Exporting AnimSequence4 Dilo-Aim-Lft to C:/Users/Nez/Desktop/GitHub/Ark-Survival-Returns/.work/exports/actorx/PrimalEarth/Dinos/Dilo/Anims/Dilo-Aim-Lft.psa
Memory: allocated 435880 bytes in 450 blocks
Loading AnimSequence4 Dilo-Aim-Rit from package PrimalEarth/Dinos/Dilo/Anims/Dilo-Aim-Rit.uasset
Loading AnimSequence4 Dilo-Idle from package PrimalEarth/Dinos/Dilo/Anims/Dilo-Idle.uasset
FloatProperty: unknown FAnimNotifyEvent DisplayTime
BoolProperty: unknown FAnimNotifyEvent bIgnoreOnDediServer
Loading Skeleton Dilo_Skeleton from package PrimalEarth/Dinos/Dilo/Dilo_Skeleton.uasset
BoolProperty: unknown FBoneNode bLockBone
BoolProperty: unknown FBoneNode bRemoveBone
BoolProperty: unknown FBoneNode bLockBone
BoolProperty: unknown FBoneNode bRemoveBone
BoolProperty: unknown FBoneNode bLockBone
BoolProperty: unknown FBoneNode bRemoveBone
BoolProperty: unknown FBoneNode bLockBone
BoolProperty: unknown FBoneNode bRemoveBone
BoolProperty: unknown FBoneNode bLockBone
BoolProperty: unknown FBoneNode bRemoveBone
BoolProperty: unknown FBoneNode bLockBone
BoolProperty: unknown FBoneNode bRemoveBone
BoolProperty: unknown FBoneNode bLockBone
BoolProperty: unknown FBoneNode bRemoveBone
BoolProperty: unknown FBoneNode bLockBone
BoolProperty: unknown FBoneNode bRemoveBone
BoolProperty: unknown FBoneNode bLockBone
BoolProperty: unknown FBoneNode bRemoveBone
BoolProperty: unknown FBoneNode bLockBone
BoolProperty: unknown FBoneNode bRemoveBone
BoolProperty: unknown FBoneNode bLockBone
BoolProperty: unknown FBoneNode bRemoveBone
BoolProperty: unknown FBoneNode bLockBone
BoolProperty: unknown FBoneNode bRemoveBone
BoolProperty: unknown FBoneNode bLockBone
BoolProperty: unknown FBoneNode bRemoveBone
BoolProperty: unknown FBoneNode bLockBone
BoolProperty: unknown FBoneNode bRemoveBone
BoolProperty: unknown FBoneNode bLockBone
BoolProperty: unknown FBoneNode bRemoveBone
BoolProperty: unknown FBoneNode bLockBone
BoolProperty: unknown FBoneNode bRemoveBone
BoolProperty: unknown FBoneNode bLockBone
BoolProperty: unknown FBoneNode bRemoveBone
BoolProperty: unknown FBoneNode bLockBone
BoolProperty: unknown FBoneNode bRemoveBone
BoolProperty: unknown FBoneNode bLockBone
BoolProperty: unknown FBoneNode bRemoveBone
BoolProperty: unknown FBoneNode bLockBone
BoolProperty: unknown FBoneNode bRemoveBone
BoolProperty: unknown FBoneNode bLockBone
BoolProperty: unknown FBoneNode bRemoveBone
BoolProperty: unknown FBoneNode bLockBone
BoolProperty: unknown FBoneNode bRemoveBone
BoolProperty: unknown FBoneNode bLockBone
BoolProperty: unknown FBoneNode bRemoveBone
BoolProperty: unknown FBoneNode bLockBone
BoolProperty: unknown FBoneNode bRemoveBone
BoolProperty: unknown FBoneNode bLockBone
BoolProperty: unknown FBoneNode bRemoveBone
BoolProperty: unknown FBoneNode bLockBone
BoolProperty: unknown FBoneNode bRemoveBone
BoolProperty: unknown FBoneNode bLockBone
BoolProperty: unknown FBoneNode bRemoveBone
BoolProperty: unknown FBoneNode bLockBone
BoolProperty: unknown FBoneNode bRemoveBone
BoolProperty: unknown FBoneNode bLockBone
BoolProperty: unknown FBoneNode bRemoveBone
BoolProperty: unknown FBoneNode bLockBone
BoolProperty: unknown FBoneNode bRemoveBone
BoolProperty: unknown FBoneNode bLockBone
BoolProperty: unknown FBoneNode bRemoveBone
BoolProperty: unknown FBoneNode bLockBone
BoolProperty: unknown FBoneNode bRemoveBone
BoolProperty: unknown FBoneNode bLockBone
BoolProperty: unknown FBoneNode bRemoveBone
BoolProperty: unknown FBoneNode bLockBone
BoolProperty: unknown FBoneNode bRemoveBone
BoolProperty: unknown FBoneNode bLockBone
BoolProperty: unknown FBoneNode bRemoveBone
BoolProperty: unknown FBoneNode bLockBone
BoolProperty: unknown FBoneNode bRemoveBone
BoolProperty: unknown FBoneNode bLockBone
BoolProperty: unknown FBoneNode bRemoveBone
BoolProperty: unknown FBoneNode bLockBone
BoolProperty: unknown FBoneNode bRemoveBone
BoolProperty: unknown FBoneNode bLockBone
BoolProperty: unknown FBoneNode bRemoveBone
BoolProperty: unknown FBoneNode bLockBone
BoolProperty: unknown FBoneNode bRemoveBone
BoolProperty: unknown FBoneNode bLockBone
BoolProperty: unknown FBoneNode bRemoveBone
BoolProperty: unknown FBoneNode bLockBone
BoolProperty: unknown FBoneNode bRemoveBone
BoolProperty: unknown FBoneNode bLockBone
BoolProperty: unknown FBoneNode bRemoveBone
BoolProperty: unknown FBoneNode bLockBone
BoolProperty: unknown FBoneNode bRemoveBone
BoolProperty: unknown FBoneNode bLockBone
BoolProperty: unknown FBoneNode bRemoveBone
BoolProperty: unknown FBoneNode bLockBone
BoolProperty: unknown FBoneNode bRemoveBone
BoolProperty: unknown FBoneNode bLockBone
BoolProperty: unknown FBoneNode bRemoveBone
BoolProperty: unknown FBoneNode bLockBone
BoolProperty: unknown FBoneNode bRemoveBone
BoolProperty: unknown FBoneNode bLockBone
BoolProperty: unknown FBoneNode bRemoveBone
BoolProperty: unknown FBoneNode bLockBone
BoolProperty: unknown FBoneNode bRemoveBone
BoolProperty: unknown FBoneNode bLockBone
BoolProperty: unknown FBoneNode bRemoveBone
BoolProperty: unknown FBoneNode bLockBone
BoolProperty: unknown FBoneNode bRemoveBone
BoolProperty: unknown FBoneNode bLockBone
BoolProperty: unknown FBoneNode bRemoveBone
BoolProperty: unknown FBoneNode bLockBone
BoolProperty: unknown FBoneNode bRemoveBone
BoolProperty: unknown FBoneNode bLockBone
BoolProperty: unknown FBoneNode bRemoveBone
BoolProperty: unknown FBoneNode bLockBone
BoolProperty: unknown FBoneNode bRemoveBone
BoolProperty: unknown FBoneNode bLockBone
BoolProperty: unknown FBoneNode bRemoveBone
BoolProperty: unknown FBoneNode bLockBone
BoolProperty: unknown FBoneNode bRemoveBone
BoolProperty: unknown FBoneNode bLockBone
BoolProperty: unknown FBoneNode bRemoveBone
BoolProperty: unknown FBoneNode bLockBone
BoolProperty: unknown FBoneNode bRemoveBone
BoolProperty: unknown FBoneNode bLockBone
BoolProperty: unknown FBoneNode bRemoveBone
BoolProperty: unknown FBoneNode bLockBone
BoolProperty: unknown FBoneNode bRemoveBone
BoolProperty: unknown FBoneNode bLockBone
BoolProperty: unknown FBoneNode bRemoveBone
BoolProperty: unknown FBoneNode bLockBone
BoolProperty: unknown FBoneNode bRemoveBone
BoolProperty: unknown FBoneNode bLockBone
BoolProperty: unknown FBoneNode bRemoveBone
BoolProperty: unknown FBoneNode bLockBone
BoolProperty: unknown FBoneNode bRemoveBone
BoolProperty: unknown FBoneNode bLockBone
BoolProperty: unknown FBoneNode bRemoveBone
BoolProperty: unknown FBoneNode bLockBone
BoolProperty: unknown FBoneNode bRemoveBone
BoolProperty: unknown FBoneNode bLockBone
BoolProperty: unknown FBoneNode bRemoveBone
BoolProperty: unknown FBoneNode bLockBone
BoolProperty: unknown FBoneNode bRemoveBone
BoolProperty: unknown FBoneNode bLockBone
BoolProperty: unknown FBoneNode bRemoveBone
BoolProperty: unknown FBoneNode bLockBone
BoolProperty: unknown FBoneNode bRemoveBone
BoolProperty: unknown FBoneNode bLockBone
BoolProperty: unknown FBoneNode bRemoveBone
BoolProperty: unknown FBoneNode bLockBone
BoolProperty: unknown FBoneNode bRemoveBone
BoolProperty: unknown FBoneNode bLockBone
BoolProperty: unknown FBoneNode bRemoveBone
BoolProperty: unknown FBoneNode bLockBone
BoolProperty: unknown FBoneNode bRemoveBone
BoolProperty: unknown FBoneNode bLockBone
BoolProperty: unknown FBoneNode bRemoveBone
BoolProperty: unknown FBoneNode bLockBone
BoolProperty: unknown FBoneNode bRemoveBone
BoolProperty: unknown FBoneNode bLockBone
BoolProperty: unknown FBoneNode bRemoveBone
BoolProperty: unknown FBoneNode bLockBone
BoolProperty: unknown FBoneNode bRemoveBone
BoolProperty: unknown FBoneNode bLockBone
BoolProperty: unknown FBoneNode bRemoveBone
BoolProperty: unknown FBoneNode bLockBone
BoolProperty: unknown FBoneNode bRemoveBone
BoolProperty: unknown FBoneNode bLockBone
BoolProperty: unknown FBoneNode bRemoveBone
BoolProperty: unknown FBoneNode bLockBone
BoolProperty: unknown FBoneNode bRemoveBone
BoolProperty: unknown FBoneNode bLockBone
BoolProperty: unknown FBoneNode bRemoveBone
BoolProperty: unknown FBoneNode bLockBone
BoolProperty: unknown FBoneNode bRemoveBone
BoolProperty: unknown FBoneNode bLockBone
BoolProperty: unknown FBoneNode bRemoveBone
BoolProperty: unknown FBoneNode bLockBone
BoolProperty: unknown FBoneNode bRemoveBone
BoolProperty: unknown FBoneNode bLockBone
BoolProperty: unknown FBoneNode bRemoveBone
BoolProperty: unknown FBoneNode bLockBone
BoolProperty: unknown FBoneNode bRemoveBone
BoolProperty: unknown FBoneNode bLockBone
BoolProperty: unknown FBoneNode bRemoveBone
BoolProperty: unknown FBoneNode bLockBone
BoolProperty: unknown FBoneNode bRemoveBone
BoolProperty: unknown FBoneNode bLockBone
BoolProperty: unknown FBoneNode bRemoveBone
BoolProperty: unknown FBoneNode bLockBone
BoolProperty: unknown FBoneNode bRemoveBone
BoolProperty: unknown FBoneNode bLockBone
BoolProperty: unknown FBoneNode bRemoveBone
BoolProperty: unknown FBoneNode bLockBone
BoolProperty: unknown FBoneNode bRemoveBone
BoolProperty: unknown FBoneNode bLockBone
BoolProperty: unknown FBoneNode bRemoveBone
BoolProperty: unknown FBoneNode bLockBone
BoolProperty: unknown FBoneNode bRemoveBone
BoolProperty: unknown FBoneNode bLockBone
BoolProperty: unknown FBoneNode bRemoveBone
BoolProperty: unknown FBoneNode bLockBone
BoolProperty: unknown FBoneNode bRemoveBone
BoolProperty: unknown FBoneNode bLockBone
BoolProperty: unknown FBoneNode bRemoveBone
BoolProperty: unknown FBoneNode bLockBone
BoolProperty: unknown FBoneNode bRemoveBone
BoolProperty: unknown FBoneNode bLockBone
BoolProperty: unknown FBoneNode bRemoveBone
BoolProperty: unknown FBoneNode bLockBone
BoolProperty: unknown FBoneNode bRemoveBone
BoolProperty: unknown FBoneNode bLockBone
BoolProperty: unknown FBoneNode bRemoveBone
Exporting objects ...
Exporting AnimSequence4 Dilo-Aim-Rit to C:/Users/Nez/Desktop/GitHub/Ark-Survival-Returns/.work/exports/actorx/PrimalEarth/Dinos/Dilo/Anims/Dilo-Aim-Rit.psa
Memory: allocated 448168 bytes in 453 blocks
Loading AnimSequence4 Dilo-Aim-Up-Lft from package PrimalEarth/Dinos/Dilo/Anims/Dilo-Aim-Up-Lft.uasset
Loading AnimSequence4 Dilo-Idle from package PrimalEarth/Dinos/Dilo/Anims/Dilo-Idle.uasset
FloatProperty: unknown FAnimNotifyEvent DisplayTime
BoolProperty: unknown FAnimNotifyEvent bIgnoreOnDediServer
Loading Skeleton Dilo_Skeleton from package PrimalEarth/Dinos/Dilo/Dilo_Skeleton.uasset
BoolProperty: unknown FBoneNode bLockBone
BoolProperty: unknown FBoneNode bRemoveBone
BoolProperty: unknown FBoneNode bLockBone
BoolProperty: unknown FBoneNode bRemoveBone
BoolProperty: unknown FBoneNode bLockBone
BoolProperty: unknown FBoneNode bRemoveBone
BoolProperty: unknown FBoneNode bLockBone
BoolProperty: unknown FBoneNode bRemoveBone
BoolProperty: unknown FBoneNode bLockBone
BoolProperty: unknown FBoneNode bRemoveBone
BoolProperty: unknown FBoneNode bLockBone
BoolProperty: unknown FBoneNode bRemoveBone
BoolProperty: unknown FBoneNode bLockBone
BoolProperty: unknown FBoneNode bRemoveBone
BoolProperty: unknown FBoneNode bLockBone
BoolProperty: unknown FBoneNode bRemoveBone
BoolProperty: unknown FBoneNode bLockBone
BoolProperty: unknown FBoneNode bRemoveBone
BoolProperty: unknown FBoneNode bLockBone
BoolProperty: unknown FBoneNode bRemoveBone
BoolProperty: unknown FBoneNode bLockBone
BoolProperty: unknown FBoneNode bRemoveBone
BoolProperty: unknown FBoneNode bLockBone
BoolProperty: unknown FBoneNode bRemoveBone
BoolProperty: unknown FBoneNode bLockBone
BoolProperty: unknown FBoneNode bRemoveBone
BoolProperty: unknown FBoneNode bLockBone
BoolProperty: unknown FBoneNode bRemoveBone
BoolProperty: unknown FBoneNode bLockBone
BoolProperty: unknown FBoneNode bRemoveBone
BoolProperty: unknown FBoneNode bLockBone
BoolProperty: unknown FBoneNode bRemoveBone
BoolProperty: unknown FBoneNode bLockBone
BoolProperty: unknown FBoneNode bRemoveBone
BoolProperty: unknown FBoneNode bLockBone
BoolProperty: unknown FBoneNode bRemoveBone
BoolProperty: unknown FBoneNode bLockBone
BoolProperty: unknown FBoneNode bRemoveBone
BoolProperty: unknown FBoneNode bLockBone
BoolProperty: unknown FBoneNode bRemoveBone
BoolProperty: unknown FBoneNode bLockBone
BoolProperty: unknown FBoneNode bRemoveBone
BoolProperty: unknown FBoneNode bLockBone
BoolProperty: unknown FBoneNode bRemoveBone
BoolProperty: unknown FBoneNode bLockBone
BoolProperty: unknown FBoneNode bRemoveBone
BoolProperty: unknown FBoneNode bLockBone
BoolProperty: unknown FBoneNode bRemoveBone
BoolProperty: unknown FBoneNode bLockBone
BoolProperty: unknown FBoneNode bRemoveBone
BoolProperty: unknown FBoneNode bLockBone
BoolProperty: unknown FBoneNode bRemoveBone
BoolProperty: unknown FBoneNode bLockBone
BoolProperty: unknown FBoneNode bRemoveBone
BoolProperty: unknown FBoneNode bLockBone
BoolProperty: unknown FBoneNode bRemoveBone
BoolProperty: unknown FBoneNode bLockBone
BoolProperty: unknown FBoneNode bRemoveBone
BoolProperty: unknown FBoneNode bLockBone
BoolProperty: unknown FBoneNode bRemoveBone
BoolProperty: unknown FBoneNode bLockBone
BoolProperty: unknown FBoneNode bRemoveBone
BoolProperty: unknown FBoneNode bLockBone
BoolProperty: unknown FBoneNode bRemoveBone
BoolProperty: unknown FBoneNode bLockBone
BoolProperty: unknown FBoneNode bRemoveBone
BoolProperty: unknown FBoneNode bLockBone
BoolProperty: unknown FBoneNode bRemoveBone
BoolProperty: unknown FBoneNode bLockBone
BoolProperty: unknown FBoneNode bRemoveBone
BoolProperty: unknown FBoneNode bLockBone
BoolProperty: unknown FBoneNode bRemoveBone
BoolProperty: unknown FBoneNode bLockBone
BoolProperty: unknown FBoneNode bRemoveBone
BoolProperty: unknown FBoneNode bLockBone
BoolProperty: unknown FBoneNode bRemoveBone
BoolProperty: unknown FBoneNode bLockBone
BoolProperty: unknown FBoneNode bRemoveBone
BoolProperty: unknown FBoneNode bLockBone
BoolProperty: unknown FBoneNode bRemoveBone
BoolProperty: unknown FBoneNode bLockBone
BoolProperty: unknown FBoneNode bRemoveBone
BoolProperty: unknown FBoneNode bLockBone
BoolProperty: unknown FBoneNode bRemoveBone
BoolProperty: unknown FBoneNode bLockBone
BoolProperty: unknown FBoneNode bRemoveBone
BoolProperty: unknown FBoneNode bLockBone
BoolProperty: unknown FBoneNode bRemoveBone
BoolProperty: unknown FBoneNode bLockBone
BoolProperty: unknown FBoneNode bRemoveBone
BoolProperty: unknown FBoneNode bLockBone
BoolProperty: unknown FBoneNode bRemoveBone
BoolProperty: unknown FBoneNode bLockBone
BoolProperty: unknown FBoneNode bRemoveBone
BoolProperty: unknown FBoneNode bLockBone
BoolProperty: unknown FBoneNode bRemoveBone
BoolProperty: unknown FBoneNode bLockBone
BoolProperty: unknown FBoneNode bRemoveBone
BoolProperty: unknown FBoneNode bLockBone
BoolProperty: unknown FBoneNode bRemoveBone
BoolProperty: unknown FBoneNode bLockBone
BoolProperty: unknown FBoneNode bRemoveBone
BoolProperty: unknown FBoneNode bLockBone
BoolProperty: unknown FBoneNode bRemoveBone
BoolProperty: unknown FBoneNode bLockBone
BoolProperty: unknown FBoneNode bRemoveBone
BoolProperty: unknown FBoneNode bLockBone
BoolProperty: unknown FBoneNode bRemoveBone
BoolProperty: unknown FBoneNode bLockBone
BoolProperty: unknown FBoneNode bRemoveBone
BoolProperty: unknown FBoneNode bLockBone
BoolProperty: unknown FBoneNode bRemoveBone
BoolProperty: unknown FBoneNode bLockBone
BoolProperty: unknown FBoneNode bRemoveBone
BoolProperty: unknown FBoneNode bLockBone
BoolProperty: unknown FBoneNode bRemoveBone
BoolProperty: unknown FBoneNode bLockBone
BoolProperty: unknown FBoneNode bRemoveBone
BoolProperty: unknown FBoneNode bLockBone
BoolProperty: unknown FBoneNode bRemoveBone
BoolProperty: unknown FBoneNode bLockBone
BoolProperty: unknown FBoneNode bRemoveBone
BoolProperty: unknown FBoneNode bLockBone
BoolProperty: unknown FBoneNode bRemoveBone
BoolProperty: unknown FBoneNode bLockBone
BoolProperty: unknown FBoneNode bRemoveBone
BoolProperty: unknown FBoneNode bLockBone
BoolProperty: unknown FBoneNode bRemoveBone
BoolProperty: unknown FBoneNode bLockBone
BoolProperty: unknown FBoneNode bRemoveBone
BoolProperty: unknown FBoneNode bLockBone
BoolProperty: unknown FBoneNode bRemoveBone
BoolProperty: unknown FBoneNode bLockBone
BoolProperty: unknown FBoneNode bRemoveBone
BoolProperty: unknown FBoneNode bLockBone
BoolProperty: unknown FBoneNode bRemoveBone
BoolProperty: unknown FBoneNode bLockBone
BoolProperty: unknown FBoneNode bRemoveBone
BoolProperty: unknown FBoneNode bLockBone
BoolProperty: unknown FBoneNode bRemoveBone
BoolProperty: unknown FBoneNode bLockBone
BoolProperty: unknown FBoneNode bRemoveBone
BoolProperty: unknown FBoneNode bLockBone
BoolProperty: unknown FBoneNode bRemoveBone
BoolProperty: unknown FBoneNode bLockBone
BoolProperty: unknown FBoneNode bRemoveBone
BoolProperty: unknown FBoneNode bLockBone
BoolProperty: unknown FBoneNode bRemoveBone
BoolProperty: unknown FBoneNode bLockBone
BoolProperty: unknown FBoneNode bRemoveBone
BoolProperty: unknown FBoneNode bLockBone
BoolProperty: unknown FBoneNode bRemoveBone
BoolProperty: unknown FBoneNode bLockBone
BoolProperty: unknown FBoneNode bRemoveBone
BoolProperty: unknown FBoneNode bLockBone
BoolProperty: unknown FBoneNode bRemoveBone
BoolProperty: unknown FBoneNode bLockBone
BoolProperty: unknown FBoneNode bRemoveBone
BoolProperty: unknown FBoneNode bLockBone
BoolProperty: unknown FBoneNode bRemoveBone
BoolProperty: unknown FBoneNode bLockBone
BoolProperty: unknown FBoneNode bRemoveBone
BoolProperty: unknown FBoneNode bLockBone
BoolProperty: unknown FBoneNode bRemoveBone
BoolProperty: unknown FBoneNode bLockBone
BoolProperty: unknown FBoneNode bRemoveBone
BoolProperty: unknown FBoneNode bLockBone
BoolProperty: unknown FBoneNode bRemoveBone
BoolProperty: unknown FBoneNode bLockBone
BoolProperty: unknown FBoneNode bRemoveBone
BoolProperty: unknown FBoneNode bLockBone
BoolProperty: unknown FBoneNode bRemoveBone
BoolProperty: unknown FBoneNode bLockBone
BoolProperty: unknown FBoneNode bRemoveBone
BoolProperty: unknown FBoneNode bLockBone
BoolProperty: unknown FBoneNode bRemoveBone
BoolProperty: unknown FBoneNode bLockBone
BoolProperty: unknown FBoneNode bRemoveBone
BoolProperty: unknown FBoneNode bLockBone
BoolProperty: unknown FBoneNode bRemoveBone
BoolProperty: unknown FBoneNode bLockBone
BoolProperty: unknown FBoneNode bRemoveBone
BoolProperty: unknown FBoneNode bLockBone
BoolProperty: unknown FBoneNode bRemoveBone
BoolProperty: unknown FBoneNode bLockBone
BoolProperty: unknown FBoneNode bRemoveBone
BoolProperty: unknown FBoneNode bLockBone
BoolProperty: unknown FBoneNode bRemoveBone
BoolProperty: unknown FBoneNode bLockBone
BoolProperty: unknown FBoneNode bRemoveBone
BoolProperty: unknown FBoneNode bLockBone
BoolProperty: unknown FBoneNode bRemoveBone
BoolProperty: unknown FBoneNode bLockBone
BoolProperty: unknown FBoneNode bRemoveBone
BoolProperty: unknown FBoneNode bLockBone
BoolProperty: unknown FBoneNode bRemoveBone
BoolProperty: unknown FBoneNode bLockBone
BoolProperty: unknown FBoneNode bRemoveBone
BoolProperty: unknown FBoneNode bLockBone
BoolProperty: unknown FBoneNode bRemoveBone
BoolProperty: unknown FBoneNode bLockBone
BoolProperty: unknown FBoneNode bRemoveBone
BoolProperty: unknown FBoneNode bLockBone
BoolProperty: unknown FBoneNode bRemoveBone
BoolProperty: unknown FBoneNode bLockBone
BoolProperty: unknown FBoneNode bRemoveBone
BoolProperty: unknown FBoneNode bLockBone
BoolProperty: unknown FBoneNode bRemoveBone
BoolProperty: unknown FBoneNode bLockBone
BoolProperty: unknown FBoneNode bRemoveBone
Exporting objects ...
Exporting AnimSequence4 Dilo-Aim-Up-Lft to C:/Users/Nez/Desktop/GitHub/Ark-Survival-Returns/.work/exports/actorx/PrimalEarth/Dinos/Dilo/Anims/Dilo-Aim-Up-Lft.psa
Memory: allocated 460456 bytes in 456 blocks
Loading AnimSequence4 Dilo-Aim-Up-Rit from package PrimalEarth/Dinos/Dilo/Anims/Dilo-Aim-Up-Rit.uasset
Loading AnimSequence4 Dilo-Idle from package PrimalEarth/Dinos/Dilo/Anims/Dilo-Idle.uasset
FloatProperty: unknown FAnimNotifyEvent DisplayTime
BoolProperty: unknown FAnimNotifyEvent bIgnoreOnDediServer
Loading Skeleton Dilo_Skeleton from package PrimalEarth/Dinos/Dilo/Dilo_Skeleton.uasset
BoolProperty: unknown FBoneNode bLockBone
BoolProperty: unknown FBoneNode bRemoveBone
BoolProperty: unknown FBoneNode bLockBone
BoolProperty: unknown FBoneNode bRemoveBone
BoolProperty: unknown FBoneNode bLockBone
BoolProperty: unknown FBoneNode bRemoveBone
BoolProperty: unknown FBoneNode bLockBone
BoolProperty: unknown FBoneNode bRemoveBone
BoolProperty: unknown FBoneNode bLockBone
BoolProperty: unknown FBoneNode bRemoveBone
BoolProperty: unknown FBoneNode bLockBone
BoolProperty: unknown FBoneNode bRemoveBone
BoolProperty: unknown FBoneNode bLockBone
BoolProperty: unknown FBoneNode bRemoveBone
BoolProperty: unknown FBoneNode bLockBone
BoolProperty: unknown FBoneNode bRemoveBone
BoolProperty: unknown FBoneNode bLockBone
BoolProperty: unknown FBoneNode bRemoveBone
BoolProperty: unknown FBoneNode bLockBone
BoolProperty: unknown FBoneNode bRemoveBone
BoolProperty: unknown FBoneNode bLockBone
BoolProperty: unknown FBoneNode bRemoveBone
BoolProperty: unknown FBoneNode bLockBone
BoolProperty: unknown FBoneNode bRemoveBone
BoolProperty: unknown FBoneNode bLockBone
BoolProperty: unknown FBoneNode bRemoveBone
BoolProperty: unknown FBoneNode bLockBone
BoolProperty: unknown FBoneNode bRemoveBone
BoolProperty: unknown FBoneNode bLockBone
BoolProperty: unknown FBoneNode bRemoveBone
BoolProperty: unknown FBoneNode bLockBone
BoolProperty: unknown FBoneNode bRemoveBone
BoolProperty: unknown FBoneNode bLockBone
BoolProperty: unknown FBoneNode bRemoveBone
BoolProperty: unknown FBoneNode bLockBone
BoolProperty: unknown FBoneNode bRemoveBone
BoolProperty: unknown FBoneNode bLockBone
BoolProperty: unknown FBoneNode bRemoveBone
BoolProperty: unknown FBoneNode bLockBone
BoolProperty: unknown FBoneNode bRemoveBone
BoolProperty: unknown FBoneNode bLockBone
BoolProperty: unknown FBoneNode bRemoveBone
BoolProperty: unknown FBoneNode bLockBone
BoolProperty: unknown FBoneNode bRemoveBone
BoolProperty: unknown FBoneNode bLockBone
BoolProperty: unknown FBoneNode bRemoveBone
BoolProperty: unknown FBoneNode bLockBone
BoolProperty: unknown FBoneNode bRemoveBone
BoolProperty: unknown FBoneNode bLockBone
BoolProperty: unknown FBoneNode bRemoveBone
BoolProperty: unknown FBoneNode bLockBone
BoolProperty: unknown FBoneNode bRemoveBone
BoolProperty: unknown FBoneNode bLockBone
BoolProperty: unknown FBoneNode bRemoveBone
BoolProperty: unknown FBoneNode bLockBone
BoolProperty: unknown FBoneNode bRemoveBone
BoolProperty: unknown FBoneNode bLockBone
BoolProperty: unknown FBoneNode bRemoveBone
BoolProperty: unknown FBoneNode bLockBone
BoolProperty: unknown FBoneNode bRemoveBone
BoolProperty: unknown FBoneNode bLockBone
BoolProperty: unknown FBoneNode bRemoveBone
BoolProperty: unknown FBoneNode bLockBone
BoolProperty: unknown FBoneNode bRemoveBone
BoolProperty: unknown FBoneNode bLockBone
BoolProperty: unknown FBoneNode bRemoveBone
BoolProperty: unknown FBoneNode bLockBone
BoolProperty: unknown FBoneNode bRemoveBone
BoolProperty: unknown FBoneNode bLockBone
BoolProperty: unknown FBoneNode bRemoveBone
BoolProperty: unknown FBoneNode bLockBone
BoolProperty: unknown FBoneNode bRemoveBone
BoolProperty: unknown FBoneNode bLockBone
BoolProperty: unknown FBoneNode bRemoveBone
BoolProperty: unknown FBoneNode bLockBone
BoolProperty: unknown FBoneNode bRemoveBone
BoolProperty: unknown FBoneNode bLockBone
BoolProperty: unknown FBoneNode bRemoveBone
BoolProperty: unknown FBoneNode bLockBone
BoolProperty: unknown FBoneNode bRemoveBone
BoolProperty: unknown FBoneNode bLockBone
BoolProperty: unknown FBoneNode bRemoveBone
BoolProperty: unknown FBoneNode bLockBone
BoolProperty: unknown FBoneNode bRemoveBone
BoolProperty: unknown FBoneNode bLockBone
BoolProperty: unknown FBoneNode bRemoveBone
BoolProperty: unknown FBoneNode bLockBone
BoolProperty: unknown FBoneNode bRemoveBone
BoolProperty: unknown FBoneNode bLockBone
BoolProperty: unknown FBoneNode bRemoveBone
BoolProperty: unknown FBoneNode bLockBone
BoolProperty: unknown FBoneNode bRemoveBone
BoolProperty: unknown FBoneNode bLockBone
BoolProperty: unknown FBoneNode bRemoveBone
BoolProperty: unknown FBoneNode bLockBone
BoolProperty: unknown FBoneNode bRemoveBone
BoolProperty: unknown FBoneNode bLockBone
BoolProperty: unknown FBoneNode bRemoveBone
BoolProperty: unknown FBoneNode bLockBone
BoolProperty: unknown FBoneNode bRemoveBone
BoolProperty: unknown FBoneNode bLockBone
BoolProperty: unknown FBoneNode bRemoveBone
BoolProperty: unknown FBoneNode bLockBone
BoolProperty: unknown FBoneNode bRemoveBone
BoolProperty: unknown FBoneNode bLockBone
BoolProperty: unknown FBoneNode bRemoveBone
BoolProperty: unknown FBoneNode bLockBone
BoolProperty: unknown FBoneNode bRemoveBone
BoolProperty: unknown FBoneNode bLockBone
BoolProperty: unknown FBoneNode bRemoveBone
BoolProperty: unknown FBoneNode bLockBone
BoolProperty: unknown FBoneNode bRemoveBone
BoolProperty: unknown FBoneNode bLockBone
BoolProperty: unknown FBoneNode bRemoveBone
BoolProperty: unknown FBoneNode bLockBone
BoolProperty: unknown FBoneNode bRemoveBone
BoolProperty: unknown FBoneNode bLockBone
BoolProperty: unknown FBoneNode bRemoveBone
BoolProperty: unknown FBoneNode bLockBone
BoolProperty: unknown FBoneNode bRemoveBone
BoolProperty: unknown FBoneNode bLockBone
BoolProperty: unknown FBoneNode bRemoveBone
BoolProperty: unknown FBoneNode bLockBone
BoolProperty: unknown FBoneNode bRemoveBone
BoolProperty: unknown FBoneNode bLockBone
BoolProperty: unknown FBoneNode bRemoveBone
BoolProperty: unknown FBoneNode bLockBone
BoolProperty: unknown FBoneNode bRemoveBone
BoolProperty: unknown FBoneNode bLockBone
BoolProperty: unknown FBoneNode bRemoveBone
BoolProperty: unknown FBoneNode bLockBone
BoolProperty: unknown FBoneNode bRemoveBone
BoolProperty: unknown FBoneNode bLockBone
BoolProperty: unknown FBoneNode bRemoveBone
BoolProperty: unknown FBoneNode bLockBone
BoolProperty: unknown FBoneNode bRemoveBone
BoolProperty: unknown FBoneNode bLockBone
BoolProperty: unknown FBoneNode bRemoveBone
BoolProperty: unknown FBoneNode bLockBone
BoolProperty: unknown FBoneNode bRemoveBone
BoolProperty: unknown FBoneNode bLockBone
BoolProperty: unknown FBoneNode bRemoveBone
BoolProperty: unknown FBoneNode bLockBone
BoolProperty: unknown FBoneNode bRemoveBone
BoolProperty: unknown FBoneNode bLockBone
BoolProperty: unknown FBoneNode bRemoveBone
BoolProperty: unknown FBoneNode bLockBone
BoolProperty: unknown FBoneNode bRemoveBone
BoolProperty: unknown FBoneNode bLockBone
BoolProperty: unknown FBoneNode bRemoveBone
BoolProperty: unknown FBoneNode bLockBone
BoolProperty: unknown FBoneNode bRemoveBone
BoolProperty: unknown FBoneNode bLockBone
BoolProperty: unknown FBoneNode bRemoveBone
BoolProperty: unknown FBoneNode bLockBone
BoolProperty: unknown FBoneNode bRemoveBone
BoolProperty: unknown FBoneNode bLockBone
BoolProperty: unknown FBoneNode bRemoveBone
BoolProperty: unknown FBoneNode bLockBone
BoolProperty: unknown FBoneNode bRemoveBone
BoolProperty: unknown FBoneNode bLockBone
BoolProperty: unknown FBoneNode bRemoveBone
BoolProperty: unknown FBoneNode bLockBone
BoolProperty: unknown FBoneNode bRemoveBone
BoolProperty: unknown FBoneNode bLockBone
BoolProperty: unknown FBoneNode bRemoveBone
BoolProperty: unknown FBoneNode bLockBone
BoolProperty: unknown FBoneNode bRemoveBone
BoolProperty: unknown FBoneNode bLockBone
BoolProperty: unknown FBoneNode bRemoveBone
BoolProperty: unknown FBoneNode bLockBone
BoolProperty: unknown FBoneNode bRemoveBone
BoolProperty: unknown FBoneNode bLockBone
BoolProperty: unknown FBoneNode bRemoveBone
BoolProperty: unknown FBoneNode bLockBone
BoolProperty: unknown FBoneNode bRemoveBone
BoolProperty: unknown FBoneNode bLockBone
BoolProperty: unknown FBoneNode bRemoveBone
BoolProperty: unknown FBoneNode bLockBone
BoolProperty: unknown FBoneNode bRemoveBone
BoolProperty: unknown FBoneNode bLockBone
BoolProperty: unknown FBoneNode bRemoveBone
BoolProperty: unknown FBoneNode bLockBone
BoolProperty: unknown FBoneNode bRemoveBone
BoolProperty: unknown FBoneNode bLockBone
BoolProperty: unknown FBoneNode bRemoveBone
BoolProperty: unknown FBoneNode bLockBone
BoolProperty: unknown FBoneNode bRemoveBone
BoolProperty: unknown FBoneNode bLockBone
BoolProperty: unknown FBoneNode bRemoveBone
BoolProperty: unknown FBoneNode bLockBone
BoolProperty: unknown FBoneNode bRemoveBone
BoolProperty: unknown FBoneNode bLockBone
BoolProperty: unknown FBoneNode bRemoveBone
BoolProperty: unknown FBoneNode bLockBone
BoolProperty: unknown FBoneNode bRemoveBone
BoolProperty: unknown FBoneNode bLockBone
BoolProperty: unknown FBoneNode bRemoveBone
BoolProperty: unknown FBoneNode bLockBone
BoolProperty: unknown FBoneNode bRemoveBone
BoolProperty: unknown FBoneNode bLockBone
BoolProperty: unknown FBoneNode bRemoveBone
BoolProperty: unknown FBoneNode bLockBone
BoolProperty: unknown FBoneNode bRemoveBone
BoolProperty: unknown FBoneNode bLockBone
BoolProperty: unknown FBoneNode bRemoveBone
BoolProperty: unknown FBoneNode bLockBone
BoolProperty: unknown FBoneNode bRemoveBone
BoolProperty: unknown FBoneNode bLockBone
BoolProperty: unknown FBoneNode bRemoveBone
Exporting objects ...
Exporting AnimSequence4 Dilo-Aim-Up-Rit to C:/Users/Nez/Desktop/GitHub/Ark-Survival-Returns/.work/exports/actorx/PrimalEarth/Dinos/Dilo/Anims/Dilo-Aim-Up-Rit.psa
Memory: allocated 472744 bytes in 459 blocks
Loading AnimSequence4 Dilo-Aim-Up from package PrimalEarth/Dinos/Dilo/Anims/Dilo-Aim-Up.uasset
Loading AnimSequence4 Dilo-Idle from package PrimalEarth/Dinos/Dilo/Anims/Dilo-Idle.uasset
FloatProperty: unknown FAnimNotifyEvent DisplayTime
BoolProperty: unknown FAnimNotifyEvent bIgnoreOnDediServer
Loading Skeleton Dilo_Skeleton from package PrimalEarth/Dinos/Dilo/Dilo_Skeleton.uasset
BoolProperty: unknown FBoneNode bLockBone
BoolProperty: unknown FBoneNode bRemoveBone
BoolProperty: unknown FBoneNode bLockBone
BoolProperty: unknown FBoneNode bRemoveBone
BoolProperty: unknown FBoneNode bLockBone
BoolProperty: unknown FBoneNode bRemoveBone
BoolProperty: unknown FBoneNode bLockBone
BoolProperty: unknown FBoneNode bRemoveBone
BoolProperty: unknown FBoneNode bLockBone
BoolProperty: unknown FBoneNode bRemoveBone
BoolProperty: unknown FBoneNode bLockBone
BoolProperty: unknown FBoneNode bRemoveBone
BoolProperty: unknown FBoneNode bLockBone
BoolProperty: unknown FBoneNode bRemoveBone
BoolProperty: unknown FBoneNode bLockBone
BoolProperty: unknown FBoneNode bRemoveBone
BoolProperty: unknown FBoneNode bLockBone
BoolProperty: unknown FBoneNode bRemoveBone
BoolProperty: unknown FBoneNode bLockBone
BoolProperty: unknown FBoneNode bRemoveBone
BoolProperty: unknown FBoneNode bLockBone
BoolProperty: unknown FBoneNode bRemoveBone
BoolProperty: unknown FBoneNode bLockBone
BoolProperty: unknown FBoneNode bRemoveBone
BoolProperty: unknown FBoneNode bLockBone
BoolProperty: unknown FBoneNode bRemoveBone
BoolProperty: unknown FBoneNode bLockBone
BoolProperty: unknown FBoneNode bRemoveBone
BoolProperty: unknown FBoneNode bLockBone
BoolProperty: unknown FBoneNode bRemoveBone
BoolProperty: unknown FBoneNode bLockBone
BoolProperty: unknown FBoneNode bRemoveBone
BoolProperty: unknown FBoneNode bLockBone
BoolProperty: unknown FBoneNode bRemoveBone
BoolProperty: unknown FBoneNode bLockBone
BoolProperty: unknown FBoneNode bRemoveBone
BoolProperty: unknown FBoneNode bLockBone
BoolProperty: unknown FBoneNode bRemoveBone
BoolProperty: unknown FBoneNode bLockBone
BoolProperty: unknown FBoneNode bRemoveBone
BoolProperty: unknown FBoneNode bLockBone
BoolProperty: unknown FBoneNode bRemoveBone
BoolProperty: unknown FBoneNode bLockBone
BoolProperty: unknown FBoneNode bRemoveBone
BoolProperty: unknown FBoneNode bLockBone
BoolProperty: unknown FBoneNode bRemoveBone
BoolProperty: unknown FBoneNode bLockBone
BoolProperty: unknown FBoneNode bRemoveBone
BoolProperty: unknown FBoneNode bLockBone
BoolProperty: unknown FBoneNode bRemoveBone
BoolProperty: unknown FBoneNode bLockBone
BoolProperty: unknown FBoneNode bRemoveBone
BoolProperty: unknown FBoneNode bLockBone
BoolProperty: unknown FBoneNode bRemoveBone
BoolProperty: unknown FBoneNode bLockBone
BoolProperty: unknown FBoneNode bRemoveBone
BoolProperty: unknown FBoneNode bLockBone
BoolProperty: unknown FBoneNode bRemoveBone
BoolProperty: unknown FBoneNode bLockBone
BoolProperty: unknown FBoneNode bRemoveBone
BoolProperty: unknown FBoneNode bLockBone
BoolProperty: unknown FBoneNode bRemoveBone
BoolProperty: unknown FBoneNode bLockBone
BoolProperty: unknown FBoneNode bRemoveBone
BoolProperty: unknown FBoneNode bLockBone
BoolProperty: unknown FBoneNode bRemoveBone
BoolProperty: unknown FBoneNode bLockBone
BoolProperty: unknown FBoneNode bRemoveBone
BoolProperty: unknown FBoneNode bLockBone
BoolProperty: unknown FBoneNode bRemoveBone
BoolProperty: unknown FBoneNode bLockBone
BoolProperty: unknown FBoneNode bRemoveBone
BoolProperty: unknown FBoneNode bLockBone
BoolProperty: unknown FBoneNode bRemoveBone
BoolProperty: unknown FBoneNode bLockBone
BoolProperty: unknown FBoneNode bRemoveBone
BoolProperty: unknown FBoneNode bLockBone
BoolProperty: unknown FBoneNode bRemoveBone
BoolProperty: unknown FBoneNode bLockBone
BoolProperty: unknown FBoneNode bRemoveBone
BoolProperty: unknown FBoneNode bLockBone
BoolProperty: unknown FBoneNode bRemoveBone
BoolProperty: unknown FBoneNode bLockBone
BoolProperty: unknown FBoneNode bRemoveBone
BoolProperty: unknown FBoneNode bLockBone
BoolProperty: unknown FBoneNode bRemoveBone
BoolProperty: unknown FBoneNode bLockBone
BoolProperty: unknown FBoneNode bRemoveBone
BoolProperty: unknown FBoneNode bLockBone
BoolProperty: unknown FBoneNode bRemoveBone
BoolProperty: unknown FBoneNode bLockBone
BoolProperty: unknown FBoneNode bRemoveBone
BoolProperty: unknown FBoneNode bLockBone
BoolProperty: unknown FBoneNode bRemoveBone
BoolProperty: unknown FBoneNode bLockBone
BoolProperty: unknown FBoneNode bRemoveBone
BoolProperty: unknown FBoneNode bLockBone
BoolProperty: unknown FBoneNode bRemoveBone
BoolProperty: unknown FBoneNode bLockBone
BoolProperty: unknown FBoneNode bRemoveBone
BoolProperty: unknown FBoneNode bLockBone
BoolProperty: unknown FBoneNode bRemoveBone
BoolProperty: unknown FBoneNode bLockBone
BoolProperty: unknown FBoneNode bRemoveBone
BoolProperty: unknown FBoneNode bLockBone
BoolProperty: unknown FBoneNode bRemoveBone
BoolProperty: unknown FBoneNode bLockBone
BoolProperty: unknown FBoneNode bRemoveBone
BoolProperty: unknown FBoneNode bLockBone
BoolProperty: unknown FBoneNode bRemoveBone
BoolProperty: unknown FBoneNode bLockBone
BoolProperty: unknown FBoneNode bRemoveBone
BoolProperty: unknown FBoneNode bLockBone
BoolProperty: unknown FBoneNode bRemoveBone
BoolProperty: unknown FBoneNode bLockBone
BoolProperty: unknown FBoneNode bRemoveBone
BoolProperty: unknown FBoneNode bLockBone
BoolProperty: unknown FBoneNode bRemoveBone
BoolProperty: unknown FBoneNode bLockBone
BoolProperty: unknown FBoneNode bRemoveBone
BoolProperty: unknown FBoneNode bLockBone
BoolProperty: unknown FBoneNode bRemoveBone
BoolProperty: unknown FBoneNode bLockBone
BoolProperty: unknown FBoneNode bRemoveBone
BoolProperty: unknown FBoneNode bLockBone
BoolProperty: unknown FBoneNode bRemoveBone
BoolProperty: unknown FBoneNode bLockBone
BoolProperty: unknown FBoneNode bRemoveBone
BoolProperty: unknown FBoneNode bLockBone
BoolProperty: unknown FBoneNode bRemoveBone
BoolProperty: unknown FBoneNode bLockBone
BoolProperty: unknown FBoneNode bRemoveBone
BoolProperty: unknown FBoneNode bLockBone
BoolProperty: unknown FBoneNode bRemoveBone
BoolProperty: unknown FBoneNode bLockBone
BoolProperty: unknown FBoneNode bRemoveBone
BoolProperty: unknown FBoneNode bLockBone
BoolProperty: unknown FBoneNode bRemoveBone
BoolProperty: unknown FBoneNode bLockBone
BoolProperty: unknown FBoneNode bRemoveBone
BoolProperty: unknown FBoneNode bLockBone
BoolProperty: unknown FBoneNode bRemoveBone
BoolProperty: unknown FBoneNode bLockBone
BoolProperty: unknown FBoneNode bRemoveBone
BoolProperty: unknown FBoneNode bLockBone
BoolProperty: unknown FBoneNode bRemoveBone
BoolProperty: unknown FBoneNode bLockBone
BoolProperty: unknown FBoneNode bRemoveBone
BoolProperty: unknown FBoneNode bLockBone
BoolProperty: unknown FBoneNode bRemoveBone
BoolProperty: unknown FBoneNode bLockBone
BoolProperty: unknown FBoneNode bRemoveBone
BoolProperty: unknown FBoneNode bLockBone
BoolProperty: unknown FBoneNode bRemoveBone
BoolProperty: unknown FBoneNode bLockBone
BoolProperty: unknown FBoneNode bRemoveBone
BoolProperty: unknown FBoneNode bLockBone
BoolProperty: unknown FBoneNode bRemoveBone
BoolProperty: unknown FBoneNode bLockBone
BoolProperty: unknown FBoneNode bRemoveBone
BoolProperty: unknown FBoneNode bLockBone
BoolProperty: unknown FBoneNode bRemoveBone
BoolProperty: unknown FBoneNode bLockBone
BoolProperty: unknown FBoneNode bRemoveBone
BoolProperty: unknown FBoneNode bLockBone
BoolProperty: unknown FBoneNode bRemoveBone
BoolProperty: unknown FBoneNode bLockBone
BoolProperty: unknown FBoneNode bRemoveBone
BoolProperty: unknown FBoneNode bLockBone
BoolProperty: unknown FBoneNode bRemoveBone
BoolProperty: unknown FBoneNode bLockBone
BoolProperty: unknown FBoneNode bRemoveBone
BoolProperty: unknown FBoneNode bLockBone
BoolProperty: unknown FBoneNode bRemoveBone
BoolProperty: unknown FBoneNode bLockBone
BoolProperty: unknown FBoneNode bRemoveBone
BoolProperty: unknown FBoneNode bLockBone
BoolProperty: unknown FBoneNode bRemoveBone
BoolProperty: unknown FBoneNode bLockBone
BoolProperty: unknown FBoneNode bRemoveBone
BoolProperty: unknown FBoneNode bLockBone
BoolProperty: unknown FBoneNode bRemoveBone
BoolProperty: unknown FBoneNode bLockBone
BoolProperty: unknown FBoneNode bRemoveBone
BoolProperty: unknown FBoneNode bLockBone
BoolProperty: unknown FBoneNode bRemoveBone
BoolProperty: unknown FBoneNode bLockBone
BoolProperty: unknown FBoneNode bRemoveBone
BoolProperty: unknown FBoneNode bLockBone
BoolProperty: unknown FBoneNode bRemoveBone
BoolProperty: unknown FBoneNode bLockBone
BoolProperty: unknown FBoneNode bRemoveBone
BoolProperty: unknown FBoneNode bLockBone
BoolProperty: unknown FBoneNode bRemoveBone
BoolProperty: unknown FBoneNode bLockBone
BoolProperty: unknown FBoneNode bRemoveBone
BoolProperty: unknown FBoneNode bLockBone
BoolProperty: unknown FBoneNode bRemoveBone
BoolProperty: unknown FBoneNode bLockBone
BoolProperty: unknown FBoneNode bRemoveBone
BoolProperty: unknown FBoneNode bLockBone
BoolProperty: unknown FBoneNode bRemoveBone
BoolProperty: unknown FBoneNode bLockBone
BoolProperty: unknown FBoneNode bRemoveBone
BoolProperty: unknown FBoneNode bLockBone
BoolProperty: unknown FBoneNode bRemoveBone
BoolProperty: unknown FBoneNode bLockBone
BoolProperty: unknown FBoneNode bRemoveBone
BoolProperty: unknown FBoneNode bLockBone
BoolProperty: unknown FBoneNode bRemoveBone
Exporting objects ...
Exporting AnimSequence4 Dilo-Aim-Up to C:/Users/Nez/Desktop/GitHub/Ark-Survival-Returns/.work/exports/actorx/PrimalEarth/Dinos/Dilo/Anims/Dilo-Aim-Up.psa
Memory: allocated 485032 bytes in 462 blocks
Loading AnimSequence4 Dilo-Attack-Bite from package PrimalEarth/Dinos/Dilo/Anims/Dilo-Attack-Bite.uasset
FloatProperty: unknown FAnimNotifyEvent DisplayTime
BoolProperty: unknown FAnimNotifyEvent bIgnoreOnDediServer
Loading AnimSequence4 Dilo-Idle from package PrimalEarth/Dinos/Dilo/Anims/Dilo-Idle.uasset
FloatProperty: unknown FAnimNotifyEvent DisplayTime
BoolProperty: unknown FAnimNotifyEvent bIgnoreOnDediServer
Loading Skeleton Dilo_Skeleton from package PrimalEarth/Dinos/Dilo/Dilo_Skeleton.uasset
BoolProperty: unknown FBoneNode bLockBone
BoolProperty: unknown FBoneNode bRemoveBone
BoolProperty: unknown FBoneNode bLockBone
BoolProperty: unknown FBoneNode bRemoveBone
BoolProperty: unknown FBoneNode bLockBone
BoolProperty: unknown FBoneNode bRemoveBone
BoolProperty: unknown FBoneNode bLockBone
BoolProperty: unknown FBoneNode bRemoveBone
BoolProperty: unknown FBoneNode bLockBone
BoolProperty: unknown FBoneNode bRemoveBone
BoolProperty: unknown FBoneNode bLockBone
BoolProperty: unknown FBoneNode bRemoveBone
BoolProperty: unknown FBoneNode bLockBone
BoolProperty: unknown FBoneNode bRemoveBone
BoolProperty: unknown FBoneNode bLockBone
BoolProperty: unknown FBoneNode bRemoveBone
BoolProperty: unknown FBoneNode bLockBone
BoolProperty: unknown FBoneNode bRemoveBone
BoolProperty: unknown FBoneNode bLockBone
BoolProperty: unknown FBoneNode bRemoveBone
BoolProperty: unknown FBoneNode bLockBone
BoolProperty: unknown FBoneNode bRemoveBone
BoolProperty: unknown FBoneNode bLockBone
BoolProperty: unknown FBoneNode bRemoveBone
BoolProperty: unknown FBoneNode bLockBone
BoolProperty: unknown FBoneNode bRemoveBone
BoolProperty: unknown FBoneNode bLockBone
BoolProperty: unknown FBoneNode bRemoveBone
BoolProperty: unknown FBoneNode bLockBone
BoolProperty: unknown FBoneNode bRemoveBone
BoolProperty: unknown FBoneNode bLockBone
BoolProperty: unknown FBoneNode bRemoveBone
BoolProperty: unknown FBoneNode bLockBone
BoolProperty: unknown FBoneNode bRemoveBone
BoolProperty: unknown FBoneNode bLockBone
BoolProperty: unknown FBoneNode bRemoveBone
BoolProperty: unknown FBoneNode bLockBone
BoolProperty: unknown FBoneNode bRemoveBone
BoolProperty: unknown FBoneNode bLockBone
BoolProperty: unknown FBoneNode bRemoveBone
BoolProperty: unknown FBoneNode bLockBone
BoolProperty: unknown FBoneNode bRemoveBone
BoolProperty: unknown FBoneNode bLockBone
BoolProperty: unknown FBoneNode bRemoveBone
BoolProperty: unknown FBoneNode bLockBone
BoolProperty: unknown FBoneNode bRemoveBone
BoolProperty: unknown FBoneNode bLockBone
BoolProperty: unknown FBoneNode bRemoveBone
BoolProperty: unknown FBoneNode bLockBone
BoolProperty: unknown FBoneNode bRemoveBone
BoolProperty: unknown FBoneNode bLockBone
BoolProperty: unknown FBoneNode bRemoveBone
BoolProperty: unknown FBoneNode bLockBone
BoolProperty: unknown FBoneNode bRemoveBone
BoolProperty: unknown FBoneNode bLockBone
BoolProperty: unknown FBoneNode bRemoveBone
BoolProperty: unknown FBoneNode bLockBone
BoolProperty: unknown FBoneNode bRemoveBone
BoolProperty: unknown FBoneNode bLockBone
BoolProperty: unknown FBoneNode bRemoveBone
BoolProperty: unknown FBoneNode bLockBone
BoolProperty: unknown FBoneNode bRemoveBone
BoolProperty: unknown FBoneNode bLockBone
BoolProperty: unknown FBoneNode bRemoveBone
BoolProperty: unknown FBoneNode bLockBone
BoolProperty: unknown FBoneNode bRemoveBone
BoolProperty: unknown FBoneNode bLockBone
BoolProperty: unknown FBoneNode bRemoveBone
BoolProperty: unknown FBoneNode bLockBone
BoolProperty: unknown FBoneNode bRemoveBone
BoolProperty: unknown FBoneNode bLockBone
BoolProperty: unknown FBoneNode bRemoveBone
BoolProperty: unknown FBoneNode bLockBone
BoolProperty: unknown FBoneNode bRemoveBone
BoolProperty: unknown FBoneNode bLockBone
BoolProperty: unknown FBoneNode bRemoveBone
BoolProperty: unknown FBoneNode bLockBone
BoolProperty: unknown FBoneNode bRemoveBone
BoolProperty: unknown FBoneNode bLockBone
BoolProperty: unknown FBoneNode bRemoveBone
BoolProperty: unknown FBoneNode bLockBone
BoolProperty: unknown FBoneNode bRemoveBone
BoolProperty: unknown FBoneNode bLockBone
BoolProperty: unknown FBoneNode bRemoveBone
BoolProperty: unknown FBoneNode bLockBone
BoolProperty: unknown FBoneNode bRemoveBone
BoolProperty: unknown FBoneNode bLockBone
BoolProperty: unknown FBoneNode bRemoveBone
BoolProperty: unknown FBoneNode bLockBone
BoolProperty: unknown FBoneNode bRemoveBone
BoolProperty: unknown FBoneNode bLockBone
BoolProperty: unknown FBoneNode bRemoveBone
BoolProperty: unknown FBoneNode bLockBone
BoolProperty: unknown FBoneNode bRemoveBone
BoolProperty: unknown FBoneNode bLockBone
BoolProperty: unknown FBoneNode bRemoveBone
BoolProperty: unknown FBoneNode bLockBone
BoolProperty: unknown FBoneNode bRemoveBone
BoolProperty: unknown FBoneNode bLockBone
BoolProperty: unknown FBoneNode bRemoveBone
BoolProperty: unknown FBoneNode bLockBone
BoolProperty: unknown FBoneNode bRemoveBone
BoolProperty: unknown FBoneNode bLockBone
BoolProperty: unknown FBoneNode bRemoveBone
BoolProperty: unknown FBoneNode bLockBone
BoolProperty: unknown FBoneNode bRemoveBone
BoolProperty: unknown FBoneNode bLockBone
BoolProperty: unknown FBoneNode bRemoveBone
BoolProperty: unknown FBoneNode bLockBone
BoolProperty: unknown FBoneNode bRemoveBone
BoolProperty: unknown FBoneNode bLockBone
BoolProperty: unknown FBoneNode bRemoveBone
BoolProperty: unknown FBoneNode bLockBone
BoolProperty: unknown FBoneNode bRemoveBone
BoolProperty: unknown FBoneNode bLockBone
BoolProperty: unknown FBoneNode bRemoveBone
BoolProperty: unknown FBoneNode bLockBone
BoolProperty: unknown FBoneNode bRemoveBone
BoolProperty: unknown FBoneNode bLockBone
BoolProperty: unknown FBoneNode bRemoveBone
BoolProperty: unknown FBoneNode bLockBone
BoolProperty: unknown FBoneNode bRemoveBone
BoolProperty: unknown FBoneNode bLockBone
BoolProperty: unknown FBoneNode bRemoveBone
BoolProperty: unknown FBoneNode bLockBone
BoolProperty: unknown FBoneNode bRemoveBone
BoolProperty: unknown FBoneNode bLockBone
BoolProperty: unknown FBoneNode bRemoveBone
BoolProperty: unknown FBoneNode bLockBone
BoolProperty: unknown FBoneNode bRemoveBone
BoolProperty: unknown FBoneNode bLockBone
BoolProperty: unknown FBoneNode bRemoveBone
BoolProperty: unknown FBoneNode bLockBone
BoolProperty: unknown FBoneNode bRemoveBone
BoolProperty: unknown FBoneNode bLockBone
BoolProperty: unknown FBoneNode bRemoveBone
BoolProperty: unknown FBoneNode bLockBone
BoolProperty: unknown FBoneNode bRemoveBone
BoolProperty: unknown FBoneNode bLockBone
BoolProperty: unknown FBoneNode bRemoveBone
BoolProperty: unknown FBoneNode bLockBone
BoolProperty: unknown FBoneNode bRemoveBone
BoolProperty: unknown FBoneNode bLockBone
BoolProperty: unknown FBoneNode bRemoveBone
BoolProperty: unknown FBoneNode bLockBone
BoolProperty: unknown FBoneNode bRemoveBone
BoolProperty: unknown FBoneNode bLockBone
BoolProperty: unknown FBoneNode bRemoveBone
BoolProperty: unknown FBoneNode bLockBone
BoolProperty: unknown FBoneNode bRemoveBone
BoolProperty: unknown FBoneNode bLockBone
BoolProperty: unknown FBoneNode bRemoveBone
BoolProperty: unknown FBoneNode bLockBone
BoolProperty: unknown FBoneNode bRemoveBone
BoolProperty: unknown FBoneNode bLockBone
BoolProperty: unknown FBoneNode bRemoveBone
BoolProperty: unknown FBoneNode bLockBone
BoolProperty: unknown FBoneNode bRemoveBone
BoolProperty: unknown FBoneNode bLockBone
BoolProperty: unknown FBoneNode bRemoveBone
BoolProperty: unknown FBoneNode bLockBone
BoolProperty: unknown FBoneNode bRemoveBone
BoolProperty: unknown FBoneNode bLockBone
BoolProperty: unknown FBoneNode bRemoveBone
BoolProperty: unknown FBoneNode bLockBone
BoolProperty: unknown FBoneNode bRemoveBone
BoolProperty: unknown FBoneNode bLockBone
BoolProperty: unknown FBoneNode bRemoveBone
BoolProperty: unknown FBoneNode bLockBone
BoolProperty: unknown FBoneNode bRemoveBone
BoolProperty: unknown FBoneNode bLockBone
BoolProperty: unknown FBoneNode bRemoveBone
BoolProperty: unknown FBoneNode bLockBone
BoolProperty: unknown FBoneNode bRemoveBone
BoolProperty: unknown FBoneNode bLockBone
BoolProperty: unknown FBoneNode bRemoveBone
BoolProperty: unknown FBoneNode bLockBone
BoolProperty: unknown FBoneNode bRemoveBone
BoolProperty: unknown FBoneNode bLockBone
BoolProperty: unknown FBoneNode bRemoveBone
BoolProperty: unknown FBoneNode bLockBone
BoolProperty: unknown FBoneNode bRemoveBone
BoolProperty: unknown FBoneNode bLockBone
BoolProperty: unknown FBoneNode bRemoveBone
BoolProperty: unknown FBoneNode bLockBone
BoolProperty: unknown FBoneNode bRemoveBone
BoolProperty: unknown FBoneNode bLockBone
BoolProperty: unknown FBoneNode bRemoveBone
BoolProperty: unknown FBoneNode bLockBone
BoolProperty: unknown FBoneNode bRemoveBone
BoolProperty: unknown FBoneNode bLockBone
BoolProperty: unknown FBoneNode bRemoveBone
BoolProperty: unknown FBoneNode bLockBone
BoolProperty: unknown FBoneNode bRemoveBone
BoolProperty: unknown FBoneNode bLockBone
BoolProperty: unknown FBoneNode bRemoveBone
BoolProperty: unknown FBoneNode bLockBone
BoolProperty: unknown FBoneNode bRemoveBone
BoolProperty: unknown FBoneNode bLockBone
BoolProperty: unknown FBoneNode bRemoveBone
BoolProperty: unknown FBoneNode bLockBone
BoolProperty: unknown FBoneNode bRemoveBone
BoolProperty: unknown FBoneNode bLockBone
BoolProperty: unknown FBoneNode bRemoveBone
BoolProperty: unknown FBoneNode bLockBone
BoolProperty: unknown FBoneNode bRemoveBone
BoolProperty: unknown FBoneNode bLockBone
BoolProperty: unknown FBoneNode bRemoveBone
BoolProperty: unknown FBoneNode bLockBone
BoolProperty: unknown FBoneNode bRemoveBone
Exporting objects ...
Exporting AnimSequence4 Dilo-Attack-Bite to C:/Users/Nez/Desktop/GitHub/Ark-Survival-Returns/.work/exports/actorx/PrimalEarth/Dinos/Dilo/Anims/Dilo-Attack-Bite.psa
Memory: allocated 497320 bytes in 465 blocks
Loading AnimSequence4 Dilo-Attack-Spit from package PrimalEarth/Dinos/Dilo/Anims/Dilo-Attack-Spit.uasset
FloatProperty: unknown FAnimNotifyEvent DisplayTime
BoolProperty: unknown FAnimNotifyEvent bIgnoreOnDediServer
FloatProperty: unknown FAnimNotifyEvent DisplayTime
BoolProperty: unknown FAnimNotifyEvent bIgnoreOnDediServer
Loading AnimSequence4 Dilo-Idle from package PrimalEarth/Dinos/Dilo/Anims/Dilo-Idle.uasset
FloatProperty: unknown FAnimNotifyEvent DisplayTime
BoolProperty: unknown FAnimNotifyEvent bIgnoreOnDediServer
Loading Skeleton Dilo_Skeleton from package PrimalEarth/Dinos/Dilo/Dilo_Skeleton.uasset
BoolProperty: unknown FBoneNode bLockBone
BoolProperty: unknown FBoneNode bRemoveBone
BoolProperty: unknown FBoneNode bLockBone
BoolProperty: unknown FBoneNode bRemoveBone
BoolProperty: unknown FBoneNode bLockBone
BoolProperty: unknown FBoneNode bRemoveBone
BoolProperty: unknown FBoneNode bLockBone
BoolProperty: unknown FBoneNode bRemoveBone
BoolProperty: unknown FBoneNode bLockBone
BoolProperty: unknown FBoneNode bRemoveBone
BoolProperty: unknown FBoneNode bLockBone
BoolProperty: unknown FBoneNode bRemoveBone
BoolProperty: unknown FBoneNode bLockBone
BoolProperty: unknown FBoneNode bRemoveBone
BoolProperty: unknown FBoneNode bLockBone
BoolProperty: unknown FBoneNode bRemoveBone
BoolProperty: unknown FBoneNode bLockBone
BoolProperty: unknown FBoneNode bRemoveBone
BoolProperty: unknown FBoneNode bLockBone
BoolProperty: unknown FBoneNode bRemoveBone
BoolProperty: unknown FBoneNode bLockBone
BoolProperty: unknown FBoneNode bRemoveBone
BoolProperty: unknown FBoneNode bLockBone
BoolProperty: unknown FBoneNode bRemoveBone
BoolProperty: unknown FBoneNode bLockBone
BoolProperty: unknown FBoneNode bRemoveBone
BoolProperty: unknown FBoneNode bLockBone
BoolProperty: unknown FBoneNode bRemoveBone
BoolProperty: unknown FBoneNode bLockBone
BoolProperty: unknown FBoneNode bRemoveBone
BoolProperty: unknown FBoneNode bLockBone
BoolProperty: unknown FBoneNode bRemoveBone
BoolProperty: unknown FBoneNode bLockBone
BoolProperty: unknown FBoneNode bRemoveBone
BoolProperty: unknown FBoneNode bLockBone
BoolProperty: unknown FBoneNode bRemoveBone
BoolProperty: unknown FBoneNode bLockBone
BoolProperty: unknown FBoneNode bRemoveBone
BoolProperty: unknown FBoneNode bLockBone
BoolProperty: unknown FBoneNode bRemoveBone
BoolProperty: unknown FBoneNode bLockBone
BoolProperty: unknown FBoneNode bRemoveBone
BoolProperty: unknown FBoneNode bLockBone
BoolProperty: unknown FBoneNode bRemoveBone
BoolProperty: unknown FBoneNode bLockBone
BoolProperty: unknown FBoneNode bRemoveBone
BoolProperty: unknown FBoneNode bLockBone
BoolProperty: unknown FBoneNode bRemoveBone
BoolProperty: unknown FBoneNode bLockBone
BoolProperty: unknown FBoneNode bRemoveBone
BoolProperty: unknown FBoneNode bLockBone
BoolProperty: unknown FBoneNode bRemoveBone
BoolProperty: unknown FBoneNode bLockBone
BoolProperty: unknown FBoneNode bRemoveBone
BoolProperty: unknown FBoneNode bLockBone
BoolProperty: unknown FBoneNode bRemoveBone
BoolProperty: unknown FBoneNode bLockBone
BoolProperty: unknown FBoneNode bRemoveBone
BoolProperty: unknown FBoneNode bLockBone
BoolProperty: unknown FBoneNode bRemoveBone
BoolProperty: unknown FBoneNode bLockBone
BoolProperty: unknown FBoneNode bRemoveBone
BoolProperty: unknown FBoneNode bLockBone
BoolProperty: unknown FBoneNode bRemoveBone
BoolProperty: unknown FBoneNode bLockBone
BoolProperty: unknown FBoneNode bRemoveBone
BoolProperty: unknown FBoneNode bLockBone
BoolProperty: unknown FBoneNode bRemoveBone
BoolProperty: unknown FBoneNode bLockBone
BoolProperty: unknown FBoneNode bRemoveBone
BoolProperty: unknown FBoneNode bLockBone
BoolProperty: unknown FBoneNode bRemoveBone
BoolProperty: unknown FBoneNode bLockBone
BoolProperty: unknown FBoneNode bRemoveBone
BoolProperty: unknown FBoneNode bLockBone
BoolProperty: unknown FBoneNode bRemoveBone
BoolProperty: unknown FBoneNode bLockBone
BoolProperty: unknown FBoneNode bRemoveBone
BoolProperty: unknown FBoneNode bLockBone
BoolProperty: unknown FBoneNode bRemoveBone
BoolProperty: unknown FBoneNode bLockBone
BoolProperty: unknown FBoneNode bRemoveBone
BoolProperty: unknown FBoneNode bLockBone
BoolProperty: unknown FBoneNode bRemoveBone
BoolProperty: unknown FBoneNode bLockBone
BoolProperty: unknown FBoneNode bRemoveBone
BoolProperty: unknown FBoneNode bLockBone
BoolProperty: unknown FBoneNode bRemoveBone
BoolProperty: unknown FBoneNode bLockBone
BoolProperty: unknown FBoneNode bRemoveBone
BoolProperty: unknown FBoneNode bLockBone
BoolProperty: unknown FBoneNode bRemoveBone
BoolProperty: unknown FBoneNode bLockBone
BoolProperty: unknown FBoneNode bRemoveBone
BoolProperty: unknown FBoneNode bLockBone
BoolProperty: unknown FBoneNode bRemoveBone
BoolProperty: unknown FBoneNode bLockBone
BoolProperty: unknown FBoneNode bRemoveBone
BoolProperty: unknown FBoneNode bLockBone
BoolProperty: unknown FBoneNode bRemoveBone
BoolProperty: unknown FBoneNode bLockBone
BoolProperty: unknown FBoneNode bRemoveBone
BoolProperty: unknown FBoneNode bLockBone
BoolProperty: unknown FBoneNode bRemoveBone
BoolProperty: unknown FBoneNode bLockBone
BoolProperty: unknown FBoneNode bRemoveBone
BoolProperty: unknown FBoneNode bLockBone
BoolProperty: unknown FBoneNode bRemoveBone
BoolProperty: unknown FBoneNode bLockBone
BoolProperty: unknown FBoneNode bRemoveBone
BoolProperty: unknown FBoneNode bLockBone
BoolProperty: unknown FBoneNode bRemoveBone
BoolProperty: unknown FBoneNode bLockBone
BoolProperty: unknown FBoneNode bRemoveBone
BoolProperty: unknown FBoneNode bLockBone
BoolProperty: unknown FBoneNode bRemoveBone
BoolProperty: unknown FBoneNode bLockBone
BoolProperty: unknown FBoneNode bRemoveBone
BoolProperty: unknown FBoneNode bLockBone
BoolProperty: unknown FBoneNode bRemoveBone
BoolProperty: unknown FBoneNode bLockBone
BoolProperty: unknown FBoneNode bRemoveBone
BoolProperty: unknown FBoneNode bLockBone
BoolProperty: unknown FBoneNode bRemoveBone
BoolProperty: unknown FBoneNode bLockBone
BoolProperty: unknown FBoneNode bRemoveBone
BoolProperty: unknown FBoneNode bLockBone
BoolProperty: unknown FBoneNode bRemoveBone
BoolProperty: unknown FBoneNode bLockBone
BoolProperty: unknown FBoneNode bRemoveBone
BoolProperty: unknown FBoneNode bLockBone
BoolProperty: unknown FBoneNode bRemoveBone
BoolProperty: unknown FBoneNode bLockBone
BoolProperty: unknown FBoneNode bRemoveBone
BoolProperty: unknown FBoneNode bLockBone
BoolProperty: unknown FBoneNode bRemoveBone
BoolProperty: unknown FBoneNode bLockBone
BoolProperty: unknown FBoneNode bRemoveBone
BoolProperty: unknown FBoneNode bLockBone
BoolProperty: unknown FBoneNode bRemoveBone
BoolProperty: unknown FBoneNode bLockBone
BoolProperty: unknown FBoneNode bRemoveBone
BoolProperty: unknown FBoneNode bLockBone
BoolProperty: unknown FBoneNode bRemoveBone
BoolProperty: unknown FBoneNode bLockBone
BoolProperty: unknown FBoneNode bRemoveBone
BoolProperty: unknown FBoneNode bLockBone
BoolProperty: unknown FBoneNode bRemoveBone
BoolProperty: unknown FBoneNode bLockBone
BoolProperty: unknown FBoneNode bRemoveBone
BoolProperty: unknown FBoneNode bLockBone
BoolProperty: unknown FBoneNode bRemoveBone
BoolProperty: unknown FBoneNode bLockBone
BoolProperty: unknown FBoneNode bRemoveBone
BoolProperty: unknown FBoneNode bLockBone
BoolProperty: unknown FBoneNode bRemoveBone
BoolProperty: unknown FBoneNode bLockBone
BoolProperty: unknown FBoneNode bRemoveBone
BoolProperty: unknown FBoneNode bLockBone
BoolProperty: unknown FBoneNode bRemoveBone
BoolProperty: unknown FBoneNode bLockBone
BoolProperty: unknown FBoneNode bRemoveBone
BoolProperty: unknown FBoneNode bLockBone
BoolProperty: unknown FBoneNode bRemoveBone
BoolProperty: unknown FBoneNode bLockBone
BoolProperty: unknown FBoneNode bRemoveBone
BoolProperty: unknown FBoneNode bLockBone
BoolProperty: unknown FBoneNode bRemoveBone
BoolProperty: unknown FBoneNode bLockBone
BoolProperty: unknown FBoneNode bRemoveBone
BoolProperty: unknown FBoneNode bLockBone
BoolProperty: unknown FBoneNode bRemoveBone
BoolProperty: unknown FBoneNode bLockBone
BoolProperty: unknown FBoneNode bRemoveBone
BoolProperty: unknown FBoneNode bLockBone
BoolProperty: unknown FBoneNode bRemoveBone
BoolProperty: unknown FBoneNode bLockBone
BoolProperty: unknown FBoneNode bRemoveBone
BoolProperty: unknown FBoneNode bLockBone
BoolProperty: unknown FBoneNode bRemoveBone
BoolProperty: unknown FBoneNode bLockBone
BoolProperty: unknown FBoneNode bRemoveBone
BoolProperty: unknown FBoneNode bLockBone
BoolProperty: unknown FBoneNode bRemoveBone
BoolProperty: unknown FBoneNode bLockBone
BoolProperty: unknown FBoneNode bRemoveBone
BoolProperty: unknown FBoneNode bLockBone
BoolProperty: unknown FBoneNode bRemoveBone
BoolProperty: unknown FBoneNode bLockBone
BoolProperty: unknown FBoneNode bRemoveBone
BoolProperty: unknown FBoneNode bLockBone
BoolProperty: unknown FBoneNode bRemoveBone
BoolProperty: unknown FBoneNode bLockBone
BoolProperty: unknown FBoneNode bRemoveBone
BoolProperty: unknown FBoneNode bLockBone
BoolProperty: unknown FBoneNode bRemoveBone
BoolProperty: unknown FBoneNode bLockBone
BoolProperty: unknown FBoneNode bRemoveBone
BoolProperty: unknown FBoneNode bLockBone
BoolProperty: unknown FBoneNode bRemoveBone
BoolProperty: unknown FBoneNode bLockBone
BoolProperty: unknown FBoneNode bRemoveBone
BoolProperty: unknown FBoneNode bLockBone
BoolProperty: unknown FBoneNode bRemoveBone
BoolProperty: unknown FBoneNode bLockBone
BoolProperty: unknown FBoneNode bRemoveBone
BoolProperty: unknown FBoneNode bLockBone
BoolProperty: unknown FBoneNode bRemoveBone
BoolProperty: unknown FBoneNode bLockBone
BoolProperty: unknown FBoneNode bRemoveBone
Exporting objects ...
Exporting AnimSequence4 Dilo-Attack-Spit to C:/Users/Nez/Desktop/GitHub/Ark-Survival-Returns/.work/exports/actorx/PrimalEarth/Dinos/Dilo/Anims/Dilo-Attack-Spit.psa
Memory: allocated 509608 bytes in 468 blocks
Loading AnimSequence4 Dilo-Blink from package PrimalEarth/Dinos/Dilo/Anims/Dilo-Blink.uasset
Loading AnimSequence4 Dilo-Idle from package PrimalEarth/Dinos/Dilo/Anims/Dilo-Idle.uasset
FloatProperty: unknown FAnimNotifyEvent DisplayTime
BoolProperty: unknown FAnimNotifyEvent bIgnoreOnDediServer
Loading Skeleton Dilo_Skeleton from package PrimalEarth/Dinos/Dilo/Dilo_Skeleton.uasset
BoolProperty: unknown FBoneNode bLockBone
BoolProperty: unknown FBoneNode bRemoveBone
BoolProperty: unknown FBoneNode bLockBone
BoolProperty: unknown FBoneNode bRemoveBone
BoolProperty: unknown FBoneNode bLockBone
BoolProperty: unknown FBoneNode bRemoveBone
BoolProperty: unknown FBoneNode bLockBone
BoolProperty: unknown FBoneNode bRemoveBone
BoolProperty: unknown FBoneNode bLockBone
BoolProperty: unknown FBoneNode bRemoveBone
BoolProperty: unknown FBoneNode bLockBone
BoolProperty: unknown FBoneNode bRemoveBone
BoolProperty: unknown FBoneNode bLockBone
BoolProperty: unknown FBoneNode bRemoveBone
BoolProperty: unknown FBoneNode bLockBone
BoolProperty: unknown FBoneNode bRemoveBone
BoolProperty: unknown FBoneNode bLockBone
BoolProperty: unknown FBoneNode bRemoveBone
BoolProperty: unknown FBoneNode bLockBone
BoolProperty: unknown FBoneNode bRemoveBone
BoolProperty: unknown FBoneNode bLockBone
BoolProperty: unknown FBoneNode bRemoveBone
BoolProperty: unknown FBoneNode bLockBone
BoolProperty: unknown FBoneNode bRemoveBone
BoolProperty: unknown FBoneNode bLockBone
BoolProperty: unknown FBoneNode bRemoveBone
BoolProperty: unknown FBoneNode bLockBone
BoolProperty: unknown FBoneNode bRemoveBone
BoolProperty: unknown FBoneNode bLockBone
BoolProperty: unknown FBoneNode bRemoveBone
BoolProperty: unknown FBoneNode bLockBone
BoolProperty: unknown FBoneNode bRemoveBone
BoolProperty: unknown FBoneNode bLockBone
BoolProperty: unknown FBoneNode bRemoveBone
BoolProperty: unknown FBoneNode bLockBone
BoolProperty: unknown FBoneNode bRemoveBone
BoolProperty: unknown FBoneNode bLockBone
BoolProperty: unknown FBoneNode bRemoveBone
BoolProperty: unknown FBoneNode bLockBone
BoolProperty: unknown FBoneNode bRemoveBone
BoolProperty: unknown FBoneNode bLockBone
BoolProperty: unknown FBoneNode bRemoveBone
BoolProperty: unknown FBoneNode bLockBone
BoolProperty: unknown FBoneNode bRemoveBone
BoolProperty: unknown FBoneNode bLockBone
BoolProperty: unknown FBoneNode bRemoveBone
BoolProperty: unknown FBoneNode bLockBone
BoolProperty: unknown FBoneNode bRemoveBone
BoolProperty: unknown FBoneNode bLockBone
BoolProperty: unknown FBoneNode bRemoveBone
BoolProperty: unknown FBoneNode bLockBone
BoolProperty: unknown FBoneNode bRemoveBone
BoolProperty: unknown FBoneNode bLockBone
BoolProperty: unknown FBoneNode bRemoveBone
BoolProperty: unknown FBoneNode bLockBone
BoolProperty: unknown FBoneNode bRemoveBone
BoolProperty: unknown FBoneNode bLockBone
BoolProperty: unknown FBoneNode bRemoveBone
BoolProperty: unknown FBoneNode bLockBone
BoolProperty: unknown FBoneNode bRemoveBone
BoolProperty: unknown FBoneNode bLockBone
BoolProperty: unknown FBoneNode bRemoveBone
BoolProperty: unknown FBoneNode bLockBone
BoolProperty: unknown FBoneNode bRemoveBone
BoolProperty: unknown FBoneNode bLockBone
BoolProperty: unknown FBoneNode bRemoveBone
BoolProperty: unknown FBoneNode bLockBone
BoolProperty: unknown FBoneNode bRemoveBone
BoolProperty: unknown FBoneNode bLockBone
BoolProperty: unknown FBoneNode bRemoveBone
BoolProperty: unknown FBoneNode bLockBone
BoolProperty: unknown FBoneNode bRemoveBone
BoolProperty: unknown FBoneNode bLockBone
BoolProperty: unknown FBoneNode bRemoveBone
BoolProperty: unknown FBoneNode bLockBone
BoolProperty: unknown FBoneNode bRemoveBone
BoolProperty: unknown FBoneNode bLockBone
BoolProperty: unknown FBoneNode bRemoveBone
BoolProperty: unknown FBoneNode bLockBone
BoolProperty: unknown FBoneNode bRemoveBone
BoolProperty: unknown FBoneNode bLockBone
BoolProperty: unknown FBoneNode bRemoveBone
BoolProperty: unknown FBoneNode bLockBone
BoolProperty: unknown FBoneNode bRemoveBone
BoolProperty: unknown FBoneNode bLockBone
BoolProperty: unknown FBoneNode bRemoveBone
BoolProperty: unknown FBoneNode bLockBone
BoolProperty: unknown FBoneNode bRemoveBone
BoolProperty: unknown FBoneNode bLockBone
BoolProperty: unknown FBoneNode bRemoveBone
BoolProperty: unknown FBoneNode bLockBone
BoolProperty: unknown FBoneNode bRemoveBone
BoolProperty: unknown FBoneNode bLockBone
BoolProperty: unknown FBoneNode bRemoveBone
BoolProperty: unknown FBoneNode bLockBone
BoolProperty: unknown FBoneNode bRemoveBone
BoolProperty: unknown FBoneNode bLockBone
BoolProperty: unknown FBoneNode bRemoveBone
BoolProperty: unknown FBoneNode bLockBone
BoolProperty: unknown FBoneNode bRemoveBone
BoolProperty: unknown FBoneNode bLockBone
BoolProperty: unknown FBoneNode bRemoveBone
BoolProperty: unknown FBoneNode bLockBone
BoolProperty: unknown FBoneNode bRemoveBone
BoolProperty: unknown FBoneNode bLockBone
BoolProperty: unknown FBoneNode bRemoveBone
BoolProperty: unknown FBoneNode bLockBone
BoolProperty: unknown FBoneNode bRemoveBone
BoolProperty: unknown FBoneNode bLockBone
BoolProperty: unknown FBoneNode bRemoveBone
BoolProperty: unknown FBoneNode bLockBone
BoolProperty: unknown FBoneNode bRemoveBone
BoolProperty: unknown FBoneNode bLockBone
BoolProperty: unknown FBoneNode bRemoveBone
BoolProperty: unknown FBoneNode bLockBone
BoolProperty: unknown FBoneNode bRemoveBone
BoolProperty: unknown FBoneNode bLockBone
BoolProperty: unknown FBoneNode bRemoveBone
BoolProperty: unknown FBoneNode bLockBone
BoolProperty: unknown FBoneNode bRemoveBone
BoolProperty: unknown FBoneNode bLockBone
BoolProperty: unknown FBoneNode bRemoveBone
BoolProperty: unknown FBoneNode bLockBone
BoolProperty: unknown FBoneNode bRemoveBone
BoolProperty: unknown FBoneNode bLockBone
BoolProperty: unknown FBoneNode bRemoveBone
BoolProperty: unknown FBoneNode bLockBone
BoolProperty: unknown FBoneNode bRemoveBone
BoolProperty: unknown FBoneNode bLockBone
BoolProperty: unknown FBoneNode bRemoveBone
BoolProperty: unknown FBoneNode bLockBone
BoolProperty: unknown FBoneNode bRemoveBone
BoolProperty: unknown FBoneNode bLockBone
BoolProperty: unknown FBoneNode bRemoveBone
BoolProperty: unknown FBoneNode bLockBone
BoolProperty: unknown FBoneNode bRemoveBone
BoolProperty: unknown FBoneNode bLockBone
BoolProperty: unknown FBoneNode bRemoveBone
BoolProperty: unknown FBoneNode bLockBone
BoolProperty: unknown FBoneNode bRemoveBone
BoolProperty: unknown FBoneNode bLockBone
BoolProperty: unknown FBoneNode bRemoveBone
BoolProperty: unknown FBoneNode bLockBone
BoolProperty: unknown FBoneNode bRemoveBone
BoolProperty: unknown FBoneNode bLockBone
BoolProperty: unknown FBoneNode bRemoveBone
BoolProperty: unknown FBoneNode bLockBone
BoolProperty: unknown FBoneNode bRemoveBone
BoolProperty: unknown FBoneNode bLockBone
BoolProperty: unknown FBoneNode bRemoveBone
BoolProperty: unknown FBoneNode bLockBone
BoolProperty: unknown FBoneNode bRemoveBone
BoolProperty: unknown FBoneNode bLockBone
BoolProperty: unknown FBoneNode bRemoveBone
BoolProperty: unknown FBoneNode bLockBone
BoolProperty: unknown FBoneNode bRemoveBone
BoolProperty: unknown FBoneNode bLockBone
BoolProperty: unknown FBoneNode bRemoveBone
BoolProperty: unknown FBoneNode bLockBone
BoolProperty: unknown FBoneNode bRemoveBone
BoolProperty: unknown FBoneNode bLockBone
BoolProperty: unknown FBoneNode bRemoveBone
BoolProperty: unknown FBoneNode bLockBone
BoolProperty: unknown FBoneNode bRemoveBone
BoolProperty: unknown FBoneNode bLockBone
BoolProperty: unknown FBoneNode bRemoveBone
BoolProperty: unknown FBoneNode bLockBone
BoolProperty: unknown FBoneNode bRemoveBone
BoolProperty: unknown FBoneNode bLockBone
BoolProperty: unknown FBoneNode bRemoveBone
BoolProperty: unknown FBoneNode bLockBone
BoolProperty: unknown FBoneNode bRemoveBone
BoolProperty: unknown FBoneNode bLockBone
BoolProperty: unknown FBoneNode bRemoveBone
BoolProperty: unknown FBoneNode bLockBone
BoolProperty: unknown FBoneNode bRemoveBone
BoolProperty: unknown FBoneNode bLockBone
BoolProperty: unknown FBoneNode bRemoveBone
BoolProperty: unknown FBoneNode bLockBone
BoolProperty: unknown FBoneNode bRemoveBone
BoolProperty: unknown FBoneNode bLockBone
BoolProperty: unknown FBoneNode bRemoveBone
BoolProperty: unknown FBoneNode bLockBone
BoolProperty: unknown FBoneNode bRemoveBone
BoolProperty: unknown FBoneNode bLockBone
BoolProperty: unknown FBoneNode bRemoveBone
BoolProperty: unknown FBoneNode bLockBone
BoolProperty: unknown FBoneNode bRemoveBone
BoolProperty: unknown FBoneNode bLockBone
BoolProperty: unknown FBoneNode bRemoveBone
BoolProperty: unknown FBoneNode bLockBone
BoolProperty: unknown FBoneNode bRemoveBone
BoolProperty: unknown FBoneNode bLockBone
BoolProperty: unknown FBoneNode bRemoveBone
BoolProperty: unknown FBoneNode bLockBone
BoolProperty: unknown FBoneNode bRemoveBone
BoolProperty: unknown FBoneNode bLockBone
BoolProperty: unknown FBoneNode bRemoveBone
BoolProperty: unknown FBoneNode bLockBone
BoolProperty: unknown FBoneNode bRemoveBone
BoolProperty: unknown FBoneNode bLockBone
BoolProperty: unknown FBoneNode bRemoveBone
BoolProperty: unknown FBoneNode bLockBone
BoolProperty: unknown FBoneNode bRemoveBone
BoolProperty: unknown FBoneNode bLockBone
BoolProperty: unknown FBoneNode bRemoveBone
BoolProperty: unknown FBoneNode bLockBone
BoolProperty: unknown FBoneNode bRemoveBone
BoolProperty: unknown FBoneNode bLockBone
BoolProperty: unknown FBoneNode bRemoveBone
Exporting objects ...
Exporting AnimSequence4 Dilo-Blink to C:/Users/Nez/Desktop/GitHub/Ark-Survival-Returns/.work/exports/actorx/PrimalEarth/Dinos/Dilo/Anims/Dilo-Blink.psa
Memory: allocated 521896 bytes in 471 blocks
Loading AnimSequence4 Dilo-Charge-Fwd from package PrimalEarth/Dinos/Dilo/Anims/Dilo-Charge-Fwd.uasset
FloatProperty: unknown FAnimNotifyEvent DisplayTime
BoolProperty: unknown FAnimNotifyEvent bIgnoreOnDediServer
FloatProperty: unknown FAnimNotifyEvent DisplayTime
BoolProperty: unknown FAnimNotifyEvent bIgnoreOnDediServer
FloatProperty: unknown FAnimNotifyEvent DisplayTime
BoolProperty: unknown FAnimNotifyEvent bIgnoreOnDediServer
Loading Skeleton Dilo_Skeleton from package PrimalEarth/Dinos/Dilo/Dilo_Skeleton.uasset
BoolProperty: unknown FBoneNode bLockBone
BoolProperty: unknown FBoneNode bRemoveBone
BoolProperty: unknown FBoneNode bLockBone
BoolProperty: unknown FBoneNode bRemoveBone
BoolProperty: unknown FBoneNode bLockBone
BoolProperty: unknown FBoneNode bRemoveBone
BoolProperty: unknown FBoneNode bLockBone
BoolProperty: unknown FBoneNode bRemoveBone
BoolProperty: unknown FBoneNode bLockBone
BoolProperty: unknown FBoneNode bRemoveBone
BoolProperty: unknown FBoneNode bLockBone
BoolProperty: unknown FBoneNode bRemoveBone
BoolProperty: unknown FBoneNode bLockBone
BoolProperty: unknown FBoneNode bRemoveBone
BoolProperty: unknown FBoneNode bLockBone
BoolProperty: unknown FBoneNode bRemoveBone
BoolProperty: unknown FBoneNode bLockBone
BoolProperty: unknown FBoneNode bRemoveBone
BoolProperty: unknown FBoneNode bLockBone
BoolProperty: unknown FBoneNode bRemoveBone
BoolProperty: unknown FBoneNode bLockBone
BoolProperty: unknown FBoneNode bRemoveBone
BoolProperty: unknown FBoneNode bLockBone
BoolProperty: unknown FBoneNode bRemoveBone
BoolProperty: unknown FBoneNode bLockBone
BoolProperty: unknown FBoneNode bRemoveBone
BoolProperty: unknown FBoneNode bLockBone
BoolProperty: unknown FBoneNode bRemoveBone
BoolProperty: unknown FBoneNode bLockBone
BoolProperty: unknown FBoneNode bRemoveBone
BoolProperty: unknown FBoneNode bLockBone
BoolProperty: unknown FBoneNode bRemoveBone
BoolProperty: unknown FBoneNode bLockBone
BoolProperty: unknown FBoneNode bRemoveBone
BoolProperty: unknown FBoneNode bLockBone
BoolProperty: unknown FBoneNode bRemoveBone
BoolProperty: unknown FBoneNode bLockBone
BoolProperty: unknown FBoneNode bRemoveBone
BoolProperty: unknown FBoneNode bLockBone
BoolProperty: unknown FBoneNode bRemoveBone
BoolProperty: unknown FBoneNode bLockBone
BoolProperty: unknown FBoneNode bRemoveBone
BoolProperty: unknown FBoneNode bLockBone
BoolProperty: unknown FBoneNode bRemoveBone
BoolProperty: unknown FBoneNode bLockBone
BoolProperty: unknown FBoneNode bRemoveBone
BoolProperty: unknown FBoneNode bLockBone
BoolProperty: unknown FBoneNode bRemoveBone
BoolProperty: unknown FBoneNode bLockBone
BoolProperty: unknown FBoneNode bRemoveBone
BoolProperty: unknown FBoneNode bLockBone
BoolProperty: unknown FBoneNode bRemoveBone
BoolProperty: unknown FBoneNode bLockBone
BoolProperty: unknown FBoneNode bRemoveBone
BoolProperty: unknown FBoneNode bLockBone
BoolProperty: unknown FBoneNode bRemoveBone
BoolProperty: unknown FBoneNode bLockBone
BoolProperty: unknown FBoneNode bRemoveBone
BoolProperty: unknown FBoneNode bLockBone
BoolProperty: unknown FBoneNode bRemoveBone
BoolProperty: unknown FBoneNode bLockBone
BoolProperty: unknown FBoneNode bRemoveBone
BoolProperty: unknown FBoneNode bLockBone
BoolProperty: unknown FBoneNode bRemoveBone
BoolProperty: unknown FBoneNode bLockBone
BoolProperty: unknown FBoneNode bRemoveBone
BoolProperty: unknown FBoneNode bLockBone
BoolProperty: unknown FBoneNode bRemoveBone
BoolProperty: unknown FBoneNode bLockBone
BoolProperty: unknown FBoneNode bRemoveBone
BoolProperty: unknown FBoneNode bLockBone
BoolProperty: unknown FBoneNode bRemoveBone
BoolProperty: unknown FBoneNode bLockBone
BoolProperty: unknown FBoneNode bRemoveBone
BoolProperty: unknown FBoneNode bLockBone
BoolProperty: unknown FBoneNode bRemoveBone
BoolProperty: unknown FBoneNode bLockBone
BoolProperty: unknown FBoneNode bRemoveBone
BoolProperty: unknown FBoneNode bLockBone
BoolProperty: unknown FBoneNode bRemoveBone
BoolProperty: unknown FBoneNode bLockBone
BoolProperty: unknown FBoneNode bRemoveBone
BoolProperty: unknown FBoneNode bLockBone
BoolProperty: unknown FBoneNode bRemoveBone
BoolProperty: unknown FBoneNode bLockBone
BoolProperty: unknown FBoneNode bRemoveBone
BoolProperty: unknown FBoneNode bLockBone
BoolProperty: unknown FBoneNode bRemoveBone
BoolProperty: unknown FBoneNode bLockBone
BoolProperty: unknown FBoneNode bRemoveBone
BoolProperty: unknown FBoneNode bLockBone
BoolProperty: unknown FBoneNode bRemoveBone
BoolProperty: unknown FBoneNode bLockBone
BoolProperty: unknown FBoneNode bRemoveBone
BoolProperty: unknown FBoneNode bLockBone
BoolProperty: unknown FBoneNode bRemoveBone
BoolProperty: unknown FBoneNode bLockBone
BoolProperty: unknown FBoneNode bRemoveBone
BoolProperty: unknown FBoneNode bLockBone
BoolProperty: unknown FBoneNode bRemoveBone
BoolProperty: unknown FBoneNode bLockBone
BoolProperty: unknown FBoneNode bRemoveBone
BoolProperty: unknown FBoneNode bLockBone
BoolProperty: unknown FBoneNode bRemoveBone
BoolProperty: unknown FBoneNode bLockBone
BoolProperty: unknown FBoneNode bRemoveBone
BoolProperty: unknown FBoneNode bLockBone
BoolProperty: unknown FBoneNode bRemoveBone
BoolProperty: unknown FBoneNode bLockBone
BoolProperty: unknown FBoneNode bRemoveBone
BoolProperty: unknown FBoneNode bLockBone
BoolProperty: unknown FBoneNode bRemoveBone
BoolProperty: unknown FBoneNode bLockBone
BoolProperty: unknown FBoneNode bRemoveBone
BoolProperty: unknown FBoneNode bLockBone
BoolProperty: unknown FBoneNode bRemoveBone
BoolProperty: unknown FBoneNode bLockBone
BoolProperty: unknown FBoneNode bRemoveBone
BoolProperty: unknown FBoneNode bLockBone
BoolProperty: unknown FBoneNode bRemoveBone
BoolProperty: unknown FBoneNode bLockBone
BoolProperty: unknown FBoneNode bRemoveBone
BoolProperty: unknown FBoneNode bLockBone
BoolProperty: unknown FBoneNode bRemoveBone
BoolProperty: unknown FBoneNode bLockBone
BoolProperty: unknown FBoneNode bRemoveBone
BoolProperty: unknown FBoneNode bLockBone
BoolProperty: unknown FBoneNode bRemoveBone
BoolProperty: unknown FBoneNode bLockBone
BoolProperty: unknown FBoneNode bRemoveBone
BoolProperty: unknown FBoneNode bLockBone
BoolProperty: unknown FBoneNode bRemoveBone
BoolProperty: unknown FBoneNode bLockBone
BoolProperty: unknown FBoneNode bRemoveBone
BoolProperty: unknown FBoneNode bLockBone
BoolProperty: unknown FBoneNode bRemoveBone
BoolProperty: unknown FBoneNode bLockBone
BoolProperty: unknown FBoneNode bRemoveBone
BoolProperty: unknown FBoneNode bLockBone
BoolProperty: unknown FBoneNode bRemoveBone
BoolProperty: unknown FBoneNode bLockBone
BoolProperty: unknown FBoneNode bRemoveBone
BoolProperty: unknown FBoneNode bLockBone
BoolProperty: unknown FBoneNode bRemoveBone
BoolProperty: unknown FBoneNode bLockBone
BoolProperty: unknown FBoneNode bRemoveBone
BoolProperty: unknown FBoneNode bLockBone
BoolProperty: unknown FBoneNode bRemoveBone
BoolProperty: unknown FBoneNode bLockBone
BoolProperty: unknown FBoneNode bRemoveBone
BoolProperty: unknown FBoneNode bLockBone
BoolProperty: unknown FBoneNode bRemoveBone
BoolProperty: unknown FBoneNode bLockBone
BoolProperty: unknown FBoneNode bRemoveBone
BoolProperty: unknown FBoneNode bLockBone
BoolProperty: unknown FBoneNode bRemoveBone
BoolProperty: unknown FBoneNode bLockBone
BoolProperty: unknown FBoneNode bRemoveBone
BoolProperty: unknown FBoneNode bLockBone
BoolProperty: unknown FBoneNode bRemoveBone
BoolProperty: unknown FBoneNode bLockBone
BoolProperty: unknown FBoneNode bRemoveBone
BoolProperty: unknown FBoneNode bLockBone
BoolProperty: unknown FBoneNode bRemoveBone
BoolProperty: unknown FBoneNode bLockBone
BoolProperty: unknown FBoneNode bRemoveBone
BoolProperty: unknown FBoneNode bLockBone
BoolProperty: unknown FBoneNode bRemoveBone
BoolProperty: unknown FBoneNode bLockBone
BoolProperty: unknown FBoneNode bRemoveBone
BoolProperty: unknown FBoneNode bLockBone
BoolProperty: unknown FBoneNode bRemoveBone
BoolProperty: unknown FBoneNode bLockBone
BoolProperty: unknown FBoneNode bRemoveBone
BoolProperty: unknown FBoneNode bLockBone
BoolProperty: unknown FBoneNode bRemoveBone
BoolProperty: unknown FBoneNode bLockBone
BoolProperty: unknown FBoneNode bRemoveBone
BoolProperty: unknown FBoneNode bLockBone
BoolProperty: unknown FBoneNode bRemoveBone
BoolProperty: unknown FBoneNode bLockBone
BoolProperty: unknown FBoneNode bRemoveBone
BoolProperty: unknown FBoneNode bLockBone
BoolProperty: unknown FBoneNode bRemoveBone
BoolProperty: unknown FBoneNode bLockBone
BoolProperty: unknown FBoneNode bRemoveBone
BoolProperty: unknown FBoneNode bLockBone
BoolProperty: unknown FBoneNode bRemoveBone
BoolProperty: unknown FBoneNode bLockBone
BoolProperty: unknown FBoneNode bRemoveBone
BoolProperty: unknown FBoneNode bLockBone
BoolProperty: unknown FBoneNode bRemoveBone
BoolProperty: unknown FBoneNode bLockBone
BoolProperty: unknown FBoneNode bRemoveBone
BoolProperty: unknown FBoneNode bLockBone
BoolProperty: unknown FBoneNode bRemoveBone
BoolProperty: unknown FBoneNode bLockBone
BoolProperty: unknown FBoneNode bRemoveBone
BoolProperty: unknown FBoneNode bLockBone
BoolProperty: unknown FBoneNode bRemoveBone
BoolProperty: unknown FBoneNode bLockBone
BoolProperty: unknown FBoneNode bRemoveBone
BoolProperty: unknown FBoneNode bLockBone
BoolProperty: unknown FBoneNode bRemoveBone
BoolProperty: unknown FBoneNode bLockBone
BoolProperty: unknown FBoneNode bRemoveBone
BoolProperty: unknown FBoneNode bLockBone
BoolProperty: unknown FBoneNode bRemoveBone
BoolProperty: unknown FBoneNode bLockBone
BoolProperty: unknown FBoneNode bRemoveBone
Exporting objects ...
Exporting AnimSequence4 Dilo-Charge-Fwd to C:/Users/Nez/Desktop/GitHub/Ark-Survival-Returns/.work/exports/actorx/PrimalEarth/Dinos/Dilo/Anims/Dilo-Charge-Fwd.psa
Memory: allocated 534184 bytes in 474 blocks
Loading AnimSequence4 Dilo-Charge-Lft from package PrimalEarth/Dinos/Dilo/Anims/Dilo-Charge-Lft.uasset
FloatProperty: unknown FAnimNotifyEvent DisplayTime
BoolProperty: unknown FAnimNotifyEvent bIgnoreOnDediServer
FloatProperty: unknown FAnimNotifyEvent DisplayTime
BoolProperty: unknown FAnimNotifyEvent bIgnoreOnDediServer
FloatProperty: unknown FAnimNotifyEvent DisplayTime
BoolProperty: unknown FAnimNotifyEvent bIgnoreOnDediServer
Loading Skeleton Dilo_Skeleton from package PrimalEarth/Dinos/Dilo/Dilo_Skeleton.uasset
BoolProperty: unknown FBoneNode bLockBone
BoolProperty: unknown FBoneNode bRemoveBone
BoolProperty: unknown FBoneNode bLockBone
BoolProperty: unknown FBoneNode bRemoveBone
BoolProperty: unknown FBoneNode bLockBone
BoolProperty: unknown FBoneNode bRemoveBone
BoolProperty: unknown FBoneNode bLockBone
BoolProperty: unknown FBoneNode bRemoveBone
BoolProperty: unknown FBoneNode bLockBone
BoolProperty: unknown FBoneNode bRemoveBone
BoolProperty: unknown FBoneNode bLockBone
BoolProperty: unknown FBoneNode bRemoveBone
BoolProperty: unknown FBoneNode bLockBone
BoolProperty: unknown FBoneNode bRemoveBone
BoolProperty: unknown FBoneNode bLockBone
BoolProperty: unknown FBoneNode bRemoveBone
BoolProperty: unknown FBoneNode bLockBone
BoolProperty: unknown FBoneNode bRemoveBone
BoolProperty: unknown FBoneNode bLockBone
BoolProperty: unknown FBoneNode bRemoveBone
BoolProperty: unknown FBoneNode bLockBone
BoolProperty: unknown FBoneNode bRemoveBone
BoolProperty: unknown FBoneNode bLockBone
BoolProperty: unknown FBoneNode bRemoveBone
BoolProperty: unknown FBoneNode bLockBone
BoolProperty: unknown FBoneNode bRemoveBone
BoolProperty: unknown FBoneNode bLockBone
BoolProperty: unknown FBoneNode bRemoveBone
BoolProperty: unknown FBoneNode bLockBone
BoolProperty: unknown FBoneNode bRemoveBone
BoolProperty: unknown FBoneNode bLockBone
BoolProperty: unknown FBoneNode bRemoveBone
BoolProperty: unknown FBoneNode bLockBone
BoolProperty: unknown FBoneNode bRemoveBone
BoolProperty: unknown FBoneNode bLockBone
BoolProperty: unknown FBoneNode bRemoveBone
BoolProperty: unknown FBoneNode bLockBone
BoolProperty: unknown FBoneNode bRemoveBone
BoolProperty: unknown FBoneNode bLockBone
BoolProperty: unknown FBoneNode bRemoveBone
BoolProperty: unknown FBoneNode bLockBone
BoolProperty: unknown FBoneNode bRemoveBone
BoolProperty: unknown FBoneNode bLockBone
BoolProperty: unknown FBoneNode bRemoveBone
BoolProperty: unknown FBoneNode bLockBone
BoolProperty: unknown FBoneNode bRemoveBone
BoolProperty: unknown FBoneNode bLockBone
BoolProperty: unknown FBoneNode bRemoveBone
BoolProperty: unknown FBoneNode bLockBone
BoolProperty: unknown FBoneNode bRemoveBone
BoolProperty: unknown FBoneNode bLockBone
BoolProperty: unknown FBoneNode bRemoveBone
BoolProperty: unknown FBoneNode bLockBone
BoolProperty: unknown FBoneNode bRemoveBone
BoolProperty: unknown FBoneNode bLockBone
BoolProperty: unknown FBoneNode bRemoveBone
BoolProperty: unknown FBoneNode bLockBone
BoolProperty: unknown FBoneNode bRemoveBone
BoolProperty: unknown FBoneNode bLockBone
BoolProperty: unknown FBoneNode bRemoveBone
BoolProperty: unknown FBoneNode bLockBone
BoolProperty: unknown FBoneNode bRemoveBone
BoolProperty: unknown FBoneNode bLockBone
BoolProperty: unknown FBoneNode bRemoveBone
BoolProperty: unknown FBoneNode bLockBone
BoolProperty: unknown FBoneNode bRemoveBone
BoolProperty: unknown FBoneNode bLockBone
BoolProperty: unknown FBoneNode bRemoveBone
BoolProperty: unknown FBoneNode bLockBone
BoolProperty: unknown FBoneNode bRemoveBone
BoolProperty: unknown FBoneNode bLockBone
BoolProperty: unknown FBoneNode bRemoveBone
BoolProperty: unknown FBoneNode bLockBone
BoolProperty: unknown FBoneNode bRemoveBone
BoolProperty: unknown FBoneNode bLockBone
BoolProperty: unknown FBoneNode bRemoveBone
BoolProperty: unknown FBoneNode bLockBone
BoolProperty: unknown FBoneNode bRemoveBone
BoolProperty: unknown FBoneNode bLockBone
BoolProperty: unknown FBoneNode bRemoveBone
BoolProperty: unknown FBoneNode bLockBone
BoolProperty: unknown FBoneNode bRemoveBone
BoolProperty: unknown FBoneNode bLockBone
BoolProperty: unknown FBoneNode bRemoveBone
BoolProperty: unknown FBoneNode bLockBone
BoolProperty: unknown FBoneNode bRemoveBone
BoolProperty: unknown FBoneNode bLockBone
BoolProperty: unknown FBoneNode bRemoveBone
BoolProperty: unknown FBoneNode bLockBone
BoolProperty: unknown FBoneNode bRemoveBone
BoolProperty: unknown FBoneNode bLockBone
BoolProperty: unknown FBoneNode bRemoveBone
BoolProperty: unknown FBoneNode bLockBone
BoolProperty: unknown FBoneNode bRemoveBone
BoolProperty: unknown FBoneNode bLockBone
BoolProperty: unknown FBoneNode bRemoveBone
BoolProperty: unknown FBoneNode bLockBone
BoolProperty: unknown FBoneNode bRemoveBone
BoolProperty: unknown FBoneNode bLockBone
BoolProperty: unknown FBoneNode bRemoveBone
BoolProperty: unknown FBoneNode bLockBone
BoolProperty: unknown FBoneNode bRemoveBone
BoolProperty: unknown FBoneNode bLockBone
BoolProperty: unknown FBoneNode bRemoveBone
BoolProperty: unknown FBoneNode bLockBone
BoolProperty: unknown FBoneNode bRemoveBone
BoolProperty: unknown FBoneNode bLockBone
BoolProperty: unknown FBoneNode bRemoveBone
BoolProperty: unknown FBoneNode bLockBone
BoolProperty: unknown FBoneNode bRemoveBone
BoolProperty: unknown FBoneNode bLockBone
BoolProperty: unknown FBoneNode bRemoveBone
BoolProperty: unknown FBoneNode bLockBone
BoolProperty: unknown FBoneNode bRemoveBone
BoolProperty: unknown FBoneNode bLockBone
BoolProperty: unknown FBoneNode bRemoveBone
BoolProperty: unknown FBoneNode bLockBone
BoolProperty: unknown FBoneNode bRemoveBone
BoolProperty: unknown FBoneNode bLockBone
BoolProperty: unknown FBoneNode bRemoveBone
BoolProperty: unknown FBoneNode bLockBone
BoolProperty: unknown FBoneNode bRemoveBone
BoolProperty: unknown FBoneNode bLockBone
BoolProperty: unknown FBoneNode bRemoveBone
BoolProperty: unknown FBoneNode bLockBone
BoolProperty: unknown FBoneNode bRemoveBone
BoolProperty: unknown FBoneNode bLockBone
BoolProperty: unknown FBoneNode bRemoveBone
BoolProperty: unknown FBoneNode bLockBone
BoolProperty: unknown FBoneNode bRemoveBone
BoolProperty: unknown FBoneNode bLockBone
BoolProperty: unknown FBoneNode bRemoveBone
BoolProperty: unknown FBoneNode bLockBone
BoolProperty: unknown FBoneNode bRemoveBone
BoolProperty: unknown FBoneNode bLockBone
BoolProperty: unknown FBoneNode bRemoveBone
BoolProperty: unknown FBoneNode bLockBone
BoolProperty: unknown FBoneNode bRemoveBone
BoolProperty: unknown FBoneNode bLockBone
BoolProperty: unknown FBoneNode bRemoveBone
BoolProperty: unknown FBoneNode bLockBone
BoolProperty: unknown FBoneNode bRemoveBone
BoolProperty: unknown FBoneNode bLockBone
BoolProperty: unknown FBoneNode bRemoveBone
BoolProperty: unknown FBoneNode bLockBone
BoolProperty: unknown FBoneNode bRemoveBone
BoolProperty: unknown FBoneNode bLockBone
BoolProperty: unknown FBoneNode bRemoveBone
BoolProperty: unknown FBoneNode bLockBone
BoolProperty: unknown FBoneNode bRemoveBone
BoolProperty: unknown FBoneNode bLockBone
BoolProperty: unknown FBoneNode bRemoveBone
BoolProperty: unknown FBoneNode bLockBone
BoolProperty: unknown FBoneNode bRemoveBone
BoolProperty: unknown FBoneNode bLockBone
BoolProperty: unknown FBoneNode bRemoveBone
BoolProperty: unknown FBoneNode bLockBone
BoolProperty: unknown FBoneNode bRemoveBone
BoolProperty: unknown FBoneNode bLockBone
BoolProperty: unknown FBoneNode bRemoveBone
BoolProperty: unknown FBoneNode bLockBone
BoolProperty: unknown FBoneNode bRemoveBone
BoolProperty: unknown FBoneNode bLockBone
BoolProperty: unknown FBoneNode bRemoveBone
BoolProperty: unknown FBoneNode bLockBone
BoolProperty: unknown FBoneNode bRemoveBone
BoolProperty: unknown FBoneNode bLockBone
BoolProperty: unknown FBoneNode bRemoveBone
BoolProperty: unknown FBoneNode bLockBone
BoolProperty: unknown FBoneNode bRemoveBone
BoolProperty: unknown FBoneNode bLockBone
BoolProperty: unknown FBoneNode bRemoveBone
BoolProperty: unknown FBoneNode bLockBone
BoolProperty: unknown FBoneNode bRemoveBone
BoolProperty: unknown FBoneNode bLockBone
BoolProperty: unknown FBoneNode bRemoveBone
BoolProperty: unknown FBoneNode bLockBone
BoolProperty: unknown FBoneNode bRemoveBone
BoolProperty: unknown FBoneNode bLockBone
BoolProperty: unknown FBoneNode bRemoveBone
BoolProperty: unknown FBoneNode bLockBone
BoolProperty: unknown FBoneNode bRemoveBone
BoolProperty: unknown FBoneNode bLockBone
BoolProperty: unknown FBoneNode bRemoveBone
BoolProperty: unknown FBoneNode bLockBone
BoolProperty: unknown FBoneNode bRemoveBone
BoolProperty: unknown FBoneNode bLockBone
BoolProperty: unknown FBoneNode bRemoveBone
BoolProperty: unknown FBoneNode bLockBone
BoolProperty: unknown FBoneNode bRemoveBone
BoolProperty: unknown FBoneNode bLockBone
BoolProperty: unknown FBoneNode bRemoveBone
BoolProperty: unknown FBoneNode bLockBone
BoolProperty: unknown FBoneNode bRemoveBone
BoolProperty: unknown FBoneNode bLockBone
BoolProperty: unknown FBoneNode bRemoveBone
BoolProperty: unknown FBoneNode bLockBone
BoolProperty: unknown FBoneNode bRemoveBone
BoolProperty: unknown FBoneNode bLockBone
BoolProperty: unknown FBoneNode bRemoveBone
BoolProperty: unknown FBoneNode bLockBone
BoolProperty: unknown FBoneNode bRemoveBone
BoolProperty: unknown FBoneNode bLockBone
BoolProperty: unknown FBoneNode bRemoveBone
BoolProperty: unknown FBoneNode bLockBone
BoolProperty: unknown FBoneNode bRemoveBone
BoolProperty: unknown FBoneNode bLockBone
BoolProperty: unknown FBoneNode bRemoveBone
BoolProperty: unknown FBoneNode bLockBone
BoolProperty: unknown FBoneNode bRemoveBone
Exporting objects ...
Exporting AnimSequence4 Dilo-Charge-Lft to C:/Users/Nez/Desktop/GitHub/Ark-Survival-Returns/.work/exports/actorx/PrimalEarth/Dinos/Dilo/Anims/Dilo-Charge-Lft.psa
Memory: allocated 546472 bytes in 477 blocks
Loading AnimSequence4 Dilo-Charge-Rit from package PrimalEarth/Dinos/Dilo/Anims/Dilo-Charge-Rit.uasset
FloatProperty: unknown FAnimNotifyEvent DisplayTime
BoolProperty: unknown FAnimNotifyEvent bIgnoreOnDediServer
FloatProperty: unknown FAnimNotifyEvent DisplayTime
BoolProperty: unknown FAnimNotifyEvent bIgnoreOnDediServer
FloatProperty: unknown FAnimNotifyEvent DisplayTime
BoolProperty: unknown FAnimNotifyEvent bIgnoreOnDediServer
Loading Skeleton Dilo_Skeleton from package PrimalEarth/Dinos/Dilo/Dilo_Skeleton.uasset
BoolProperty: unknown FBoneNode bLockBone
BoolProperty: unknown FBoneNode bRemoveBone
BoolProperty: unknown FBoneNode bLockBone
BoolProperty: unknown FBoneNode bRemoveBone
BoolProperty: unknown FBoneNode bLockBone
BoolProperty: unknown FBoneNode bRemoveBone
BoolProperty: unknown FBoneNode bLockBone
BoolProperty: unknown FBoneNode bRemoveBone
BoolProperty: unknown FBoneNode bLockBone
BoolProperty: unknown FBoneNode bRemoveBone
BoolProperty: unknown FBoneNode bLockBone
BoolProperty: unknown FBoneNode bRemoveBone
BoolProperty: unknown FBoneNode bLockBone
BoolProperty: unknown FBoneNode bRemoveBone
BoolProperty: unknown FBoneNode bLockBone
BoolProperty: unknown FBoneNode bRemoveBone
BoolProperty: unknown FBoneNode bLockBone
BoolProperty: unknown FBoneNode bRemoveBone
BoolProperty: unknown FBoneNode bLockBone
BoolProperty: unknown FBoneNode bRemoveBone
BoolProperty: unknown FBoneNode bLockBone
BoolProperty: unknown FBoneNode bRemoveBone
BoolProperty: unknown FBoneNode bLockBone
BoolProperty: unknown FBoneNode bRemoveBone
BoolProperty: unknown FBoneNode bLockBone
BoolProperty: unknown FBoneNode bRemoveBone
BoolProperty: unknown FBoneNode bLockBone
BoolProperty: unknown FBoneNode bRemoveBone
BoolProperty: unknown FBoneNode bLockBone
BoolProperty: unknown FBoneNode bRemoveBone
BoolProperty: unknown FBoneNode bLockBone
BoolProperty: unknown FBoneNode bRemoveBone
BoolProperty: unknown FBoneNode bLockBone
BoolProperty: unknown FBoneNode bRemoveBone
BoolProperty: unknown FBoneNode bLockBone
BoolProperty: unknown FBoneNode bRemoveBone
BoolProperty: unknown FBoneNode bLockBone
BoolProperty: unknown FBoneNode bRemoveBone
BoolProperty: unknown FBoneNode bLockBone
BoolProperty: unknown FBoneNode bRemoveBone
BoolProperty: unknown FBoneNode bLockBone
BoolProperty: unknown FBoneNode bRemoveBone
BoolProperty: unknown FBoneNode bLockBone
BoolProperty: unknown FBoneNode bRemoveBone
BoolProperty: unknown FBoneNode bLockBone
BoolProperty: unknown FBoneNode bRemoveBone
BoolProperty: unknown FBoneNode bLockBone
BoolProperty: unknown FBoneNode bRemoveBone
BoolProperty: unknown FBoneNode bLockBone
BoolProperty: unknown FBoneNode bRemoveBone
BoolProperty: unknown FBoneNode bLockBone
BoolProperty: unknown FBoneNode bRemoveBone
BoolProperty: unknown FBoneNode bLockBone
BoolProperty: unknown FBoneNode bRemoveBone
BoolProperty: unknown FBoneNode bLockBone
BoolProperty: unknown FBoneNode bRemoveBone
BoolProperty: unknown FBoneNode bLockBone
BoolProperty: unknown FBoneNode bRemoveBone
BoolProperty: unknown FBoneNode bLockBone
BoolProperty: unknown FBoneNode bRemoveBone
BoolProperty: unknown FBoneNode bLockBone
BoolProperty: unknown FBoneNode bRemoveBone
BoolProperty: unknown FBoneNode bLockBone
BoolProperty: unknown FBoneNode bRemoveBone
BoolProperty: unknown FBoneNode bLockBone
BoolProperty: unknown FBoneNode bRemoveBone
BoolProperty: unknown FBoneNode bLockBone
BoolProperty: unknown FBoneNode bRemoveBone
BoolProperty: unknown FBoneNode bLockBone
BoolProperty: unknown FBoneNode bRemoveBone
BoolProperty: unknown FBoneNode bLockBone
BoolProperty: unknown FBoneNode bRemoveBone
BoolProperty: unknown FBoneNode bLockBone
BoolProperty: unknown FBoneNode bRemoveBone
BoolProperty: unknown FBoneNode bLockBone
BoolProperty: unknown FBoneNode bRemoveBone
BoolProperty: unknown FBoneNode bLockBone
BoolProperty: unknown FBoneNode bRemoveBone
BoolProperty: unknown FBoneNode bLockBone
BoolProperty: unknown FBoneNode bRemoveBone
BoolProperty: unknown FBoneNode bLockBone
BoolProperty: unknown FBoneNode bRemoveBone
BoolProperty: unknown FBoneNode bLockBone
BoolProperty: unknown FBoneNode bRemoveBone
BoolProperty: unknown FBoneNode bLockBone
BoolProperty: unknown FBoneNode bRemoveBone
BoolProperty: unknown FBoneNode bLockBone
BoolProperty: unknown FBoneNode bRemoveBone
BoolProperty: unknown FBoneNode bLockBone
BoolProperty: unknown FBoneNode bRemoveBone
BoolProperty: unknown FBoneNode bLockBone
BoolProperty: unknown FBoneNode bRemoveBone
BoolProperty: unknown FBoneNode bLockBone
BoolProperty: unknown FBoneNode bRemoveBone
BoolProperty: unknown FBoneNode bLockBone
BoolProperty: unknown FBoneNode bRemoveBone
BoolProperty: unknown FBoneNode bLockBone
BoolProperty: unknown FBoneNode bRemoveBone
BoolProperty: unknown FBoneNode bLockBone
BoolProperty: unknown FBoneNode bRemoveBone
BoolProperty: unknown FBoneNode bLockBone
BoolProperty: unknown FBoneNode bRemoveBone
BoolProperty: unknown FBoneNode bLockBone
BoolProperty: unknown FBoneNode bRemoveBone
BoolProperty: unknown FBoneNode bLockBone
BoolProperty: unknown FBoneNode bRemoveBone
BoolProperty: unknown FBoneNode bLockBone
BoolProperty: unknown FBoneNode bRemoveBone
BoolProperty: unknown FBoneNode bLockBone
BoolProperty: unknown FBoneNode bRemoveBone
BoolProperty: unknown FBoneNode bLockBone
BoolProperty: unknown FBoneNode bRemoveBone
BoolProperty: unknown FBoneNode bLockBone
BoolProperty: unknown FBoneNode bRemoveBone
BoolProperty: unknown FBoneNode bLockBone
BoolProperty: unknown FBoneNode bRemoveBone
BoolProperty: unknown FBoneNode bLockBone
BoolProperty: unknown FBoneNode bRemoveBone
BoolProperty: unknown FBoneNode bLockBone
BoolProperty: unknown FBoneNode bRemoveBone
BoolProperty: unknown FBoneNode bLockBone
BoolProperty: unknown FBoneNode bRemoveBone
BoolProperty: unknown FBoneNode bLockBone
BoolProperty: unknown FBoneNode bRemoveBone
BoolProperty: unknown FBoneNode bLockBone
BoolProperty: unknown FBoneNode bRemoveBone
BoolProperty: unknown FBoneNode bLockBone
BoolProperty: unknown FBoneNode bRemoveBone
BoolProperty: unknown FBoneNode bLockBone
BoolProperty: unknown FBoneNode bRemoveBone
BoolProperty: unknown FBoneNode bLockBone
BoolProperty: unknown FBoneNode bRemoveBone
BoolProperty: unknown FBoneNode bLockBone
BoolProperty: unknown FBoneNode bRemoveBone
BoolProperty: unknown FBoneNode bLockBone
BoolProperty: unknown FBoneNode bRemoveBone
BoolProperty: unknown FBoneNode bLockBone
BoolProperty: unknown FBoneNode bRemoveBone
BoolProperty: unknown FBoneNode bLockBone
BoolProperty: unknown FBoneNode bRemoveBone
BoolProperty: unknown FBoneNode bLockBone
BoolProperty: unknown FBoneNode bRemoveBone
BoolProperty: unknown FBoneNode bLockBone
BoolProperty: unknown FBoneNode bRemoveBone
BoolProperty: unknown FBoneNode bLockBone
BoolProperty: unknown FBoneNode bRemoveBone
BoolProperty: unknown FBoneNode bLockBone
BoolProperty: unknown FBoneNode bRemoveBone
BoolProperty: unknown FBoneNode bLockBone
BoolProperty: unknown FBoneNode bRemoveBone
BoolProperty: unknown FBoneNode bLockBone
BoolProperty: unknown FBoneNode bRemoveBone
BoolProperty: unknown FBoneNode bLockBone
BoolProperty: unknown FBoneNode bRemoveBone
BoolProperty: unknown FBoneNode bLockBone
BoolProperty: unknown FBoneNode bRemoveBone
BoolProperty: unknown FBoneNode bLockBone
BoolProperty: unknown FBoneNode bRemoveBone
BoolProperty: unknown FBoneNode bLockBone
BoolProperty: unknown FBoneNode bRemoveBone
BoolProperty: unknown FBoneNode bLockBone
BoolProperty: unknown FBoneNode bRemoveBone
BoolProperty: unknown FBoneNode bLockBone
BoolProperty: unknown FBoneNode bRemoveBone
BoolProperty: unknown FBoneNode bLockBone
BoolProperty: unknown FBoneNode bRemoveBone
BoolProperty: unknown FBoneNode bLockBone
BoolProperty: unknown FBoneNode bRemoveBone
BoolProperty: unknown FBoneNode bLockBone
BoolProperty: unknown FBoneNode bRemoveBone
BoolProperty: unknown FBoneNode bLockBone
BoolProperty: unknown FBoneNode bRemoveBone
BoolProperty: unknown FBoneNode bLockBone
BoolProperty: unknown FBoneNode bRemoveBone
BoolProperty: unknown FBoneNode bLockBone
BoolProperty: unknown FBoneNode bRemoveBone
BoolProperty: unknown FBoneNode bLockBone
BoolProperty: unknown FBoneNode bRemoveBone
BoolProperty: unknown FBoneNode bLockBone
BoolProperty: unknown FBoneNode bRemoveBone
BoolProperty: unknown FBoneNode bLockBone
BoolProperty: unknown FBoneNode bRemoveBone
BoolProperty: unknown FBoneNode bLockBone
BoolProperty: unknown FBoneNode bRemoveBone
BoolProperty: unknown FBoneNode bLockBone
BoolProperty: unknown FBoneNode bRemoveBone
BoolProperty: unknown FBoneNode bLockBone
BoolProperty: unknown FBoneNode bRemoveBone
BoolProperty: unknown FBoneNode bLockBone
BoolProperty: unknown FBoneNode bRemoveBone
BoolProperty: unknown FBoneNode bLockBone
BoolProperty: unknown FBoneNode bRemoveBone
BoolProperty: unknown FBoneNode bLockBone
BoolProperty: unknown FBoneNode bRemoveBone
BoolProperty: unknown FBoneNode bLockBone
BoolProperty: unknown FBoneNode bRemoveBone
BoolProperty: unknown FBoneNode bLockBone
BoolProperty: unknown FBoneNode bRemoveBone
BoolProperty: unknown FBoneNode bLockBone
BoolProperty: unknown FBoneNode bRemoveBone
BoolProperty: unknown FBoneNode bLockBone
BoolProperty: unknown FBoneNode bRemoveBone
BoolProperty: unknown FBoneNode bLockBone
BoolProperty: unknown FBoneNode bRemoveBone
BoolProperty: unknown FBoneNode bLockBone
BoolProperty: unknown FBoneNode bRemoveBone
BoolProperty: unknown FBoneNode bLockBone
BoolProperty: unknown FBoneNode bRemoveBone
BoolProperty: unknown FBoneNode bLockBone
BoolProperty: unknown FBoneNode bRemoveBone
Exporting objects ...
Exporting AnimSequence4 Dilo-Charge-Rit to C:/Users/Nez/Desktop/GitHub/Ark-Survival-Returns/.work/exports/actorx/PrimalEarth/Dinos/Dilo/Anims/Dilo-Charge-Rit.psa
Memory: allocated 558760 bytes in 480 blocks
Loading AnimSequence4 Dilo-Cuddle from package PrimalEarth/Dinos/Dilo/Anims/Dilo-Cuddle.uasset
FloatProperty: unknown FAnimNotifyEvent DisplayTime
BoolProperty: unknown FAnimNotifyEvent bIgnoreOnDediServer
Loading Skeleton Dilo_Skeleton from package PrimalEarth/Dinos/Dilo/Dilo_Skeleton.uasset
BoolProperty: unknown FBoneNode bLockBone
BoolProperty: unknown FBoneNode bRemoveBone
BoolProperty: unknown FBoneNode bLockBone
BoolProperty: unknown FBoneNode bRemoveBone
BoolProperty: unknown FBoneNode bLockBone
BoolProperty: unknown FBoneNode bRemoveBone
BoolProperty: unknown FBoneNode bLockBone
BoolProperty: unknown FBoneNode bRemoveBone
BoolProperty: unknown FBoneNode bLockBone
BoolProperty: unknown FBoneNode bRemoveBone
BoolProperty: unknown FBoneNode bLockBone
BoolProperty: unknown FBoneNode bRemoveBone
BoolProperty: unknown FBoneNode bLockBone
BoolProperty: unknown FBoneNode bRemoveBone
BoolProperty: unknown FBoneNode bLockBone
BoolProperty: unknown FBoneNode bRemoveBone
BoolProperty: unknown FBoneNode bLockBone
BoolProperty: unknown FBoneNode bRemoveBone
BoolProperty: unknown FBoneNode bLockBone
BoolProperty: unknown FBoneNode bRemoveBone
BoolProperty: unknown FBoneNode bLockBone
BoolProperty: unknown FBoneNode bRemoveBone
BoolProperty: unknown FBoneNode bLockBone
BoolProperty: unknown FBoneNode bRemoveBone
BoolProperty: unknown FBoneNode bLockBone
BoolProperty: unknown FBoneNode bRemoveBone
BoolProperty: unknown FBoneNode bLockBone
BoolProperty: unknown FBoneNode bRemoveBone
BoolProperty: unknown FBoneNode bLockBone
BoolProperty: unknown FBoneNode bRemoveBone
BoolProperty: unknown FBoneNode bLockBone
BoolProperty: unknown FBoneNode bRemoveBone
BoolProperty: unknown FBoneNode bLockBone
BoolProperty: unknown FBoneNode bRemoveBone
BoolProperty: unknown FBoneNode bLockBone
BoolProperty: unknown FBoneNode bRemoveBone
BoolProperty: unknown FBoneNode bLockBone
BoolProperty: unknown FBoneNode bRemoveBone
BoolProperty: unknown FBoneNode bLockBone
BoolProperty: unknown FBoneNode bRemoveBone
BoolProperty: unknown FBoneNode bLockBone
BoolProperty: unknown FBoneNode bRemoveBone
BoolProperty: unknown FBoneNode bLockBone
BoolProperty: unknown FBoneNode bRemoveBone
BoolProperty: unknown FBoneNode bLockBone
BoolProperty: unknown FBoneNode bRemoveBone
BoolProperty: unknown FBoneNode bLockBone
BoolProperty: unknown FBoneNode bRemoveBone
BoolProperty: unknown FBoneNode bLockBone
BoolProperty: unknown FBoneNode bRemoveBone
BoolProperty: unknown FBoneNode bLockBone
BoolProperty: unknown FBoneNode bRemoveBone
BoolProperty: unknown FBoneNode bLockBone
BoolProperty: unknown FBoneNode bRemoveBone
BoolProperty: unknown FBoneNode bLockBone
BoolProperty: unknown FBoneNode bRemoveBone
BoolProperty: unknown FBoneNode bLockBone
BoolProperty: unknown FBoneNode bRemoveBone
BoolProperty: unknown FBoneNode bLockBone
BoolProperty: unknown FBoneNode bRemoveBone
BoolProperty: unknown FBoneNode bLockBone
BoolProperty: unknown FBoneNode bRemoveBone
BoolProperty: unknown FBoneNode bLockBone
BoolProperty: unknown FBoneNode bRemoveBone
BoolProperty: unknown FBoneNode bLockBone
BoolProperty: unknown FBoneNode bRemoveBone
BoolProperty: unknown FBoneNode bLockBone
BoolProperty: unknown FBoneNode bRemoveBone
BoolProperty: unknown FBoneNode bLockBone
BoolProperty: unknown FBoneNode bRemoveBone
BoolProperty: unknown FBoneNode bLockBone
BoolProperty: unknown FBoneNode bRemoveBone
BoolProperty: unknown FBoneNode bLockBone
BoolProperty: unknown FBoneNode bRemoveBone
BoolProperty: unknown FBoneNode bLockBone
BoolProperty: unknown FBoneNode bRemoveBone
BoolProperty: unknown FBoneNode bLockBone
BoolProperty: unknown FBoneNode bRemoveBone
BoolProperty: unknown FBoneNode bLockBone
BoolProperty: unknown FBoneNode bRemoveBone
BoolProperty: unknown FBoneNode bLockBone
BoolProperty: unknown FBoneNode bRemoveBone
BoolProperty: unknown FBoneNode bLockBone
BoolProperty: unknown FBoneNode bRemoveBone
BoolProperty: unknown FBoneNode bLockBone
BoolProperty: unknown FBoneNode bRemoveBone
BoolProperty: unknown FBoneNode bLockBone
BoolProperty: unknown FBoneNode bRemoveBone
BoolProperty: unknown FBoneNode bLockBone
BoolProperty: unknown FBoneNode bRemoveBone
BoolProperty: unknown FBoneNode bLockBone
BoolProperty: unknown FBoneNode bRemoveBone
BoolProperty: unknown FBoneNode bLockBone
BoolProperty: unknown FBoneNode bRemoveBone
BoolProperty: unknown FBoneNode bLockBone
BoolProperty: unknown FBoneNode bRemoveBone
BoolProperty: unknown FBoneNode bLockBone
BoolProperty: unknown FBoneNode bRemoveBone
BoolProperty: unknown FBoneNode bLockBone
BoolProperty: unknown FBoneNode bRemoveBone
BoolProperty: unknown FBoneNode bLockBone
BoolProperty: unknown FBoneNode bRemoveBone
BoolProperty: unknown FBoneNode bLockBone
BoolProperty: unknown FBoneNode bRemoveBone
BoolProperty: unknown FBoneNode bLockBone
BoolProperty: unknown FBoneNode bRemoveBone
BoolProperty: unknown FBoneNode bLockBone
BoolProperty: unknown FBoneNode bRemoveBone
BoolProperty: unknown FBoneNode bLockBone
BoolProperty: unknown FBoneNode bRemoveBone
BoolProperty: unknown FBoneNode bLockBone
BoolProperty: unknown FBoneNode bRemoveBone
BoolProperty: unknown FBoneNode bLockBone
BoolProperty: unknown FBoneNode bRemoveBone
BoolProperty: unknown FBoneNode bLockBone
BoolProperty: unknown FBoneNode bRemoveBone
BoolProperty: unknown FBoneNode bLockBone
BoolProperty: unknown FBoneNode bRemoveBone
BoolProperty: unknown FBoneNode bLockBone
BoolProperty: unknown FBoneNode bRemoveBone
BoolProperty: unknown FBoneNode bLockBone
BoolProperty: unknown FBoneNode bRemoveBone
BoolProperty: unknown FBoneNode bLockBone
BoolProperty: unknown FBoneNode bRemoveBone
BoolProperty: unknown FBoneNode bLockBone
BoolProperty: unknown FBoneNode bRemoveBone
BoolProperty: unknown FBoneNode bLockBone
BoolProperty: unknown FBoneNode bRemoveBone
BoolProperty: unknown FBoneNode bLockBone
BoolProperty: unknown FBoneNode bRemoveBone
BoolProperty: unknown FBoneNode bLockBone
BoolProperty: unknown FBoneNode bRemoveBone
BoolProperty: unknown FBoneNode bLockBone
BoolProperty: unknown FBoneNode bRemoveBone
BoolProperty: unknown FBoneNode bLockBone
BoolProperty: unknown FBoneNode bRemoveBone
BoolProperty: unknown FBoneNode bLockBone
BoolProperty: unknown FBoneNode bRemoveBone
BoolProperty: unknown FBoneNode bLockBone
BoolProperty: unknown FBoneNode bRemoveBone
BoolProperty: unknown FBoneNode bLockBone
BoolProperty: unknown FBoneNode bRemoveBone
BoolProperty: unknown FBoneNode bLockBone
BoolProperty: unknown FBoneNode bRemoveBone
BoolProperty: unknown FBoneNode bLockBone
BoolProperty: unknown FBoneNode bRemoveBone
BoolProperty: unknown FBoneNode bLockBone
BoolProperty: unknown FBoneNode bRemoveBone
BoolProperty: unknown FBoneNode bLockBone
BoolProperty: unknown FBoneNode bRemoveBone
BoolProperty: unknown FBoneNode bLockBone
BoolProperty: unknown FBoneNode bRemoveBone
BoolProperty: unknown FBoneNode bLockBone
BoolProperty: unknown FBoneNode bRemoveBone
BoolProperty: unknown FBoneNode bLockBone
BoolProperty: unknown FBoneNode bRemoveBone
BoolProperty: unknown FBoneNode bLockBone
BoolProperty: unknown FBoneNode bRemoveBone
BoolProperty: unknown FBoneNode bLockBone
BoolProperty: unknown FBoneNode bRemoveBone
BoolProperty: unknown FBoneNode bLockBone
BoolProperty: unknown FBoneNode bRemoveBone
BoolProperty: unknown FBoneNode bLockBone
BoolProperty: unknown FBoneNode bRemoveBone
BoolProperty: unknown FBoneNode bLockBone
BoolProperty: unknown FBoneNode bRemoveBone
BoolProperty: unknown FBoneNode bLockBone
BoolProperty: unknown FBoneNode bRemoveBone
BoolProperty: unknown FBoneNode bLockBone
BoolProperty: unknown FBoneNode bRemoveBone
BoolProperty: unknown FBoneNode bLockBone
BoolProperty: unknown FBoneNode bRemoveBone
BoolProperty: unknown FBoneNode bLockBone
BoolProperty: unknown FBoneNode bRemoveBone
BoolProperty: unknown FBoneNode bLockBone
BoolProperty: unknown FBoneNode bRemoveBone
BoolProperty: unknown FBoneNode bLockBone
BoolProperty: unknown FBoneNode bRemoveBone
BoolProperty: unknown FBoneNode bLockBone
BoolProperty: unknown FBoneNode bRemoveBone
BoolProperty: unknown FBoneNode bLockBone
BoolProperty: unknown FBoneNode bRemoveBone
BoolProperty: unknown FBoneNode bLockBone
BoolProperty: unknown FBoneNode bRemoveBone
BoolProperty: unknown FBoneNode bLockBone
BoolProperty: unknown FBoneNode bRemoveBone
BoolProperty: unknown FBoneNode bLockBone
BoolProperty: unknown FBoneNode bRemoveBone
BoolProperty: unknown FBoneNode bLockBone
BoolProperty: unknown FBoneNode bRemoveBone
BoolProperty: unknown FBoneNode bLockBone
BoolProperty: unknown FBoneNode bRemoveBone
BoolProperty: unknown FBoneNode bLockBone
BoolProperty: unknown FBoneNode bRemoveBone
BoolProperty: unknown FBoneNode bLockBone
BoolProperty: unknown FBoneNode bRemoveBone
BoolProperty: unknown FBoneNode bLockBone
BoolProperty: unknown FBoneNode bRemoveBone
BoolProperty: unknown FBoneNode bLockBone
BoolProperty: unknown FBoneNode bRemoveBone
BoolProperty: unknown FBoneNode bLockBone
BoolProperty: unknown FBoneNode bRemoveBone
BoolProperty: unknown FBoneNode bLockBone
BoolProperty: unknown FBoneNode bRemoveBone
BoolProperty: unknown FBoneNode bLockBone
BoolProperty: unknown FBoneNode bRemoveBone
BoolProperty: unknown FBoneNode bLockBone
BoolProperty: unknown FBoneNode bRemoveBone
BoolProperty: unknown FBoneNode bLockBone
BoolProperty: unknown FBoneNode bRemoveBone
Exporting objects ...
Exporting AnimSequence4 Dilo-Cuddle to C:/Users/Nez/Desktop/GitHub/Ark-Survival-Returns/.work/exports/actorx/PrimalEarth/Dinos/Dilo/Anims/Dilo-Cuddle.psa
Memory: allocated 571048 bytes in 483 blocks
Loading AnimSequence4 Dilo-Eat from package PrimalEarth/Dinos/Dilo/Anims/Dilo-Eat.uasset
FloatProperty: unknown FAnimNotifyEvent DisplayTime
BoolProperty: unknown FAnimNotifyEvent bIgnoreOnDediServer
Loading Skeleton Dilo_Skeleton from package PrimalEarth/Dinos/Dilo/Dilo_Skeleton.uasset
BoolProperty: unknown FBoneNode bLockBone
BoolProperty: unknown FBoneNode bRemoveBone
BoolProperty: unknown FBoneNode bLockBone
BoolProperty: unknown FBoneNode bRemoveBone
BoolProperty: unknown FBoneNode bLockBone
BoolProperty: unknown FBoneNode bRemoveBone
BoolProperty: unknown FBoneNode bLockBone
BoolProperty: unknown FBoneNode bRemoveBone
BoolProperty: unknown FBoneNode bLockBone
BoolProperty: unknown FBoneNode bRemoveBone
BoolProperty: unknown FBoneNode bLockBone
BoolProperty: unknown FBoneNode bRemoveBone
BoolProperty: unknown FBoneNode bLockBone
BoolProperty: unknown FBoneNode bRemoveBone
BoolProperty: unknown FBoneNode bLockBone
BoolProperty: unknown FBoneNode bRemoveBone
BoolProperty: unknown FBoneNode bLockBone
BoolProperty: unknown FBoneNode bRemoveBone
BoolProperty: unknown FBoneNode bLockBone
BoolProperty: unknown FBoneNode bRemoveBone
BoolProperty: unknown FBoneNode bLockBone
BoolProperty: unknown FBoneNode bRemoveBone
BoolProperty: unknown FBoneNode bLockBone
BoolProperty: unknown FBoneNode bRemoveBone
BoolProperty: unknown FBoneNode bLockBone
BoolProperty: unknown FBoneNode bRemoveBone
BoolProperty: unknown FBoneNode bLockBone
BoolProperty: unknown FBoneNode bRemoveBone
BoolProperty: unknown FBoneNode bLockBone
BoolProperty: unknown FBoneNode bRemoveBone
BoolProperty: unknown FBoneNode bLockBone
BoolProperty: unknown FBoneNode bRemoveBone
BoolProperty: unknown FBoneNode bLockBone
BoolProperty: unknown FBoneNode bRemoveBone
BoolProperty: unknown FBoneNode bLockBone
BoolProperty: unknown FBoneNode bRemoveBone
BoolProperty: unknown FBoneNode bLockBone
BoolProperty: unknown FBoneNode bRemoveBone
BoolProperty: unknown FBoneNode bLockBone
BoolProperty: unknown FBoneNode bRemoveBone
BoolProperty: unknown FBoneNode bLockBone
BoolProperty: unknown FBoneNode bRemoveBone
BoolProperty: unknown FBoneNode bLockBone
BoolProperty: unknown FBoneNode bRemoveBone
BoolProperty: unknown FBoneNode bLockBone
BoolProperty: unknown FBoneNode bRemoveBone
BoolProperty: unknown FBoneNode bLockBone
BoolProperty: unknown FBoneNode bRemoveBone
BoolProperty: unknown FBoneNode bLockBone
BoolProperty: unknown FBoneNode bRemoveBone
BoolProperty: unknown FBoneNode bLockBone
BoolProperty: unknown FBoneNode bRemoveBone
BoolProperty: unknown FBoneNode bLockBone
BoolProperty: unknown FBoneNode bRemoveBone
BoolProperty: unknown FBoneNode bLockBone
BoolProperty: unknown FBoneNode bRemoveBone
BoolProperty: unknown FBoneNode bLockBone
BoolProperty: unknown FBoneNode bRemoveBone
BoolProperty: unknown FBoneNode bLockBone
BoolProperty: unknown FBoneNode bRemoveBone
BoolProperty: unknown FBoneNode bLockBone
BoolProperty: unknown FBoneNode bRemoveBone
BoolProperty: unknown FBoneNode bLockBone
BoolProperty: unknown FBoneNode bRemoveBone
BoolProperty: unknown FBoneNode bLockBone
BoolProperty: unknown FBoneNode bRemoveBone
BoolProperty: unknown FBoneNode bLockBone
BoolProperty: unknown FBoneNode bRemoveBone
BoolProperty: unknown FBoneNode bLockBone
BoolProperty: unknown FBoneNode bRemoveBone
BoolProperty: unknown FBoneNode bLockBone
BoolProperty: unknown FBoneNode bRemoveBone
BoolProperty: unknown FBoneNode bLockBone
BoolProperty: unknown FBoneNode bRemoveBone
BoolProperty: unknown FBoneNode bLockBone
BoolProperty: unknown FBoneNode bRemoveBone
BoolProperty: unknown FBoneNode bLockBone
BoolProperty: unknown FBoneNode bRemoveBone
BoolProperty: unknown FBoneNode bLockBone
BoolProperty: unknown FBoneNode bRemoveBone
BoolProperty: unknown FBoneNode bLockBone
BoolProperty: unknown FBoneNode bRemoveBone
BoolProperty: unknown FBoneNode bLockBone
BoolProperty: unknown FBoneNode bRemoveBone
BoolProperty: unknown FBoneNode bLockBone
BoolProperty: unknown FBoneNode bRemoveBone
BoolProperty: unknown FBoneNode bLockBone
BoolProperty: unknown FBoneNode bRemoveBone
BoolProperty: unknown FBoneNode bLockBone
BoolProperty: unknown FBoneNode bRemoveBone
BoolProperty: unknown FBoneNode bLockBone
BoolProperty: unknown FBoneNode bRemoveBone
BoolProperty: unknown FBoneNode bLockBone
BoolProperty: unknown FBoneNode bRemoveBone
BoolProperty: unknown FBoneNode bLockBone
BoolProperty: unknown FBoneNode bRemoveBone
BoolProperty: unknown FBoneNode bLockBone
BoolProperty: unknown FBoneNode bRemoveBone
BoolProperty: unknown FBoneNode bLockBone
BoolProperty: unknown FBoneNode bRemoveBone
BoolProperty: unknown FBoneNode bLockBone
BoolProperty: unknown FBoneNode bRemoveBone
BoolProperty: unknown FBoneNode bLockBone
BoolProperty: unknown FBoneNode bRemoveBone
BoolProperty: unknown FBoneNode bLockBone
BoolProperty: unknown FBoneNode bRemoveBone
BoolProperty: unknown FBoneNode bLockBone
BoolProperty: unknown FBoneNode bRemoveBone
BoolProperty: unknown FBoneNode bLockBone
BoolProperty: unknown FBoneNode bRemoveBone
BoolProperty: unknown FBoneNode bLockBone
BoolProperty: unknown FBoneNode bRemoveBone
BoolProperty: unknown FBoneNode bLockBone
BoolProperty: unknown FBoneNode bRemoveBone
BoolProperty: unknown FBoneNode bLockBone
BoolProperty: unknown FBoneNode bRemoveBone
BoolProperty: unknown FBoneNode bLockBone
BoolProperty: unknown FBoneNode bRemoveBone
BoolProperty: unknown FBoneNode bLockBone
BoolProperty: unknown FBoneNode bRemoveBone
BoolProperty: unknown FBoneNode bLockBone
BoolProperty: unknown FBoneNode bRemoveBone
BoolProperty: unknown FBoneNode bLockBone
BoolProperty: unknown FBoneNode bRemoveBone
BoolProperty: unknown FBoneNode bLockBone
BoolProperty: unknown FBoneNode bRemoveBone
BoolProperty: unknown FBoneNode bLockBone
BoolProperty: unknown FBoneNode bRemoveBone
BoolProperty: unknown FBoneNode bLockBone
BoolProperty: unknown FBoneNode bRemoveBone
BoolProperty: unknown FBoneNode bLockBone
BoolProperty: unknown FBoneNode bRemoveBone
BoolProperty: unknown FBoneNode bLockBone
BoolProperty: unknown FBoneNode bRemoveBone
BoolProperty: unknown FBoneNode bLockBone
BoolProperty: unknown FBoneNode bRemoveBone
BoolProperty: unknown FBoneNode bLockBone
BoolProperty: unknown FBoneNode bRemoveBone
BoolProperty: unknown FBoneNode bLockBone
BoolProperty: unknown FBoneNode bRemoveBone
BoolProperty: unknown FBoneNode bLockBone
BoolProperty: unknown FBoneNode bRemoveBone
BoolProperty: unknown FBoneNode bLockBone
BoolProperty: unknown FBoneNode bRemoveBone
BoolProperty: unknown FBoneNode bLockBone
BoolProperty: unknown FBoneNode bRemoveBone
BoolProperty: unknown FBoneNode bLockBone
BoolProperty: unknown FBoneNode bRemoveBone
BoolProperty: unknown FBoneNode bLockBone
BoolProperty: unknown FBoneNode bRemoveBone
BoolProperty: unknown FBoneNode bLockBone
BoolProperty: unknown FBoneNode bRemoveBone
BoolProperty: unknown FBoneNode bLockBone
BoolProperty: unknown FBoneNode bRemoveBone
BoolProperty: unknown FBoneNode bLockBone
BoolProperty: unknown FBoneNode bRemoveBone
BoolProperty: unknown FBoneNode bLockBone
BoolProperty: unknown FBoneNode bRemoveBone
BoolProperty: unknown FBoneNode bLockBone
BoolProperty: unknown FBoneNode bRemoveBone
BoolProperty: unknown FBoneNode bLockBone
BoolProperty: unknown FBoneNode bRemoveBone
BoolProperty: unknown FBoneNode bLockBone
BoolProperty: unknown FBoneNode bRemoveBone
BoolProperty: unknown FBoneNode bLockBone
BoolProperty: unknown FBoneNode bRemoveBone
BoolProperty: unknown FBoneNode bLockBone
BoolProperty: unknown FBoneNode bRemoveBone
BoolProperty: unknown FBoneNode bLockBone
BoolProperty: unknown FBoneNode bRemoveBone
BoolProperty: unknown FBoneNode bLockBone
BoolProperty: unknown FBoneNode bRemoveBone
BoolProperty: unknown FBoneNode bLockBone
BoolProperty: unknown FBoneNode bRemoveBone
BoolProperty: unknown FBoneNode bLockBone
BoolProperty: unknown FBoneNode bRemoveBone
BoolProperty: unknown FBoneNode bLockBone
BoolProperty: unknown FBoneNode bRemoveBone
BoolProperty: unknown FBoneNode bLockBone
BoolProperty: unknown FBoneNode bRemoveBone
BoolProperty: unknown FBoneNode bLockBone
BoolProperty: unknown FBoneNode bRemoveBone
BoolProperty: unknown FBoneNode bLockBone
BoolProperty: unknown FBoneNode bRemoveBone
BoolProperty: unknown FBoneNode bLockBone
BoolProperty: unknown FBoneNode bRemoveBone
BoolProperty: unknown FBoneNode bLockBone
BoolProperty: unknown FBoneNode bRemoveBone
BoolProperty: unknown FBoneNode bLockBone
BoolProperty: unknown FBoneNode bRemoveBone
BoolProperty: unknown FBoneNode bLockBone
BoolProperty: unknown FBoneNode bRemoveBone
BoolProperty: unknown FBoneNode bLockBone
BoolProperty: unknown FBoneNode bRemoveBone
BoolProperty: unknown FBoneNode bLockBone
BoolProperty: unknown FBoneNode bRemoveBone
BoolProperty: unknown FBoneNode bLockBone
BoolProperty: unknown FBoneNode bRemoveBone
BoolProperty: unknown FBoneNode bLockBone
BoolProperty: unknown FBoneNode bRemoveBone
BoolProperty: unknown FBoneNode bLockBone
BoolProperty: unknown FBoneNode bRemoveBone
BoolProperty: unknown FBoneNode bLockBone
BoolProperty: unknown FBoneNode bRemoveBone
BoolProperty: unknown FBoneNode bLockBone
BoolProperty: unknown FBoneNode bRemoveBone
BoolProperty: unknown FBoneNode bLockBone
BoolProperty: unknown FBoneNode bRemoveBone
BoolProperty: unknown FBoneNode bLockBone
BoolProperty: unknown FBoneNode bRemoveBone
Exporting objects ...
Exporting AnimSequence4 Dilo-Eat to C:/Users/Nez/Desktop/GitHub/Ark-Survival-Returns/.work/exports/actorx/PrimalEarth/Dinos/Dilo/Anims/Dilo-Eat.psa
Memory: allocated 583336 bytes in 486 blocks
Loading AnimSequence4 Dilo-Hurt-Big-Rit from package PrimalEarth/Dinos/Dilo/Anims/Dilo-Hurt-Big-Rit.uasset
Loading AnimSequence4 Dilo-Idle from package PrimalEarth/Dinos/Dilo/Anims/Dilo-Idle.uasset
FloatProperty: unknown FAnimNotifyEvent DisplayTime
BoolProperty: unknown FAnimNotifyEvent bIgnoreOnDediServer
Loading Skeleton Dilo_Skeleton from package PrimalEarth/Dinos/Dilo/Dilo_Skeleton.uasset
BoolProperty: unknown FBoneNode bLockBone
BoolProperty: unknown FBoneNode bRemoveBone
BoolProperty: unknown FBoneNode bLockBone
BoolProperty: unknown FBoneNode bRemoveBone
BoolProperty: unknown FBoneNode bLockBone
BoolProperty: unknown FBoneNode bRemoveBone
BoolProperty: unknown FBoneNode bLockBone
BoolProperty: unknown FBoneNode bRemoveBone
BoolProperty: unknown FBoneNode bLockBone
BoolProperty: unknown FBoneNode bRemoveBone
BoolProperty: unknown FBoneNode bLockBone
BoolProperty: unknown FBoneNode bRemoveBone
BoolProperty: unknown FBoneNode bLockBone
BoolProperty: unknown FBoneNode bRemoveBone
BoolProperty: unknown FBoneNode bLockBone
BoolProperty: unknown FBoneNode bRemoveBone
BoolProperty: unknown FBoneNode bLockBone
BoolProperty: unknown FBoneNode bRemoveBone
BoolProperty: unknown FBoneNode bLockBone
BoolProperty: unknown FBoneNode bRemoveBone
BoolProperty: unknown FBoneNode bLockBone
BoolProperty: unknown FBoneNode bRemoveBone
BoolProperty: unknown FBoneNode bLockBone
BoolProperty: unknown FBoneNode bRemoveBone
BoolProperty: unknown FBoneNode bLockBone
BoolProperty: unknown FBoneNode bRemoveBone
BoolProperty: unknown FBoneNode bLockBone
BoolProperty: unknown FBoneNode bRemoveBone
BoolProperty: unknown FBoneNode bLockBone
BoolProperty: unknown FBoneNode bRemoveBone
BoolProperty: unknown FBoneNode bLockBone
BoolProperty: unknown FBoneNode bRemoveBone
BoolProperty: unknown FBoneNode bLockBone
BoolProperty: unknown FBoneNode bRemoveBone
BoolProperty: unknown FBoneNode bLockBone
BoolProperty: unknown FBoneNode bRemoveBone
BoolProperty: unknown FBoneNode bLockBone
BoolProperty: unknown FBoneNode bRemoveBone
BoolProperty: unknown FBoneNode bLockBone
BoolProperty: unknown FBoneNode bRemoveBone
BoolProperty: unknown FBoneNode bLockBone
BoolProperty: unknown FBoneNode bRemoveBone
BoolProperty: unknown FBoneNode bLockBone
BoolProperty: unknown FBoneNode bRemoveBone
BoolProperty: unknown FBoneNode bLockBone
BoolProperty: unknown FBoneNode bRemoveBone
BoolProperty: unknown FBoneNode bLockBone
BoolProperty: unknown FBoneNode bRemoveBone
BoolProperty: unknown FBoneNode bLockBone
BoolProperty: unknown FBoneNode bRemoveBone
BoolProperty: unknown FBoneNode bLockBone
BoolProperty: unknown FBoneNode bRemoveBone
BoolProperty: unknown FBoneNode bLockBone
BoolProperty: unknown FBoneNode bRemoveBone
BoolProperty: unknown FBoneNode bLockBone
BoolProperty: unknown FBoneNode bRemoveBone
BoolProperty: unknown FBoneNode bLockBone
BoolProperty: unknown FBoneNode bRemoveBone
BoolProperty: unknown FBoneNode bLockBone
BoolProperty: unknown FBoneNode bRemoveBone
BoolProperty: unknown FBoneNode bLockBone
BoolProperty: unknown FBoneNode bRemoveBone
BoolProperty: unknown FBoneNode bLockBone
BoolProperty: unknown FBoneNode bRemoveBone
BoolProperty: unknown FBoneNode bLockBone
BoolProperty: unknown FBoneNode bRemoveBone
BoolProperty: unknown FBoneNode bLockBone
BoolProperty: unknown FBoneNode bRemoveBone
BoolProperty: unknown FBoneNode bLockBone
BoolProperty: unknown FBoneNode bRemoveBone
BoolProperty: unknown FBoneNode bLockBone
BoolProperty: unknown FBoneNode bRemoveBone
BoolProperty: unknown FBoneNode bLockBone
BoolProperty: unknown FBoneNode bRemoveBone
BoolProperty: unknown FBoneNode bLockBone
BoolProperty: unknown FBoneNode bRemoveBone
BoolProperty: unknown FBoneNode bLockBone
BoolProperty: unknown FBoneNode bRemoveBone
BoolProperty: unknown FBoneNode bLockBone
BoolProperty: unknown FBoneNode bRemoveBone
BoolProperty: unknown FBoneNode bLockBone
BoolProperty: unknown FBoneNode bRemoveBone
BoolProperty: unknown FBoneNode bLockBone
BoolProperty: unknown FBoneNode bRemoveBone
BoolProperty: unknown FBoneNode bLockBone
BoolProperty: unknown FBoneNode bRemoveBone
BoolProperty: unknown FBoneNode bLockBone
BoolProperty: unknown FBoneNode bRemoveBone
BoolProperty: unknown FBoneNode bLockBone
BoolProperty: unknown FBoneNode bRemoveBone
BoolProperty: unknown FBoneNode bLockBone
BoolProperty: unknown FBoneNode bRemoveBone
BoolProperty: unknown FBoneNode bLockBone
BoolProperty: unknown FBoneNode bRemoveBone
BoolProperty: unknown FBoneNode bLockBone
BoolProperty: unknown FBoneNode bRemoveBone
BoolProperty: unknown FBoneNode bLockBone
BoolProperty: unknown FBoneNode bRemoveBone
BoolProperty: unknown FBoneNode bLockBone
BoolProperty: unknown FBoneNode bRemoveBone
BoolProperty: unknown FBoneNode bLockBone
BoolProperty: unknown FBoneNode bRemoveBone
BoolProperty: unknown FBoneNode bLockBone
BoolProperty: unknown FBoneNode bRemoveBone
BoolProperty: unknown FBoneNode bLockBone
BoolProperty: unknown FBoneNode bRemoveBone
BoolProperty: unknown FBoneNode bLockBone
BoolProperty: unknown FBoneNode bRemoveBone
BoolProperty: unknown FBoneNode bLockBone
BoolProperty: unknown FBoneNode bRemoveBone
BoolProperty: unknown FBoneNode bLockBone
BoolProperty: unknown FBoneNode bRemoveBone
BoolProperty: unknown FBoneNode bLockBone
BoolProperty: unknown FBoneNode bRemoveBone
BoolProperty: unknown FBoneNode bLockBone
BoolProperty: unknown FBoneNode bRemoveBone
BoolProperty: unknown FBoneNode bLockBone
BoolProperty: unknown FBoneNode bRemoveBone
BoolProperty: unknown FBoneNode bLockBone
BoolProperty: unknown FBoneNode bRemoveBone
BoolProperty: unknown FBoneNode bLockBone
BoolProperty: unknown FBoneNode bRemoveBone
BoolProperty: unknown FBoneNode bLockBone
BoolProperty: unknown FBoneNode bRemoveBone
BoolProperty: unknown FBoneNode bLockBone
BoolProperty: unknown FBoneNode bRemoveBone
BoolProperty: unknown FBoneNode bLockBone
BoolProperty: unknown FBoneNode bRemoveBone
BoolProperty: unknown FBoneNode bLockBone
BoolProperty: unknown FBoneNode bRemoveBone
BoolProperty: unknown FBoneNode bLockBone
BoolProperty: unknown FBoneNode bRemoveBone
BoolProperty: unknown FBoneNode bLockBone
BoolProperty: unknown FBoneNode bRemoveBone
BoolProperty: unknown FBoneNode bLockBone
BoolProperty: unknown FBoneNode bRemoveBone
BoolProperty: unknown FBoneNode bLockBone
BoolProperty: unknown FBoneNode bRemoveBone
BoolProperty: unknown FBoneNode bLockBone
BoolProperty: unknown FBoneNode bRemoveBone
BoolProperty: unknown FBoneNode bLockBone
BoolProperty: unknown FBoneNode bRemoveBone
BoolProperty: unknown FBoneNode bLockBone
BoolProperty: unknown FBoneNode bRemoveBone
BoolProperty: unknown FBoneNode bLockBone
BoolProperty: unknown FBoneNode bRemoveBone
BoolProperty: unknown FBoneNode bLockBone
BoolProperty: unknown FBoneNode bRemoveBone
BoolProperty: unknown FBoneNode bLockBone
BoolProperty: unknown FBoneNode bRemoveBone
BoolProperty: unknown FBoneNode bLockBone
BoolProperty: unknown FBoneNode bRemoveBone
BoolProperty: unknown FBoneNode bLockBone
BoolProperty: unknown FBoneNode bRemoveBone
BoolProperty: unknown FBoneNode bLockBone
BoolProperty: unknown FBoneNode bRemoveBone
BoolProperty: unknown FBoneNode bLockBone
BoolProperty: unknown FBoneNode bRemoveBone
BoolProperty: unknown FBoneNode bLockBone
BoolProperty: unknown FBoneNode bRemoveBone
BoolProperty: unknown FBoneNode bLockBone
BoolProperty: unknown FBoneNode bRemoveBone
BoolProperty: unknown FBoneNode bLockBone
BoolProperty: unknown FBoneNode bRemoveBone
BoolProperty: unknown FBoneNode bLockBone
BoolProperty: unknown FBoneNode bRemoveBone
BoolProperty: unknown FBoneNode bLockBone
BoolProperty: unknown FBoneNode bRemoveBone
BoolProperty: unknown FBoneNode bLockBone
BoolProperty: unknown FBoneNode bRemoveBone
BoolProperty: unknown FBoneNode bLockBone
BoolProperty: unknown FBoneNode bRemoveBone
BoolProperty: unknown FBoneNode bLockBone
BoolProperty: unknown FBoneNode bRemoveBone
BoolProperty: unknown FBoneNode bLockBone
BoolProperty: unknown FBoneNode bRemoveBone
BoolProperty: unknown FBoneNode bLockBone
BoolProperty: unknown FBoneNode bRemoveBone
BoolProperty: unknown FBoneNode bLockBone
BoolProperty: unknown FBoneNode bRemoveBone
BoolProperty: unknown FBoneNode bLockBone
BoolProperty: unknown FBoneNode bRemoveBone
BoolProperty: unknown FBoneNode bLockBone
BoolProperty: unknown FBoneNode bRemoveBone
BoolProperty: unknown FBoneNode bLockBone
BoolProperty: unknown FBoneNode bRemoveBone
BoolProperty: unknown FBoneNode bLockBone
BoolProperty: unknown FBoneNode bRemoveBone
BoolProperty: unknown FBoneNode bLockBone
BoolProperty: unknown FBoneNode bRemoveBone
BoolProperty: unknown FBoneNode bLockBone
BoolProperty: unknown FBoneNode bRemoveBone
BoolProperty: unknown FBoneNode bLockBone
BoolProperty: unknown FBoneNode bRemoveBone
BoolProperty: unknown FBoneNode bLockBone
BoolProperty: unknown FBoneNode bRemoveBone
BoolProperty: unknown FBoneNode bLockBone
BoolProperty: unknown FBoneNode bRemoveBone
BoolProperty: unknown FBoneNode bLockBone
BoolProperty: unknown FBoneNode bRemoveBone
BoolProperty: unknown FBoneNode bLockBone
BoolProperty: unknown FBoneNode bRemoveBone
BoolProperty: unknown FBoneNode bLockBone
BoolProperty: unknown FBoneNode bRemoveBone
BoolProperty: unknown FBoneNode bLockBone
BoolProperty: unknown FBoneNode bRemoveBone
BoolProperty: unknown FBoneNode bLockBone
BoolProperty: unknown FBoneNode bRemoveBone
BoolProperty: unknown FBoneNode bLockBone
BoolProperty: unknown FBoneNode bRemoveBone
Exporting objects ...
Exporting AnimSequence4 Dilo-Hurt-Big-Rit to C:/Users/Nez/Desktop/GitHub/Ark-Survival-Returns/.work/exports/actorx/PrimalEarth/Dinos/Dilo/Anims/Dilo-Hurt-Big-Rit.psa
Memory: allocated 595624 bytes in 489 blocks
Loading AnimSequence4 Dilo-Idle from package PrimalEarth/Dinos/Dilo/Anims/Dilo-Idle.uasset
FloatProperty: unknown FAnimNotifyEvent DisplayTime
BoolProperty: unknown FAnimNotifyEvent bIgnoreOnDediServer
Loading Skeleton Dilo_Skeleton from package PrimalEarth/Dinos/Dilo/Dilo_Skeleton.uasset
BoolProperty: unknown FBoneNode bLockBone
BoolProperty: unknown FBoneNode bRemoveBone
BoolProperty: unknown FBoneNode bLockBone
BoolProperty: unknown FBoneNode bRemoveBone
BoolProperty: unknown FBoneNode bLockBone
BoolProperty: unknown FBoneNode bRemoveBone
BoolProperty: unknown FBoneNode bLockBone
BoolProperty: unknown FBoneNode bRemoveBone
BoolProperty: unknown FBoneNode bLockBone
BoolProperty: unknown FBoneNode bRemoveBone
BoolProperty: unknown FBoneNode bLockBone
BoolProperty: unknown FBoneNode bRemoveBone
BoolProperty: unknown FBoneNode bLockBone
BoolProperty: unknown FBoneNode bRemoveBone
BoolProperty: unknown FBoneNode bLockBone
BoolProperty: unknown FBoneNode bRemoveBone
BoolProperty: unknown FBoneNode bLockBone
BoolProperty: unknown FBoneNode bRemoveBone
BoolProperty: unknown FBoneNode bLockBone
BoolProperty: unknown FBoneNode bRemoveBone
BoolProperty: unknown FBoneNode bLockBone
BoolProperty: unknown FBoneNode bRemoveBone
BoolProperty: unknown FBoneNode bLockBone
BoolProperty: unknown FBoneNode bRemoveBone
BoolProperty: unknown FBoneNode bLockBone
BoolProperty: unknown FBoneNode bRemoveBone
BoolProperty: unknown FBoneNode bLockBone
BoolProperty: unknown FBoneNode bRemoveBone
BoolProperty: unknown FBoneNode bLockBone
BoolProperty: unknown FBoneNode bRemoveBone
BoolProperty: unknown FBoneNode bLockBone
BoolProperty: unknown FBoneNode bRemoveBone
BoolProperty: unknown FBoneNode bLockBone
BoolProperty: unknown FBoneNode bRemoveBone
BoolProperty: unknown FBoneNode bLockBone
BoolProperty: unknown FBoneNode bRemoveBone
BoolProperty: unknown FBoneNode bLockBone
BoolProperty: unknown FBoneNode bRemoveBone
BoolProperty: unknown FBoneNode bLockBone
BoolProperty: unknown FBoneNode bRemoveBone
BoolProperty: unknown FBoneNode bLockBone
BoolProperty: unknown FBoneNode bRemoveBone
BoolProperty: unknown FBoneNode bLockBone
BoolProperty: unknown FBoneNode bRemoveBone
BoolProperty: unknown FBoneNode bLockBone
BoolProperty: unknown FBoneNode bRemoveBone
BoolProperty: unknown FBoneNode bLockBone
BoolProperty: unknown FBoneNode bRemoveBone
BoolProperty: unknown FBoneNode bLockBone
BoolProperty: unknown FBoneNode bRemoveBone
BoolProperty: unknown FBoneNode bLockBone
BoolProperty: unknown FBoneNode bRemoveBone
BoolProperty: unknown FBoneNode bLockBone
BoolProperty: unknown FBoneNode bRemoveBone
BoolProperty: unknown FBoneNode bLockBone
BoolProperty: unknown FBoneNode bRemoveBone
BoolProperty: unknown FBoneNode bLockBone
BoolProperty: unknown FBoneNode bRemoveBone
BoolProperty: unknown FBoneNode bLockBone
BoolProperty: unknown FBoneNode bRemoveBone
BoolProperty: unknown FBoneNode bLockBone
BoolProperty: unknown FBoneNode bRemoveBone
BoolProperty: unknown FBoneNode bLockBone
BoolProperty: unknown FBoneNode bRemoveBone
BoolProperty: unknown FBoneNode bLockBone
BoolProperty: unknown FBoneNode bRemoveBone
BoolProperty: unknown FBoneNode bLockBone
BoolProperty: unknown FBoneNode bRemoveBone
BoolProperty: unknown FBoneNode bLockBone
BoolProperty: unknown FBoneNode bRemoveBone
BoolProperty: unknown FBoneNode bLockBone
BoolProperty: unknown FBoneNode bRemoveBone
BoolProperty: unknown FBoneNode bLockBone
BoolProperty: unknown FBoneNode bRemoveBone
BoolProperty: unknown FBoneNode bLockBone
BoolProperty: unknown FBoneNode bRemoveBone
BoolProperty: unknown FBoneNode bLockBone
BoolProperty: unknown FBoneNode bRemoveBone
BoolProperty: unknown FBoneNode bLockBone
BoolProperty: unknown FBoneNode bRemoveBone
BoolProperty: unknown FBoneNode bLockBone
BoolProperty: unknown FBoneNode bRemoveBone
BoolProperty: unknown FBoneNode bLockBone
BoolProperty: unknown FBoneNode bRemoveBone
BoolProperty: unknown FBoneNode bLockBone
BoolProperty: unknown FBoneNode bRemoveBone
BoolProperty: unknown FBoneNode bLockBone
BoolProperty: unknown FBoneNode bRemoveBone
BoolProperty: unknown FBoneNode bLockBone
BoolProperty: unknown FBoneNode bRemoveBone
BoolProperty: unknown FBoneNode bLockBone
BoolProperty: unknown FBoneNode bRemoveBone
BoolProperty: unknown FBoneNode bLockBone
BoolProperty: unknown FBoneNode bRemoveBone
BoolProperty: unknown FBoneNode bLockBone
BoolProperty: unknown FBoneNode bRemoveBone
BoolProperty: unknown FBoneNode bLockBone
BoolProperty: unknown FBoneNode bRemoveBone
BoolProperty: unknown FBoneNode bLockBone
BoolProperty: unknown FBoneNode bRemoveBone
BoolProperty: unknown FBoneNode bLockBone
BoolProperty: unknown FBoneNode bRemoveBone
BoolProperty: unknown FBoneNode bLockBone
BoolProperty: unknown FBoneNode bRemoveBone
BoolProperty: unknown FBoneNode bLockBone
BoolProperty: unknown FBoneNode bRemoveBone
BoolProperty: unknown FBoneNode bLockBone
BoolProperty: unknown FBoneNode bRemoveBone
BoolProperty: unknown FBoneNode bLockBone
BoolProperty: unknown FBoneNode bRemoveBone
BoolProperty: unknown FBoneNode bLockBone
BoolProperty: unknown FBoneNode bRemoveBone
BoolProperty: unknown FBoneNode bLockBone
BoolProperty: unknown FBoneNode bRemoveBone
BoolProperty: unknown FBoneNode bLockBone
BoolProperty: unknown FBoneNode bRemoveBone
BoolProperty: unknown FBoneNode bLockBone
BoolProperty: unknown FBoneNode bRemoveBone
BoolProperty: unknown FBoneNode bLockBone
BoolProperty: unknown FBoneNode bRemoveBone
BoolProperty: unknown FBoneNode bLockBone
BoolProperty: unknown FBoneNode bRemoveBone
BoolProperty: unknown FBoneNode bLockBone
BoolProperty: unknown FBoneNode bRemoveBone
BoolProperty: unknown FBoneNode bLockBone
BoolProperty: unknown FBoneNode bRemoveBone
BoolProperty: unknown FBoneNode bLockBone
BoolProperty: unknown FBoneNode bRemoveBone
BoolProperty: unknown FBoneNode bLockBone
BoolProperty: unknown FBoneNode bRemoveBone
BoolProperty: unknown FBoneNode bLockBone
BoolProperty: unknown FBoneNode bRemoveBone
BoolProperty: unknown FBoneNode bLockBone
BoolProperty: unknown FBoneNode bRemoveBone
BoolProperty: unknown FBoneNode bLockBone
BoolProperty: unknown FBoneNode bRemoveBone
BoolProperty: unknown FBoneNode bLockBone
BoolProperty: unknown FBoneNode bRemoveBone
BoolProperty: unknown FBoneNode bLockBone
BoolProperty: unknown FBoneNode bRemoveBone
BoolProperty: unknown FBoneNode bLockBone
BoolProperty: unknown FBoneNode bRemoveBone
BoolProperty: unknown FBoneNode bLockBone
BoolProperty: unknown FBoneNode bRemoveBone
BoolProperty: unknown FBoneNode bLockBone
BoolProperty: unknown FBoneNode bRemoveBone
BoolProperty: unknown FBoneNode bLockBone
BoolProperty: unknown FBoneNode bRemoveBone
BoolProperty: unknown FBoneNode bLockBone
BoolProperty: unknown FBoneNode bRemoveBone
BoolProperty: unknown FBoneNode bLockBone
BoolProperty: unknown FBoneNode bRemoveBone
BoolProperty: unknown FBoneNode bLockBone
BoolProperty: unknown FBoneNode bRemoveBone
BoolProperty: unknown FBoneNode bLockBone
BoolProperty: unknown FBoneNode bRemoveBone
BoolProperty: unknown FBoneNode bLockBone
BoolProperty: unknown FBoneNode bRemoveBone
BoolProperty: unknown FBoneNode bLockBone
BoolProperty: unknown FBoneNode bRemoveBone
BoolProperty: unknown FBoneNode bLockBone
BoolProperty: unknown FBoneNode bRemoveBone
BoolProperty: unknown FBoneNode bLockBone
BoolProperty: unknown FBoneNode bRemoveBone
BoolProperty: unknown FBoneNode bLockBone
BoolProperty: unknown FBoneNode bRemoveBone
BoolProperty: unknown FBoneNode bLockBone
BoolProperty: unknown FBoneNode bRemoveBone
BoolProperty: unknown FBoneNode bLockBone
BoolProperty: unknown FBoneNode bRemoveBone
BoolProperty: unknown FBoneNode bLockBone
BoolProperty: unknown FBoneNode bRemoveBone
BoolProperty: unknown FBoneNode bLockBone
BoolProperty: unknown FBoneNode bRemoveBone
BoolProperty: unknown FBoneNode bLockBone
BoolProperty: unknown FBoneNode bRemoveBone
BoolProperty: unknown FBoneNode bLockBone
BoolProperty: unknown FBoneNode bRemoveBone
BoolProperty: unknown FBoneNode bLockBone
BoolProperty: unknown FBoneNode bRemoveBone
BoolProperty: unknown FBoneNode bLockBone
BoolProperty: unknown FBoneNode bRemoveBone
BoolProperty: unknown FBoneNode bLockBone
BoolProperty: unknown FBoneNode bRemoveBone
BoolProperty: unknown FBoneNode bLockBone
BoolProperty: unknown FBoneNode bRemoveBone
BoolProperty: unknown FBoneNode bLockBone
BoolProperty: unknown FBoneNode bRemoveBone
BoolProperty: unknown FBoneNode bLockBone
BoolProperty: unknown FBoneNode bRemoveBone
BoolProperty: unknown FBoneNode bLockBone
BoolProperty: unknown FBoneNode bRemoveBone
BoolProperty: unknown FBoneNode bLockBone
BoolProperty: unknown FBoneNode bRemoveBone
BoolProperty: unknown FBoneNode bLockBone
BoolProperty: unknown FBoneNode bRemoveBone
BoolProperty: unknown FBoneNode bLockBone
BoolProperty: unknown FBoneNode bRemoveBone
BoolProperty: unknown FBoneNode bLockBone
BoolProperty: unknown FBoneNode bRemoveBone
BoolProperty: unknown FBoneNode bLockBone
BoolProperty: unknown FBoneNode bRemoveBone
BoolProperty: unknown FBoneNode bLockBone
BoolProperty: unknown FBoneNode bRemoveBone
BoolProperty: unknown FBoneNode bLockBone
BoolProperty: unknown FBoneNode bRemoveBone
BoolProperty: unknown FBoneNode bLockBone
BoolProperty: unknown FBoneNode bRemoveBone
BoolProperty: unknown FBoneNode bLockBone
BoolProperty: unknown FBoneNode bRemoveBone
Exporting objects ...
Loading AnimSequence4 Dilo-Lay-Egg from package PrimalEarth/Dinos/Dilo/Anims/Dilo-Lay-Egg.uasset
FloatProperty: unknown FAnimNotifyEvent DisplayTime
BoolProperty: unknown FAnimNotifyEvent bIgnoreOnDediServer
Loading Skeleton Dilo_Skeleton from package PrimalEarth/Dinos/Dilo/Dilo_Skeleton.uasset
BoolProperty: unknown FBoneNode bLockBone
BoolProperty: unknown FBoneNode bRemoveBone
BoolProperty: unknown FBoneNode bLockBone
BoolProperty: unknown FBoneNode bRemoveBone
BoolProperty: unknown FBoneNode bLockBone
BoolProperty: unknown FBoneNode bRemoveBone
BoolProperty: unknown FBoneNode bLockBone
BoolProperty: unknown FBoneNode bRemoveBone
BoolProperty: unknown FBoneNode bLockBone
BoolProperty: unknown FBoneNode bRemoveBone
BoolProperty: unknown FBoneNode bLockBone
BoolProperty: unknown FBoneNode bRemoveBone
BoolProperty: unknown FBoneNode bLockBone
BoolProperty: unknown FBoneNode bRemoveBone
BoolProperty: unknown FBoneNode bLockBone
BoolProperty: unknown FBoneNode bRemoveBone
BoolProperty: unknown FBoneNode bLockBone
BoolProperty: unknown FBoneNode bRemoveBone
BoolProperty: unknown FBoneNode bLockBone
BoolProperty: unknown FBoneNode bRemoveBone
BoolProperty: unknown FBoneNode bLockBone
BoolProperty: unknown FBoneNode bRemoveBone
BoolProperty: unknown FBoneNode bLockBone
BoolProperty: unknown FBoneNode bRemoveBone
BoolProperty: unknown FBoneNode bLockBone
BoolProperty: unknown FBoneNode bRemoveBone
BoolProperty: unknown FBoneNode bLockBone
BoolProperty: unknown FBoneNode bRemoveBone
BoolProperty: unknown FBoneNode bLockBone
BoolProperty: unknown FBoneNode bRemoveBone
BoolProperty: unknown FBoneNode bLockBone
BoolProperty: unknown FBoneNode bRemoveBone
BoolProperty: unknown FBoneNode bLockBone
BoolProperty: unknown FBoneNode bRemoveBone
BoolProperty: unknown FBoneNode bLockBone
BoolProperty: unknown FBoneNode bRemoveBone
BoolProperty: unknown FBoneNode bLockBone
BoolProperty: unknown FBoneNode bRemoveBone
BoolProperty: unknown FBoneNode bLockBone
BoolProperty: unknown FBoneNode bRemoveBone
BoolProperty: unknown FBoneNode bLockBone
BoolProperty: unknown FBoneNode bRemoveBone
BoolProperty: unknown FBoneNode bLockBone
BoolProperty: unknown FBoneNode bRemoveBone
BoolProperty: unknown FBoneNode bLockBone
BoolProperty: unknown FBoneNode bRemoveBone
BoolProperty: unknown FBoneNode bLockBone
BoolProperty: unknown FBoneNode bRemoveBone
BoolProperty: unknown FBoneNode bLockBone
BoolProperty: unknown FBoneNode bRemoveBone
BoolProperty: unknown FBoneNode bLockBone
BoolProperty: unknown FBoneNode bRemoveBone
BoolProperty: unknown FBoneNode bLockBone
BoolProperty: unknown FBoneNode bRemoveBone
BoolProperty: unknown FBoneNode bLockBone
BoolProperty: unknown FBoneNode bRemoveBone
BoolProperty: unknown FBoneNode bLockBone
BoolProperty: unknown FBoneNode bRemoveBone
BoolProperty: unknown FBoneNode bLockBone
BoolProperty: unknown FBoneNode bRemoveBone
BoolProperty: unknown FBoneNode bLockBone
BoolProperty: unknown FBoneNode bRemoveBone
BoolProperty: unknown FBoneNode bLockBone
BoolProperty: unknown FBoneNode bRemoveBone
BoolProperty: unknown FBoneNode bLockBone
BoolProperty: unknown FBoneNode bRemoveBone
BoolProperty: unknown FBoneNode bLockBone
BoolProperty: unknown FBoneNode bRemoveBone
BoolProperty: unknown FBoneNode bLockBone
BoolProperty: unknown FBoneNode bRemoveBone
BoolProperty: unknown FBoneNode bLockBone
BoolProperty: unknown FBoneNode bRemoveBone
BoolProperty: unknown FBoneNode bLockBone
BoolProperty: unknown FBoneNode bRemoveBone
BoolProperty: unknown FBoneNode bLockBone
BoolProperty: unknown FBoneNode bRemoveBone
BoolProperty: unknown FBoneNode bLockBone
BoolProperty: unknown FBoneNode bRemoveBone
BoolProperty: unknown FBoneNode bLockBone
BoolProperty: unknown FBoneNode bRemoveBone
BoolProperty: unknown FBoneNode bLockBone
BoolProperty: unknown FBoneNode bRemoveBone
BoolProperty: unknown FBoneNode bLockBone
BoolProperty: unknown FBoneNode bRemoveBone
BoolProperty: unknown FBoneNode bLockBone
BoolProperty: unknown FBoneNode bRemoveBone
BoolProperty: unknown FBoneNode bLockBone
BoolProperty: unknown FBoneNode bRemoveBone
BoolProperty: unknown FBoneNode bLockBone
BoolProperty: unknown FBoneNode bRemoveBone
BoolProperty: unknown FBoneNode bLockBone
BoolProperty: unknown FBoneNode bRemoveBone
BoolProperty: unknown FBoneNode bLockBone
BoolProperty: unknown FBoneNode bRemoveBone
BoolProperty: unknown FBoneNode bLockBone
BoolProperty: unknown FBoneNode bRemoveBone
BoolProperty: unknown FBoneNode bLockBone
BoolProperty: unknown FBoneNode bRemoveBone
BoolProperty: unknown FBoneNode bLockBone
BoolProperty: unknown FBoneNode bRemoveBone
BoolProperty: unknown FBoneNode bLockBone
BoolProperty: unknown FBoneNode bRemoveBone
BoolProperty: unknown FBoneNode bLockBone
BoolProperty: unknown FBoneNode bRemoveBone
BoolProperty: unknown FBoneNode bLockBone
BoolProperty: unknown FBoneNode bRemoveBone
BoolProperty: unknown FBoneNode bLockBone
BoolProperty: unknown FBoneNode bRemoveBone
BoolProperty: unknown FBoneNode bLockBone
BoolProperty: unknown FBoneNode bRemoveBone
BoolProperty: unknown FBoneNode bLockBone
BoolProperty: unknown FBoneNode bRemoveBone
BoolProperty: unknown FBoneNode bLockBone
BoolProperty: unknown FBoneNode bRemoveBone
BoolProperty: unknown FBoneNode bLockBone
BoolProperty: unknown FBoneNode bRemoveBone
BoolProperty: unknown FBoneNode bLockBone
BoolProperty: unknown FBoneNode bRemoveBone
BoolProperty: unknown FBoneNode bLockBone
BoolProperty: unknown FBoneNode bRemoveBone
BoolProperty: unknown FBoneNode bLockBone
BoolProperty: unknown FBoneNode bRemoveBone
BoolProperty: unknown FBoneNode bLockBone
BoolProperty: unknown FBoneNode bRemoveBone
BoolProperty: unknown FBoneNode bLockBone
BoolProperty: unknown FBoneNode bRemoveBone
BoolProperty: unknown FBoneNode bLockBone
BoolProperty: unknown FBoneNode bRemoveBone
BoolProperty: unknown FBoneNode bLockBone
BoolProperty: unknown FBoneNode bRemoveBone
BoolProperty: unknown FBoneNode bLockBone
BoolProperty: unknown FBoneNode bRemoveBone
BoolProperty: unknown FBoneNode bLockBone
BoolProperty: unknown FBoneNode bRemoveBone
BoolProperty: unknown FBoneNode bLockBone
BoolProperty: unknown FBoneNode bRemoveBone
BoolProperty: unknown FBoneNode bLockBone
BoolProperty: unknown FBoneNode bRemoveBone
BoolProperty: unknown FBoneNode bLockBone
BoolProperty: unknown FBoneNode bRemoveBone
BoolProperty: unknown FBoneNode bLockBone
BoolProperty: unknown FBoneNode bRemoveBone
BoolProperty: unknown FBoneNode bLockBone
BoolProperty: unknown FBoneNode bRemoveBone
BoolProperty: unknown FBoneNode bLockBone
BoolProperty: unknown FBoneNode bRemoveBone
BoolProperty: unknown FBoneNode bLockBone
BoolProperty: unknown FBoneNode bRemoveBone
BoolProperty: unknown FBoneNode bLockBone
BoolProperty: unknown FBoneNode bRemoveBone
BoolProperty: unknown FBoneNode bLockBone
BoolProperty: unknown FBoneNode bRemoveBone
BoolProperty: unknown FBoneNode bLockBone
BoolProperty: unknown FBoneNode bRemoveBone
BoolProperty: unknown FBoneNode bLockBone
BoolProperty: unknown FBoneNode bRemoveBone
BoolProperty: unknown FBoneNode bLockBone
BoolProperty: unknown FBoneNode bRemoveBone
BoolProperty: unknown FBoneNode bLockBone
BoolProperty: unknown FBoneNode bRemoveBone
BoolProperty: unknown FBoneNode bLockBone
BoolProperty: unknown FBoneNode bRemoveBone
BoolProperty: unknown FBoneNode bLockBone
BoolProperty: unknown FBoneNode bRemoveBone
BoolProperty: unknown FBoneNode bLockBone
BoolProperty: unknown FBoneNode bRemoveBone
BoolProperty: unknown FBoneNode bLockBone
BoolProperty: unknown FBoneNode bRemoveBone
BoolProperty: unknown FBoneNode bLockBone
BoolProperty: unknown FBoneNode bRemoveBone
BoolProperty: unknown FBoneNode bLockBone
BoolProperty: unknown FBoneNode bRemoveBone
BoolProperty: unknown FBoneNode bLockBone
BoolProperty: unknown FBoneNode bRemoveBone
BoolProperty: unknown FBoneNode bLockBone
BoolProperty: unknown FBoneNode bRemoveBone
BoolProperty: unknown FBoneNode bLockBone
BoolProperty: unknown FBoneNode bRemoveBone
BoolProperty: unknown FBoneNode bLockBone
BoolProperty: unknown FBoneNode bRemoveBone
BoolProperty: unknown FBoneNode bLockBone
BoolProperty: unknown FBoneNode bRemoveBone
BoolProperty: unknown FBoneNode bLockBone
BoolProperty: unknown FBoneNode bRemoveBone
BoolProperty: unknown FBoneNode bLockBone
BoolProperty: unknown FBoneNode bRemoveBone
BoolProperty: unknown FBoneNode bLockBone
BoolProperty: unknown FBoneNode bRemoveBone
BoolProperty: unknown FBoneNode bLockBone
BoolProperty: unknown FBoneNode bRemoveBone
BoolProperty: unknown FBoneNode bLockBone
BoolProperty: unknown FBoneNode bRemoveBone
BoolProperty: unknown FBoneNode bLockBone
BoolProperty: unknown FBoneNode bRemoveBone
BoolProperty: unknown FBoneNode bLockBone
BoolProperty: unknown FBoneNode bRemoveBone
BoolProperty: unknown FBoneNode bLockBone
BoolProperty: unknown FBoneNode bRemoveBone
BoolProperty: unknown FBoneNode bLockBone
BoolProperty: unknown FBoneNode bRemoveBone
BoolProperty: unknown FBoneNode bLockBone
BoolProperty: unknown FBoneNode bRemoveBone
BoolProperty: unknown FBoneNode bLockBone
BoolProperty: unknown FBoneNode bRemoveBone
BoolProperty: unknown FBoneNode bLockBone
BoolProperty: unknown FBoneNode bRemoveBone
BoolProperty: unknown FBoneNode bLockBone
BoolProperty: unknown FBoneNode bRemoveBone
BoolProperty: unknown FBoneNode bLockBone
BoolProperty: unknown FBoneNode bRemoveBone
Exporting objects ...
Exporting AnimSequence4 Dilo-Lay-Egg to C:/Users/Nez/Desktop/GitHub/Ark-Survival-Returns/.work/exports/actorx/PrimalEarth/Dinos/Dilo/Anims/Dilo-Lay-Egg.psa
Memory: allocated 607912 bytes in 492 blocks
Loading AnimSequence4 Dilo-Move-Fwd from package PrimalEarth/Dinos/Dilo/Anims/Dilo-Move-Fwd.uasset
FloatProperty: unknown FAnimNotifyEvent DisplayTime
BoolProperty: unknown FAnimNotifyEvent bIgnoreOnDediServer
FloatProperty: unknown FAnimNotifyEvent DisplayTime
BoolProperty: unknown FAnimNotifyEvent bIgnoreOnDediServer
FloatProperty: unknown FAnimNotifyEvent DisplayTime
BoolProperty: unknown FAnimNotifyEvent bIgnoreOnDediServer
Loading Skeleton Dilo_Skeleton from package PrimalEarth/Dinos/Dilo/Dilo_Skeleton.uasset
BoolProperty: unknown FBoneNode bLockBone
BoolProperty: unknown FBoneNode bRemoveBone
BoolProperty: unknown FBoneNode bLockBone
BoolProperty: unknown FBoneNode bRemoveBone
BoolProperty: unknown FBoneNode bLockBone
BoolProperty: unknown FBoneNode bRemoveBone
BoolProperty: unknown FBoneNode bLockBone
BoolProperty: unknown FBoneNode bRemoveBone
BoolProperty: unknown FBoneNode bLockBone
BoolProperty: unknown FBoneNode bRemoveBone
BoolProperty: unknown FBoneNode bLockBone
BoolProperty: unknown FBoneNode bRemoveBone
BoolProperty: unknown FBoneNode bLockBone
BoolProperty: unknown FBoneNode bRemoveBone
BoolProperty: unknown FBoneNode bLockBone
BoolProperty: unknown FBoneNode bRemoveBone
BoolProperty: unknown FBoneNode bLockBone
BoolProperty: unknown FBoneNode bRemoveBone
BoolProperty: unknown FBoneNode bLockBone
BoolProperty: unknown FBoneNode bRemoveBone
BoolProperty: unknown FBoneNode bLockBone
BoolProperty: unknown FBoneNode bRemoveBone
BoolProperty: unknown FBoneNode bLockBone
BoolProperty: unknown FBoneNode bRemoveBone
BoolProperty: unknown FBoneNode bLockBone
BoolProperty: unknown FBoneNode bRemoveBone
BoolProperty: unknown FBoneNode bLockBone
BoolProperty: unknown FBoneNode bRemoveBone
BoolProperty: unknown FBoneNode bLockBone
BoolProperty: unknown FBoneNode bRemoveBone
BoolProperty: unknown FBoneNode bLockBone
BoolProperty: unknown FBoneNode bRemoveBone
BoolProperty: unknown FBoneNode bLockBone
BoolProperty: unknown FBoneNode bRemoveBone
BoolProperty: unknown FBoneNode bLockBone
BoolProperty: unknown FBoneNode bRemoveBone
BoolProperty: unknown FBoneNode bLockBone
BoolProperty: unknown FBoneNode bRemoveBone
BoolProperty: unknown FBoneNode bLockBone
BoolProperty: unknown FBoneNode bRemoveBone
BoolProperty: unknown FBoneNode bLockBone
BoolProperty: unknown FBoneNode bRemoveBone
BoolProperty: unknown FBoneNode bLockBone
BoolProperty: unknown FBoneNode bRemoveBone
BoolProperty: unknown FBoneNode bLockBone
BoolProperty: unknown FBoneNode bRemoveBone
BoolProperty: unknown FBoneNode bLockBone
BoolProperty: unknown FBoneNode bRemoveBone
BoolProperty: unknown FBoneNode bLockBone
BoolProperty: unknown FBoneNode bRemoveBone
BoolProperty: unknown FBoneNode bLockBone
BoolProperty: unknown FBoneNode bRemoveBone
BoolProperty: unknown FBoneNode bLockBone
BoolProperty: unknown FBoneNode bRemoveBone
BoolProperty: unknown FBoneNode bLockBone
BoolProperty: unknown FBoneNode bRemoveBone
BoolProperty: unknown FBoneNode bLockBone
BoolProperty: unknown FBoneNode bRemoveBone
BoolProperty: unknown FBoneNode bLockBone
BoolProperty: unknown FBoneNode bRemoveBone
BoolProperty: unknown FBoneNode bLockBone
BoolProperty: unknown FBoneNode bRemoveBone
BoolProperty: unknown FBoneNode bLockBone
BoolProperty: unknown FBoneNode bRemoveBone
BoolProperty: unknown FBoneNode bLockBone
BoolProperty: unknown FBoneNode bRemoveBone
BoolProperty: unknown FBoneNode bLockBone
BoolProperty: unknown FBoneNode bRemoveBone
BoolProperty: unknown FBoneNode bLockBone
BoolProperty: unknown FBoneNode bRemoveBone
BoolProperty: unknown FBoneNode bLockBone
BoolProperty: unknown FBoneNode bRemoveBone
BoolProperty: unknown FBoneNode bLockBone
BoolProperty: unknown FBoneNode bRemoveBone
BoolProperty: unknown FBoneNode bLockBone
BoolProperty: unknown FBoneNode bRemoveBone
BoolProperty: unknown FBoneNode bLockBone
BoolProperty: unknown FBoneNode bRemoveBone
BoolProperty: unknown FBoneNode bLockBone
BoolProperty: unknown FBoneNode bRemoveBone
BoolProperty: unknown FBoneNode bLockBone
BoolProperty: unknown FBoneNode bRemoveBone
BoolProperty: unknown FBoneNode bLockBone
BoolProperty: unknown FBoneNode bRemoveBone
BoolProperty: unknown FBoneNode bLockBone
BoolProperty: unknown FBoneNode bRemoveBone
BoolProperty: unknown FBoneNode bLockBone
BoolProperty: unknown FBoneNode bRemoveBone
BoolProperty: unknown FBoneNode bLockBone
BoolProperty: unknown FBoneNode bRemoveBone
BoolProperty: unknown FBoneNode bLockBone
BoolProperty: unknown FBoneNode bRemoveBone
BoolProperty: unknown FBoneNode bLockBone
BoolProperty: unknown FBoneNode bRemoveBone
BoolProperty: unknown FBoneNode bLockBone
BoolProperty: unknown FBoneNode bRemoveBone
BoolProperty: unknown FBoneNode bLockBone
BoolProperty: unknown FBoneNode bRemoveBone
BoolProperty: unknown FBoneNode bLockBone
BoolProperty: unknown FBoneNode bRemoveBone
BoolProperty: unknown FBoneNode bLockBone
BoolProperty: unknown FBoneNode bRemoveBone
BoolProperty: unknown FBoneNode bLockBone
BoolProperty: unknown FBoneNode bRemoveBone
BoolProperty: unknown FBoneNode bLockBone
BoolProperty: unknown FBoneNode bRemoveBone
BoolProperty: unknown FBoneNode bLockBone
BoolProperty: unknown FBoneNode bRemoveBone
BoolProperty: unknown FBoneNode bLockBone
BoolProperty: unknown FBoneNode bRemoveBone
BoolProperty: unknown FBoneNode bLockBone
BoolProperty: unknown FBoneNode bRemoveBone
BoolProperty: unknown FBoneNode bLockBone
BoolProperty: unknown FBoneNode bRemoveBone
BoolProperty: unknown FBoneNode bLockBone
BoolProperty: unknown FBoneNode bRemoveBone
BoolProperty: unknown FBoneNode bLockBone
BoolProperty: unknown FBoneNode bRemoveBone
BoolProperty: unknown FBoneNode bLockBone
BoolProperty: unknown FBoneNode bRemoveBone
BoolProperty: unknown FBoneNode bLockBone
BoolProperty: unknown FBoneNode bRemoveBone
BoolProperty: unknown FBoneNode bLockBone
BoolProperty: unknown FBoneNode bRemoveBone
BoolProperty: unknown FBoneNode bLockBone
BoolProperty: unknown FBoneNode bRemoveBone
BoolProperty: unknown FBoneNode bLockBone
BoolProperty: unknown FBoneNode bRemoveBone
BoolProperty: unknown FBoneNode bLockBone
BoolProperty: unknown FBoneNode bRemoveBone
BoolProperty: unknown FBoneNode bLockBone
BoolProperty: unknown FBoneNode bRemoveBone
BoolProperty: unknown FBoneNode bLockBone
BoolProperty: unknown FBoneNode bRemoveBone
BoolProperty: unknown FBoneNode bLockBone
BoolProperty: unknown FBoneNode bRemoveBone
BoolProperty: unknown FBoneNode bLockBone
BoolProperty: unknown FBoneNode bRemoveBone
BoolProperty: unknown FBoneNode bLockBone
BoolProperty: unknown FBoneNode bRemoveBone
BoolProperty: unknown FBoneNode bLockBone
BoolProperty: unknown FBoneNode bRemoveBone
BoolProperty: unknown FBoneNode bLockBone
BoolProperty: unknown FBoneNode bRemoveBone
BoolProperty: unknown FBoneNode bLockBone
BoolProperty: unknown FBoneNode bRemoveBone
BoolProperty: unknown FBoneNode bLockBone
BoolProperty: unknown FBoneNode bRemoveBone
BoolProperty: unknown FBoneNode bLockBone
BoolProperty: unknown FBoneNode bRemoveBone
BoolProperty: unknown FBoneNode bLockBone
BoolProperty: unknown FBoneNode bRemoveBone
BoolProperty: unknown FBoneNode bLockBone
BoolProperty: unknown FBoneNode bRemoveBone
BoolProperty: unknown FBoneNode bLockBone
BoolProperty: unknown FBoneNode bRemoveBone
BoolProperty: unknown FBoneNode bLockBone
BoolProperty: unknown FBoneNode bRemoveBone
BoolProperty: unknown FBoneNode bLockBone
BoolProperty: unknown FBoneNode bRemoveBone
BoolProperty: unknown FBoneNode bLockBone
BoolProperty: unknown FBoneNode bRemoveBone
BoolProperty: unknown FBoneNode bLockBone
BoolProperty: unknown FBoneNode bRemoveBone
BoolProperty: unknown FBoneNode bLockBone
BoolProperty: unknown FBoneNode bRemoveBone
BoolProperty: unknown FBoneNode bLockBone
BoolProperty: unknown FBoneNode bRemoveBone
BoolProperty: unknown FBoneNode bLockBone
BoolProperty: unknown FBoneNode bRemoveBone
BoolProperty: unknown FBoneNode bLockBone
BoolProperty: unknown FBoneNode bRemoveBone
BoolProperty: unknown FBoneNode bLockBone
BoolProperty: unknown FBoneNode bRemoveBone
BoolProperty: unknown FBoneNode bLockBone
BoolProperty: unknown FBoneNode bRemoveBone
BoolProperty: unknown FBoneNode bLockBone
BoolProperty: unknown FBoneNode bRemoveBone
BoolProperty: unknown FBoneNode bLockBone
BoolProperty: unknown FBoneNode bRemoveBone
BoolProperty: unknown FBoneNode bLockBone
BoolProperty: unknown FBoneNode bRemoveBone
BoolProperty: unknown FBoneNode bLockBone
BoolProperty: unknown FBoneNode bRemoveBone
BoolProperty: unknown FBoneNode bLockBone
BoolProperty: unknown FBoneNode bRemoveBone
BoolProperty: unknown FBoneNode bLockBone
BoolProperty: unknown FBoneNode bRemoveBone
BoolProperty: unknown FBoneNode bLockBone
BoolProperty: unknown FBoneNode bRemoveBone
BoolProperty: unknown FBoneNode bLockBone
BoolProperty: unknown FBoneNode bRemoveBone
BoolProperty: unknown FBoneNode bLockBone
BoolProperty: unknown FBoneNode bRemoveBone
BoolProperty: unknown FBoneNode bLockBone
BoolProperty: unknown FBoneNode bRemoveBone
BoolProperty: unknown FBoneNode bLockBone
BoolProperty: unknown FBoneNode bRemoveBone
BoolProperty: unknown FBoneNode bLockBone
BoolProperty: unknown FBoneNode bRemoveBone
BoolProperty: unknown FBoneNode bLockBone
BoolProperty: unknown FBoneNode bRemoveBone
BoolProperty: unknown FBoneNode bLockBone
BoolProperty: unknown FBoneNode bRemoveBone
BoolProperty: unknown FBoneNode bLockBone
BoolProperty: unknown FBoneNode bRemoveBone
BoolProperty: unknown FBoneNode bLockBone
BoolProperty: unknown FBoneNode bRemoveBone
BoolProperty: unknown FBoneNode bLockBone
BoolProperty: unknown FBoneNode bRemoveBone
Exporting objects ...
Exporting AnimSequence4 Dilo-Move-Fwd to C:/Users/Nez/Desktop/GitHub/Ark-Survival-Returns/.work/exports/actorx/PrimalEarth/Dinos/Dilo/Anims/Dilo-Move-Fwd.psa
Memory: allocated 620200 bytes in 495 blocks
Loading AnimSequence4 Dilo-Startled from package PrimalEarth/Dinos/Dilo/Anims/Dilo-Startled.uasset
FloatProperty: unknown FAnimNotifyEvent DisplayTime
BoolProperty: unknown FAnimNotifyEvent bIgnoreOnDediServer
Loading Skeleton Dilo_Skeleton from package PrimalEarth/Dinos/Dilo/Dilo_Skeleton.uasset
BoolProperty: unknown FBoneNode bLockBone
BoolProperty: unknown FBoneNode bRemoveBone
BoolProperty: unknown FBoneNode bLockBone
BoolProperty: unknown FBoneNode bRemoveBone
BoolProperty: unknown FBoneNode bLockBone
BoolProperty: unknown FBoneNode bRemoveBone
BoolProperty: unknown FBoneNode bLockBone
BoolProperty: unknown FBoneNode bRemoveBone
BoolProperty: unknown FBoneNode bLockBone
BoolProperty: unknown FBoneNode bRemoveBone
BoolProperty: unknown FBoneNode bLockBone
BoolProperty: unknown FBoneNode bRemoveBone
BoolProperty: unknown FBoneNode bLockBone
BoolProperty: unknown FBoneNode bRemoveBone
BoolProperty: unknown FBoneNode bLockBone
BoolProperty: unknown FBoneNode bRemoveBone
BoolProperty: unknown FBoneNode bLockBone
BoolProperty: unknown FBoneNode bRemoveBone
BoolProperty: unknown FBoneNode bLockBone
BoolProperty: unknown FBoneNode bRemoveBone
BoolProperty: unknown FBoneNode bLockBone
BoolProperty: unknown FBoneNode bRemoveBone
BoolProperty: unknown FBoneNode bLockBone
BoolProperty: unknown FBoneNode bRemoveBone
BoolProperty: unknown FBoneNode bLockBone
BoolProperty: unknown FBoneNode bRemoveBone
BoolProperty: unknown FBoneNode bLockBone
BoolProperty: unknown FBoneNode bRemoveBone
BoolProperty: unknown FBoneNode bLockBone
BoolProperty: unknown FBoneNode bRemoveBone
BoolProperty: unknown FBoneNode bLockBone
BoolProperty: unknown FBoneNode bRemoveBone
BoolProperty: unknown FBoneNode bLockBone
BoolProperty: unknown FBoneNode bRemoveBone
BoolProperty: unknown FBoneNode bLockBone
BoolProperty: unknown FBoneNode bRemoveBone
BoolProperty: unknown FBoneNode bLockBone
BoolProperty: unknown FBoneNode bRemoveBone
BoolProperty: unknown FBoneNode bLockBone
BoolProperty: unknown FBoneNode bRemoveBone
BoolProperty: unknown FBoneNode bLockBone
BoolProperty: unknown FBoneNode bRemoveBone
BoolProperty: unknown FBoneNode bLockBone
BoolProperty: unknown FBoneNode bRemoveBone
BoolProperty: unknown FBoneNode bLockBone
BoolProperty: unknown FBoneNode bRemoveBone
BoolProperty: unknown FBoneNode bLockBone
BoolProperty: unknown FBoneNode bRemoveBone
BoolProperty: unknown FBoneNode bLockBone
BoolProperty: unknown FBoneNode bRemoveBone
BoolProperty: unknown FBoneNode bLockBone
BoolProperty: unknown FBoneNode bRemoveBone
BoolProperty: unknown FBoneNode bLockBone
BoolProperty: unknown FBoneNode bRemoveBone
BoolProperty: unknown FBoneNode bLockBone
BoolProperty: unknown FBoneNode bRemoveBone
BoolProperty: unknown FBoneNode bLockBone
BoolProperty: unknown FBoneNode bRemoveBone
BoolProperty: unknown FBoneNode bLockBone
BoolProperty: unknown FBoneNode bRemoveBone
BoolProperty: unknown FBoneNode bLockBone
BoolProperty: unknown FBoneNode bRemoveBone
BoolProperty: unknown FBoneNode bLockBone
BoolProperty: unknown FBoneNode bRemoveBone
BoolProperty: unknown FBoneNode bLockBone
BoolProperty: unknown FBoneNode bRemoveBone
BoolProperty: unknown FBoneNode bLockBone
BoolProperty: unknown FBoneNode bRemoveBone
BoolProperty: unknown FBoneNode bLockBone
BoolProperty: unknown FBoneNode bRemoveBone
BoolProperty: unknown FBoneNode bLockBone
BoolProperty: unknown FBoneNode bRemoveBone
BoolProperty: unknown FBoneNode bLockBone
BoolProperty: unknown FBoneNode bRemoveBone
BoolProperty: unknown FBoneNode bLockBone
BoolProperty: unknown FBoneNode bRemoveBone
BoolProperty: unknown FBoneNode bLockBone
BoolProperty: unknown FBoneNode bRemoveBone
BoolProperty: unknown FBoneNode bLockBone
BoolProperty: unknown FBoneNode bRemoveBone
BoolProperty: unknown FBoneNode bLockBone
BoolProperty: unknown FBoneNode bRemoveBone
BoolProperty: unknown FBoneNode bLockBone
BoolProperty: unknown FBoneNode bRemoveBone
BoolProperty: unknown FBoneNode bLockBone
BoolProperty: unknown FBoneNode bRemoveBone
BoolProperty: unknown FBoneNode bLockBone
BoolProperty: unknown FBoneNode bRemoveBone
BoolProperty: unknown FBoneNode bLockBone
BoolProperty: unknown FBoneNode bRemoveBone
BoolProperty: unknown FBoneNode bLockBone
BoolProperty: unknown FBoneNode bRemoveBone
BoolProperty: unknown FBoneNode bLockBone
BoolProperty: unknown FBoneNode bRemoveBone
BoolProperty: unknown FBoneNode bLockBone
BoolProperty: unknown FBoneNode bRemoveBone
BoolProperty: unknown FBoneNode bLockBone
BoolProperty: unknown FBoneNode bRemoveBone
BoolProperty: unknown FBoneNode bLockBone
BoolProperty: unknown FBoneNode bRemoveBone
BoolProperty: unknown FBoneNode bLockBone
BoolProperty: unknown FBoneNode bRemoveBone
BoolProperty: unknown FBoneNode bLockBone
BoolProperty: unknown FBoneNode bRemoveBone
BoolProperty: unknown FBoneNode bLockBone
BoolProperty: unknown FBoneNode bRemoveBone
BoolProperty: unknown FBoneNode bLockBone
BoolProperty: unknown FBoneNode bRemoveBone
BoolProperty: unknown FBoneNode bLockBone
BoolProperty: unknown FBoneNode bRemoveBone
BoolProperty: unknown FBoneNode bLockBone
BoolProperty: unknown FBoneNode bRemoveBone
BoolProperty: unknown FBoneNode bLockBone
BoolProperty: unknown FBoneNode bRemoveBone
BoolProperty: unknown FBoneNode bLockBone
BoolProperty: unknown FBoneNode bRemoveBone
BoolProperty: unknown FBoneNode bLockBone
BoolProperty: unknown FBoneNode bRemoveBone
BoolProperty: unknown FBoneNode bLockBone
BoolProperty: unknown FBoneNode bRemoveBone
BoolProperty: unknown FBoneNode bLockBone
BoolProperty: unknown FBoneNode bRemoveBone
BoolProperty: unknown FBoneNode bLockBone
BoolProperty: unknown FBoneNode bRemoveBone
BoolProperty: unknown FBoneNode bLockBone
BoolProperty: unknown FBoneNode bRemoveBone
BoolProperty: unknown FBoneNode bLockBone
BoolProperty: unknown FBoneNode bRemoveBone
BoolProperty: unknown FBoneNode bLockBone
BoolProperty: unknown FBoneNode bRemoveBone
BoolProperty: unknown FBoneNode bLockBone
BoolProperty: unknown FBoneNode bRemoveBone
BoolProperty: unknown FBoneNode bLockBone
BoolProperty: unknown FBoneNode bRemoveBone
BoolProperty: unknown FBoneNode bLockBone
BoolProperty: unknown FBoneNode bRemoveBone
BoolProperty: unknown FBoneNode bLockBone
BoolProperty: unknown FBoneNode bRemoveBone
BoolProperty: unknown FBoneNode bLockBone
BoolProperty: unknown FBoneNode bRemoveBone
BoolProperty: unknown FBoneNode bLockBone
BoolProperty: unknown FBoneNode bRemoveBone
BoolProperty: unknown FBoneNode bLockBone
BoolProperty: unknown FBoneNode bRemoveBone
BoolProperty: unknown FBoneNode bLockBone
BoolProperty: unknown FBoneNode bRemoveBone
BoolProperty: unknown FBoneNode bLockBone
BoolProperty: unknown FBoneNode bRemoveBone
BoolProperty: unknown FBoneNode bLockBone
BoolProperty: unknown FBoneNode bRemoveBone
BoolProperty: unknown FBoneNode bLockBone
BoolProperty: unknown FBoneNode bRemoveBone
BoolProperty: unknown FBoneNode bLockBone
BoolProperty: unknown FBoneNode bRemoveBone
BoolProperty: unknown FBoneNode bLockBone
BoolProperty: unknown FBoneNode bRemoveBone
BoolProperty: unknown FBoneNode bLockBone
BoolProperty: unknown FBoneNode bRemoveBone
BoolProperty: unknown FBoneNode bLockBone
BoolProperty: unknown FBoneNode bRemoveBone
BoolProperty: unknown FBoneNode bLockBone
BoolProperty: unknown FBoneNode bRemoveBone
BoolProperty: unknown FBoneNode bLockBone
BoolProperty: unknown FBoneNode bRemoveBone
BoolProperty: unknown FBoneNode bLockBone
BoolProperty: unknown FBoneNode bRemoveBone
BoolProperty: unknown FBoneNode bLockBone
BoolProperty: unknown FBoneNode bRemoveBone
BoolProperty: unknown FBoneNode bLockBone
BoolProperty: unknown FBoneNode bRemoveBone
BoolProperty: unknown FBoneNode bLockBone
BoolProperty: unknown FBoneNode bRemoveBone
BoolProperty: unknown FBoneNode bLockBone
BoolProperty: unknown FBoneNode bRemoveBone
BoolProperty: unknown FBoneNode bLockBone
BoolProperty: unknown FBoneNode bRemoveBone
BoolProperty: unknown FBoneNode bLockBone
BoolProperty: unknown FBoneNode bRemoveBone
BoolProperty: unknown FBoneNode bLockBone
BoolProperty: unknown FBoneNode bRemoveBone
BoolProperty: unknown FBoneNode bLockBone
BoolProperty: unknown FBoneNode bRemoveBone
BoolProperty: unknown FBoneNode bLockBone
BoolProperty: unknown FBoneNode bRemoveBone
BoolProperty: unknown FBoneNode bLockBone
BoolProperty: unknown FBoneNode bRemoveBone
BoolProperty: unknown FBoneNode bLockBone
BoolProperty: unknown FBoneNode bRemoveBone
BoolProperty: unknown FBoneNode bLockBone
BoolProperty: unknown FBoneNode bRemoveBone
BoolProperty: unknown FBoneNode bLockBone
BoolProperty: unknown FBoneNode bRemoveBone
BoolProperty: unknown FBoneNode bLockBone
BoolProperty: unknown FBoneNode bRemoveBone
BoolProperty: unknown FBoneNode bLockBone
BoolProperty: unknown FBoneNode bRemoveBone
BoolProperty: unknown FBoneNode bLockBone
BoolProperty: unknown FBoneNode bRemoveBone
BoolProperty: unknown FBoneNode bLockBone
BoolProperty: unknown FBoneNode bRemoveBone
BoolProperty: unknown FBoneNode bLockBone
BoolProperty: unknown FBoneNode bRemoveBone
BoolProperty: unknown FBoneNode bLockBone
BoolProperty: unknown FBoneNode bRemoveBone
BoolProperty: unknown FBoneNode bLockBone
BoolProperty: unknown FBoneNode bRemoveBone
BoolProperty: unknown FBoneNode bLockBone
BoolProperty: unknown FBoneNode bRemoveBone
BoolProperty: unknown FBoneNode bLockBone
BoolProperty: unknown FBoneNode bRemoveBone
Exporting objects ...
Exporting AnimSequence4 Dilo-Startled to C:/Users/Nez/Desktop/GitHub/Ark-Survival-Returns/.work/exports/actorx/PrimalEarth/Dinos/Dilo/Anims/Dilo-Startled.psa
Memory: allocated 632488 bytes in 498 blocks
Loading AnimSequence4 Dilo-Swim-Fwd from package PrimalEarth/Dinos/Dilo/Anims/Dilo-Swim-Fwd.uasset
Loading Skeleton Dilo_Skeleton from package PrimalEarth/Dinos/Dilo/Dilo_Skeleton.uasset
BoolProperty: unknown FBoneNode bLockBone
BoolProperty: unknown FBoneNode bRemoveBone
BoolProperty: unknown FBoneNode bLockBone
BoolProperty: unknown FBoneNode bRemoveBone
BoolProperty: unknown FBoneNode bLockBone
BoolProperty: unknown FBoneNode bRemoveBone
BoolProperty: unknown FBoneNode bLockBone
BoolProperty: unknown FBoneNode bRemoveBone
BoolProperty: unknown FBoneNode bLockBone
BoolProperty: unknown FBoneNode bRemoveBone
BoolProperty: unknown FBoneNode bLockBone
BoolProperty: unknown FBoneNode bRemoveBone
BoolProperty: unknown FBoneNode bLockBone
BoolProperty: unknown FBoneNode bRemoveBone
BoolProperty: unknown FBoneNode bLockBone
BoolProperty: unknown FBoneNode bRemoveBone
BoolProperty: unknown FBoneNode bLockBone
BoolProperty: unknown FBoneNode bRemoveBone
BoolProperty: unknown FBoneNode bLockBone
BoolProperty: unknown FBoneNode bRemoveBone
BoolProperty: unknown FBoneNode bLockBone
BoolProperty: unknown FBoneNode bRemoveBone
BoolProperty: unknown FBoneNode bLockBone
BoolProperty: unknown FBoneNode bRemoveBone
BoolProperty: unknown FBoneNode bLockBone
BoolProperty: unknown FBoneNode bRemoveBone
BoolProperty: unknown FBoneNode bLockBone
BoolProperty: unknown FBoneNode bRemoveBone
BoolProperty: unknown FBoneNode bLockBone
BoolProperty: unknown FBoneNode bRemoveBone
BoolProperty: unknown FBoneNode bLockBone
BoolProperty: unknown FBoneNode bRemoveBone
BoolProperty: unknown FBoneNode bLockBone
BoolProperty: unknown FBoneNode bRemoveBone
BoolProperty: unknown FBoneNode bLockBone
BoolProperty: unknown FBoneNode bRemoveBone
BoolProperty: unknown FBoneNode bLockBone
BoolProperty: unknown FBoneNode bRemoveBone
BoolProperty: unknown FBoneNode bLockBone
BoolProperty: unknown FBoneNode bRemoveBone
BoolProperty: unknown FBoneNode bLockBone
BoolProperty: unknown FBoneNode bRemoveBone
BoolProperty: unknown FBoneNode bLockBone
BoolProperty: unknown FBoneNode bRemoveBone
BoolProperty: unknown FBoneNode bLockBone
BoolProperty: unknown FBoneNode bRemoveBone
BoolProperty: unknown FBoneNode bLockBone
BoolProperty: unknown FBoneNode bRemoveBone
BoolProperty: unknown FBoneNode bLockBone
BoolProperty: unknown FBoneNode bRemoveBone
BoolProperty: unknown FBoneNode bLockBone
BoolProperty: unknown FBoneNode bRemoveBone
BoolProperty: unknown FBoneNode bLockBone
BoolProperty: unknown FBoneNode bRemoveBone
BoolProperty: unknown FBoneNode bLockBone
BoolProperty: unknown FBoneNode bRemoveBone
BoolProperty: unknown FBoneNode bLockBone
BoolProperty: unknown FBoneNode bRemoveBone
BoolProperty: unknown FBoneNode bLockBone
BoolProperty: unknown FBoneNode bRemoveBone
BoolProperty: unknown FBoneNode bLockBone
BoolProperty: unknown FBoneNode bRemoveBone
BoolProperty: unknown FBoneNode bLockBone
BoolProperty: unknown FBoneNode bRemoveBone
BoolProperty: unknown FBoneNode bLockBone
BoolProperty: unknown FBoneNode bRemoveBone
BoolProperty: unknown FBoneNode bLockBone
BoolProperty: unknown FBoneNode bRemoveBone
BoolProperty: unknown FBoneNode bLockBone
BoolProperty: unknown FBoneNode bRemoveBone
BoolProperty: unknown FBoneNode bLockBone
BoolProperty: unknown FBoneNode bRemoveBone
BoolProperty: unknown FBoneNode bLockBone
BoolProperty: unknown FBoneNode bRemoveBone
BoolProperty: unknown FBoneNode bLockBone
BoolProperty: unknown FBoneNode bRemoveBone
BoolProperty: unknown FBoneNode bLockBone
BoolProperty: unknown FBoneNode bRemoveBone
BoolProperty: unknown FBoneNode bLockBone
BoolProperty: unknown FBoneNode bRemoveBone
BoolProperty: unknown FBoneNode bLockBone
BoolProperty: unknown FBoneNode bRemoveBone
BoolProperty: unknown FBoneNode bLockBone
BoolProperty: unknown FBoneNode bRemoveBone
BoolProperty: unknown FBoneNode bLockBone
BoolProperty: unknown FBoneNode bRemoveBone
BoolProperty: unknown FBoneNode bLockBone
BoolProperty: unknown FBoneNode bRemoveBone
BoolProperty: unknown FBoneNode bLockBone
BoolProperty: unknown FBoneNode bRemoveBone
BoolProperty: unknown FBoneNode bLockBone
BoolProperty: unknown FBoneNode bRemoveBone
BoolProperty: unknown FBoneNode bLockBone
BoolProperty: unknown FBoneNode bRemoveBone
BoolProperty: unknown FBoneNode bLockBone
BoolProperty: unknown FBoneNode bRemoveBone
BoolProperty: unknown FBoneNode bLockBone
BoolProperty: unknown FBoneNode bRemoveBone
BoolProperty: unknown FBoneNode bLockBone
BoolProperty: unknown FBoneNode bRemoveBone
BoolProperty: unknown FBoneNode bLockBone
BoolProperty: unknown FBoneNode bRemoveBone
BoolProperty: unknown FBoneNode bLockBone
BoolProperty: unknown FBoneNode bRemoveBone
BoolProperty: unknown FBoneNode bLockBone
BoolProperty: unknown FBoneNode bRemoveBone
BoolProperty: unknown FBoneNode bLockBone
BoolProperty: unknown FBoneNode bRemoveBone
BoolProperty: unknown FBoneNode bLockBone
BoolProperty: unknown FBoneNode bRemoveBone
BoolProperty: unknown FBoneNode bLockBone
BoolProperty: unknown FBoneNode bRemoveBone
BoolProperty: unknown FBoneNode bLockBone
BoolProperty: unknown FBoneNode bRemoveBone
BoolProperty: unknown FBoneNode bLockBone
BoolProperty: unknown FBoneNode bRemoveBone
BoolProperty: unknown FBoneNode bLockBone
BoolProperty: unknown FBoneNode bRemoveBone
BoolProperty: unknown FBoneNode bLockBone
BoolProperty: unknown FBoneNode bRemoveBone
BoolProperty: unknown FBoneNode bLockBone
BoolProperty: unknown FBoneNode bRemoveBone
BoolProperty: unknown FBoneNode bLockBone
BoolProperty: unknown FBoneNode bRemoveBone
BoolProperty: unknown FBoneNode bLockBone
BoolProperty: unknown FBoneNode bRemoveBone
BoolProperty: unknown FBoneNode bLockBone
BoolProperty: unknown FBoneNode bRemoveBone
BoolProperty: unknown FBoneNode bLockBone
BoolProperty: unknown FBoneNode bRemoveBone
BoolProperty: unknown FBoneNode bLockBone
BoolProperty: unknown FBoneNode bRemoveBone
BoolProperty: unknown FBoneNode bLockBone
BoolProperty: unknown FBoneNode bRemoveBone
BoolProperty: unknown FBoneNode bLockBone
BoolProperty: unknown FBoneNode bRemoveBone
BoolProperty: unknown FBoneNode bLockBone
BoolProperty: unknown FBoneNode bRemoveBone
BoolProperty: unknown FBoneNode bLockBone
BoolProperty: unknown FBoneNode bRemoveBone
BoolProperty: unknown FBoneNode bLockBone
BoolProperty: unknown FBoneNode bRemoveBone
BoolProperty: unknown FBoneNode bLockBone
BoolProperty: unknown FBoneNode bRemoveBone
BoolProperty: unknown FBoneNode bLockBone
BoolProperty: unknown FBoneNode bRemoveBone
BoolProperty: unknown FBoneNode bLockBone
BoolProperty: unknown FBoneNode bRemoveBone
BoolProperty: unknown FBoneNode bLockBone
BoolProperty: unknown FBoneNode bRemoveBone
BoolProperty: unknown FBoneNode bLockBone
BoolProperty: unknown FBoneNode bRemoveBone
BoolProperty: unknown FBoneNode bLockBone
BoolProperty: unknown FBoneNode bRemoveBone
BoolProperty: unknown FBoneNode bLockBone
BoolProperty: unknown FBoneNode bRemoveBone
BoolProperty: unknown FBoneNode bLockBone
BoolProperty: unknown FBoneNode bRemoveBone
BoolProperty: unknown FBoneNode bLockBone
BoolProperty: unknown FBoneNode bRemoveBone
BoolProperty: unknown FBoneNode bLockBone
BoolProperty: unknown FBoneNode bRemoveBone
BoolProperty: unknown FBoneNode bLockBone
BoolProperty: unknown FBoneNode bRemoveBone
BoolProperty: unknown FBoneNode bLockBone
BoolProperty: unknown FBoneNode bRemoveBone
BoolProperty: unknown FBoneNode bLockBone
BoolProperty: unknown FBoneNode bRemoveBone
BoolProperty: unknown FBoneNode bLockBone
BoolProperty: unknown FBoneNode bRemoveBone
BoolProperty: unknown FBoneNode bLockBone
BoolProperty: unknown FBoneNode bRemoveBone
BoolProperty: unknown FBoneNode bLockBone
BoolProperty: unknown FBoneNode bRemoveBone
BoolProperty: unknown FBoneNode bLockBone
BoolProperty: unknown FBoneNode bRemoveBone
BoolProperty: unknown FBoneNode bLockBone
BoolProperty: unknown FBoneNode bRemoveBone
BoolProperty: unknown FBoneNode bLockBone
BoolProperty: unknown FBoneNode bRemoveBone
BoolProperty: unknown FBoneNode bLockBone
BoolProperty: unknown FBoneNode bRemoveBone
BoolProperty: unknown FBoneNode bLockBone
BoolProperty: unknown FBoneNode bRemoveBone
BoolProperty: unknown FBoneNode bLockBone
BoolProperty: unknown FBoneNode bRemoveBone
BoolProperty: unknown FBoneNode bLockBone
BoolProperty: unknown FBoneNode bRemoveBone
BoolProperty: unknown FBoneNode bLockBone
BoolProperty: unknown FBoneNode bRemoveBone
BoolProperty: unknown FBoneNode bLockBone
BoolProperty: unknown FBoneNode bRemoveBone
BoolProperty: unknown FBoneNode bLockBone
BoolProperty: unknown FBoneNode bRemoveBone
BoolProperty: unknown FBoneNode bLockBone
BoolProperty: unknown FBoneNode bRemoveBone
BoolProperty: unknown FBoneNode bLockBone
BoolProperty: unknown FBoneNode bRemoveBone
BoolProperty: unknown FBoneNode bLockBone
BoolProperty: unknown FBoneNode bRemoveBone
BoolProperty: unknown FBoneNode bLockBone
BoolProperty: unknown FBoneNode bRemoveBone
BoolProperty: unknown FBoneNode bLockBone
BoolProperty: unknown FBoneNode bRemoveBone
BoolProperty: unknown FBoneNode bLockBone
BoolProperty: unknown FBoneNode bRemoveBone
BoolProperty: unknown FBoneNode bLockBone
BoolProperty: unknown FBoneNode bRemoveBone
BoolProperty: unknown FBoneNode bLockBone
BoolProperty: unknown FBoneNode bRemoveBone
Exporting objects ...
Exporting AnimSequence4 Dilo-Swim-Fwd to C:/Users/Nez/Desktop/GitHub/Ark-Survival-Returns/.work/exports/actorx/PrimalEarth/Dinos/Dilo/Anims/Dilo-Swim-Fwd.psa
Memory: allocated 644776 bytes in 501 blocks
Loading AnimSequence4 Dilo-Swim-Idle from package PrimalEarth/Dinos/Dilo/Anims/Dilo-Swim-Idle.uasset
Loading Skeleton Dilo_Skeleton from package PrimalEarth/Dinos/Dilo/Dilo_Skeleton.uasset
BoolProperty: unknown FBoneNode bLockBone
BoolProperty: unknown FBoneNode bRemoveBone
BoolProperty: unknown FBoneNode bLockBone
BoolProperty: unknown FBoneNode bRemoveBone
BoolProperty: unknown FBoneNode bLockBone
BoolProperty: unknown FBoneNode bRemoveBone
BoolProperty: unknown FBoneNode bLockBone
BoolProperty: unknown FBoneNode bRemoveBone
BoolProperty: unknown FBoneNode bLockBone
BoolProperty: unknown FBoneNode bRemoveBone
BoolProperty: unknown FBoneNode bLockBone
BoolProperty: unknown FBoneNode bRemoveBone
BoolProperty: unknown FBoneNode bLockBone
BoolProperty: unknown FBoneNode bRemoveBone
BoolProperty: unknown FBoneNode bLockBone
BoolProperty: unknown FBoneNode bRemoveBone
BoolProperty: unknown FBoneNode bLockBone
BoolProperty: unknown FBoneNode bRemoveBone
BoolProperty: unknown FBoneNode bLockBone
BoolProperty: unknown FBoneNode bRemoveBone
BoolProperty: unknown FBoneNode bLockBone
BoolProperty: unknown FBoneNode bRemoveBone
BoolProperty: unknown FBoneNode bLockBone
BoolProperty: unknown FBoneNode bRemoveBone
BoolProperty: unknown FBoneNode bLockBone
BoolProperty: unknown FBoneNode bRemoveBone
BoolProperty: unknown FBoneNode bLockBone
BoolProperty: unknown FBoneNode bRemoveBone
BoolProperty: unknown FBoneNode bLockBone
BoolProperty: unknown FBoneNode bRemoveBone
BoolProperty: unknown FBoneNode bLockBone
BoolProperty: unknown FBoneNode bRemoveBone
BoolProperty: unknown FBoneNode bLockBone
BoolProperty: unknown FBoneNode bRemoveBone
BoolProperty: unknown FBoneNode bLockBone
BoolProperty: unknown FBoneNode bRemoveBone
BoolProperty: unknown FBoneNode bLockBone
BoolProperty: unknown FBoneNode bRemoveBone
BoolProperty: unknown FBoneNode bLockBone
BoolProperty: unknown FBoneNode bRemoveBone
BoolProperty: unknown FBoneNode bLockBone
BoolProperty: unknown FBoneNode bRemoveBone
BoolProperty: unknown FBoneNode bLockBone
BoolProperty: unknown FBoneNode bRemoveBone
BoolProperty: unknown FBoneNode bLockBone
BoolProperty: unknown FBoneNode bRemoveBone
BoolProperty: unknown FBoneNode bLockBone
BoolProperty: unknown FBoneNode bRemoveBone
BoolProperty: unknown FBoneNode bLockBone
BoolProperty: unknown FBoneNode bRemoveBone
BoolProperty: unknown FBoneNode bLockBone
BoolProperty: unknown FBoneNode bRemoveBone
BoolProperty: unknown FBoneNode bLockBone
BoolProperty: unknown FBoneNode bRemoveBone
BoolProperty: unknown FBoneNode bLockBone
BoolProperty: unknown FBoneNode bRemoveBone
BoolProperty: unknown FBoneNode bLockBone
BoolProperty: unknown FBoneNode bRemoveBone
BoolProperty: unknown FBoneNode bLockBone
BoolProperty: unknown FBoneNode bRemoveBone
BoolProperty: unknown FBoneNode bLockBone
BoolProperty: unknown FBoneNode bRemoveBone
BoolProperty: unknown FBoneNode bLockBone
BoolProperty: unknown FBoneNode bRemoveBone
BoolProperty: unknown FBoneNode bLockBone
BoolProperty: unknown FBoneNode bRemoveBone
BoolProperty: unknown FBoneNode bLockBone
BoolProperty: unknown FBoneNode bRemoveBone
BoolProperty: unknown FBoneNode bLockBone
BoolProperty: unknown FBoneNode bRemoveBone
BoolProperty: unknown FBoneNode bLockBone
BoolProperty: unknown FBoneNode bRemoveBone
BoolProperty: unknown FBoneNode bLockBone
BoolProperty: unknown FBoneNode bRemoveBone
BoolProperty: unknown FBoneNode bLockBone
BoolProperty: unknown FBoneNode bRemoveBone
BoolProperty: unknown FBoneNode bLockBone
BoolProperty: unknown FBoneNode bRemoveBone
BoolProperty: unknown FBoneNode bLockBone
BoolProperty: unknown FBoneNode bRemoveBone
BoolProperty: unknown FBoneNode bLockBone
BoolProperty: unknown FBoneNode bRemoveBone
BoolProperty: unknown FBoneNode bLockBone
BoolProperty: unknown FBoneNode bRemoveBone
BoolProperty: unknown FBoneNode bLockBone
BoolProperty: unknown FBoneNode bRemoveBone
BoolProperty: unknown FBoneNode bLockBone
BoolProperty: unknown FBoneNode bRemoveBone
BoolProperty: unknown FBoneNode bLockBone
BoolProperty: unknown FBoneNode bRemoveBone
BoolProperty: unknown FBoneNode bLockBone
BoolProperty: unknown FBoneNode bRemoveBone
BoolProperty: unknown FBoneNode bLockBone
BoolProperty: unknown FBoneNode bRemoveBone
BoolProperty: unknown FBoneNode bLockBone
BoolProperty: unknown FBoneNode bRemoveBone
BoolProperty: unknown FBoneNode bLockBone
BoolProperty: unknown FBoneNode bRemoveBone
BoolProperty: unknown FBoneNode bLockBone
BoolProperty: unknown FBoneNode bRemoveBone
BoolProperty: unknown FBoneNode bLockBone
BoolProperty: unknown FBoneNode bRemoveBone
BoolProperty: unknown FBoneNode bLockBone
BoolProperty: unknown FBoneNode bRemoveBone
BoolProperty: unknown FBoneNode bLockBone
BoolProperty: unknown FBoneNode bRemoveBone
BoolProperty: unknown FBoneNode bLockBone
BoolProperty: unknown FBoneNode bRemoveBone
BoolProperty: unknown FBoneNode bLockBone
BoolProperty: unknown FBoneNode bRemoveBone
BoolProperty: unknown FBoneNode bLockBone
BoolProperty: unknown FBoneNode bRemoveBone
BoolProperty: unknown FBoneNode bLockBone
BoolProperty: unknown FBoneNode bRemoveBone
BoolProperty: unknown FBoneNode bLockBone
BoolProperty: unknown FBoneNode bRemoveBone
BoolProperty: unknown FBoneNode bLockBone
BoolProperty: unknown FBoneNode bRemoveBone
BoolProperty: unknown FBoneNode bLockBone
BoolProperty: unknown FBoneNode bRemoveBone
BoolProperty: unknown FBoneNode bLockBone
BoolProperty: unknown FBoneNode bRemoveBone
BoolProperty: unknown FBoneNode bLockBone
BoolProperty: unknown FBoneNode bRemoveBone
BoolProperty: unknown FBoneNode bLockBone
BoolProperty: unknown FBoneNode bRemoveBone
BoolProperty: unknown FBoneNode bLockBone
BoolProperty: unknown FBoneNode bRemoveBone
BoolProperty: unknown FBoneNode bLockBone
BoolProperty: unknown FBoneNode bRemoveBone
BoolProperty: unknown FBoneNode bLockBone
BoolProperty: unknown FBoneNode bRemoveBone
BoolProperty: unknown FBoneNode bLockBone
BoolProperty: unknown FBoneNode bRemoveBone
BoolProperty: unknown FBoneNode bLockBone
BoolProperty: unknown FBoneNode bRemoveBone
BoolProperty: unknown FBoneNode bLockBone
BoolProperty: unknown FBoneNode bRemoveBone
BoolProperty: unknown FBoneNode bLockBone
BoolProperty: unknown FBoneNode bRemoveBone
BoolProperty: unknown FBoneNode bLockBone
BoolProperty: unknown FBoneNode bRemoveBone
BoolProperty: unknown FBoneNode bLockBone
BoolProperty: unknown FBoneNode bRemoveBone
BoolProperty: unknown FBoneNode bLockBone
BoolProperty: unknown FBoneNode bRemoveBone
BoolProperty: unknown FBoneNode bLockBone
BoolProperty: unknown FBoneNode bRemoveBone
BoolProperty: unknown FBoneNode bLockBone
BoolProperty: unknown FBoneNode bRemoveBone
BoolProperty: unknown FBoneNode bLockBone
BoolProperty: unknown FBoneNode bRemoveBone
BoolProperty: unknown FBoneNode bLockBone
BoolProperty: unknown FBoneNode bRemoveBone
BoolProperty: unknown FBoneNode bLockBone
BoolProperty: unknown FBoneNode bRemoveBone
BoolProperty: unknown FBoneNode bLockBone
BoolProperty: unknown FBoneNode bRemoveBone
BoolProperty: unknown FBoneNode bLockBone
BoolProperty: unknown FBoneNode bRemoveBone
BoolProperty: unknown FBoneNode bLockBone
BoolProperty: unknown FBoneNode bRemoveBone
BoolProperty: unknown FBoneNode bLockBone
BoolProperty: unknown FBoneNode bRemoveBone
BoolProperty: unknown FBoneNode bLockBone
BoolProperty: unknown FBoneNode bRemoveBone
BoolProperty: unknown FBoneNode bLockBone
BoolProperty: unknown FBoneNode bRemoveBone
BoolProperty: unknown FBoneNode bLockBone
BoolProperty: unknown FBoneNode bRemoveBone
BoolProperty: unknown FBoneNode bLockBone
BoolProperty: unknown FBoneNode bRemoveBone
BoolProperty: unknown FBoneNode bLockBone
BoolProperty: unknown FBoneNode bRemoveBone
BoolProperty: unknown FBoneNode bLockBone
BoolProperty: unknown FBoneNode bRemoveBone
BoolProperty: unknown FBoneNode bLockBone
BoolProperty: unknown FBoneNode bRemoveBone
BoolProperty: unknown FBoneNode bLockBone
BoolProperty: unknown FBoneNode bRemoveBone
BoolProperty: unknown FBoneNode bLockBone
BoolProperty: unknown FBoneNode bRemoveBone
BoolProperty: unknown FBoneNode bLockBone
BoolProperty: unknown FBoneNode bRemoveBone
BoolProperty: unknown FBoneNode bLockBone
BoolProperty: unknown FBoneNode bRemoveBone
BoolProperty: unknown FBoneNode bLockBone
BoolProperty: unknown FBoneNode bRemoveBone
BoolProperty: unknown FBoneNode bLockBone
BoolProperty: unknown FBoneNode bRemoveBone
BoolProperty: unknown FBoneNode bLockBone
BoolProperty: unknown FBoneNode bRemoveBone
BoolProperty: unknown FBoneNode bLockBone
BoolProperty: unknown FBoneNode bRemoveBone
BoolProperty: unknown FBoneNode bLockBone
BoolProperty: unknown FBoneNode bRemoveBone
BoolProperty: unknown FBoneNode bLockBone
BoolProperty: unknown FBoneNode bRemoveBone
BoolProperty: unknown FBoneNode bLockBone
BoolProperty: unknown FBoneNode bRemoveBone
BoolProperty: unknown FBoneNode bLockBone
BoolProperty: unknown FBoneNode bRemoveBone
BoolProperty: unknown FBoneNode bLockBone
BoolProperty: unknown FBoneNode bRemoveBone
BoolProperty: unknown FBoneNode bLockBone
BoolProperty: unknown FBoneNode bRemoveBone
BoolProperty: unknown FBoneNode bLockBone
BoolProperty: unknown FBoneNode bRemoveBone
BoolProperty: unknown FBoneNode bLockBone
BoolProperty: unknown FBoneNode bRemoveBone
Exporting objects ...
Exporting AnimSequence4 Dilo-Swim-Idle to C:/Users/Nez/Desktop/GitHub/Ark-Survival-Returns/.work/exports/actorx/PrimalEarth/Dinos/Dilo/Anims/Dilo-Swim-Idle.psa
Memory: allocated 657064 bytes in 504 blocks
Loading AnimSequence4 Dilo-Torpid-Eat from package PrimalEarth/Dinos/Dilo/Anims/Dilo-Torpid-Eat.uasset
FloatProperty: unknown FAnimNotifyEvent DisplayTime
BoolProperty: unknown FAnimNotifyEvent bIgnoreOnDediServer
Loading Skeleton Dilo_Skeleton from package PrimalEarth/Dinos/Dilo/Dilo_Skeleton.uasset
BoolProperty: unknown FBoneNode bLockBone
BoolProperty: unknown FBoneNode bRemoveBone
BoolProperty: unknown FBoneNode bLockBone
BoolProperty: unknown FBoneNode bRemoveBone
BoolProperty: unknown FBoneNode bLockBone
BoolProperty: unknown FBoneNode bRemoveBone
BoolProperty: unknown FBoneNode bLockBone
BoolProperty: unknown FBoneNode bRemoveBone
BoolProperty: unknown FBoneNode bLockBone
BoolProperty: unknown FBoneNode bRemoveBone
BoolProperty: unknown FBoneNode bLockBone
BoolProperty: unknown FBoneNode bRemoveBone
BoolProperty: unknown FBoneNode bLockBone
BoolProperty: unknown FBoneNode bRemoveBone
BoolProperty: unknown FBoneNode bLockBone
BoolProperty: unknown FBoneNode bRemoveBone
BoolProperty: unknown FBoneNode bLockBone
BoolProperty: unknown FBoneNode bRemoveBone
BoolProperty: unknown FBoneNode bLockBone
BoolProperty: unknown FBoneNode bRemoveBone
BoolProperty: unknown FBoneNode bLockBone
BoolProperty: unknown FBoneNode bRemoveBone
BoolProperty: unknown FBoneNode bLockBone
BoolProperty: unknown FBoneNode bRemoveBone
BoolProperty: unknown FBoneNode bLockBone
BoolProperty: unknown FBoneNode bRemoveBone
BoolProperty: unknown FBoneNode bLockBone
BoolProperty: unknown FBoneNode bRemoveBone
BoolProperty: unknown FBoneNode bLockBone
BoolProperty: unknown FBoneNode bRemoveBone
BoolProperty: unknown FBoneNode bLockBone
BoolProperty: unknown FBoneNode bRemoveBone
BoolProperty: unknown FBoneNode bLockBone
BoolProperty: unknown FBoneNode bRemoveBone
BoolProperty: unknown FBoneNode bLockBone
BoolProperty: unknown FBoneNode bRemoveBone
BoolProperty: unknown FBoneNode bLockBone
BoolProperty: unknown FBoneNode bRemoveBone
BoolProperty: unknown FBoneNode bLockBone
BoolProperty: unknown FBoneNode bRemoveBone
BoolProperty: unknown FBoneNode bLockBone
BoolProperty: unknown FBoneNode bRemoveBone
BoolProperty: unknown FBoneNode bLockBone
BoolProperty: unknown FBoneNode bRemoveBone
BoolProperty: unknown FBoneNode bLockBone
BoolProperty: unknown FBoneNode bRemoveBone
BoolProperty: unknown FBoneNode bLockBone
BoolProperty: unknown FBoneNode bRemoveBone
BoolProperty: unknown FBoneNode bLockBone
BoolProperty: unknown FBoneNode bRemoveBone
BoolProperty: unknown FBoneNode bLockBone
BoolProperty: unknown FBoneNode bRemoveBone
BoolProperty: unknown FBoneNode bLockBone
BoolProperty: unknown FBoneNode bRemoveBone
BoolProperty: unknown FBoneNode bLockBone
BoolProperty: unknown FBoneNode bRemoveBone
BoolProperty: unknown FBoneNode bLockBone
BoolProperty: unknown FBoneNode bRemoveBone
BoolProperty: unknown FBoneNode bLockBone
BoolProperty: unknown FBoneNode bRemoveBone
BoolProperty: unknown FBoneNode bLockBone
BoolProperty: unknown FBoneNode bRemoveBone
BoolProperty: unknown FBoneNode bLockBone
BoolProperty: unknown FBoneNode bRemoveBone
BoolProperty: unknown FBoneNode bLockBone
BoolProperty: unknown FBoneNode bRemoveBone
BoolProperty: unknown FBoneNode bLockBone
BoolProperty: unknown FBoneNode bRemoveBone
BoolProperty: unknown FBoneNode bLockBone
BoolProperty: unknown FBoneNode bRemoveBone
BoolProperty: unknown FBoneNode bLockBone
BoolProperty: unknown FBoneNode bRemoveBone
BoolProperty: unknown FBoneNode bLockBone
BoolProperty: unknown FBoneNode bRemoveBone
BoolProperty: unknown FBoneNode bLockBone
BoolProperty: unknown FBoneNode bRemoveBone
BoolProperty: unknown FBoneNode bLockBone
BoolProperty: unknown FBoneNode bRemoveBone
BoolProperty: unknown FBoneNode bLockBone
BoolProperty: unknown FBoneNode bRemoveBone
BoolProperty: unknown FBoneNode bLockBone
BoolProperty: unknown FBoneNode bRemoveBone
BoolProperty: unknown FBoneNode bLockBone
BoolProperty: unknown FBoneNode bRemoveBone
BoolProperty: unknown FBoneNode bLockBone
BoolProperty: unknown FBoneNode bRemoveBone
BoolProperty: unknown FBoneNode bLockBone
BoolProperty: unknown FBoneNode bRemoveBone
BoolProperty: unknown FBoneNode bLockBone
BoolProperty: unknown FBoneNode bRemoveBone
BoolProperty: unknown FBoneNode bLockBone
BoolProperty: unknown FBoneNode bRemoveBone
BoolProperty: unknown FBoneNode bLockBone
BoolProperty: unknown FBoneNode bRemoveBone
BoolProperty: unknown FBoneNode bLockBone
BoolProperty: unknown FBoneNode bRemoveBone
BoolProperty: unknown FBoneNode bLockBone
BoolProperty: unknown FBoneNode bRemoveBone
BoolProperty: unknown FBoneNode bLockBone
BoolProperty: unknown FBoneNode bRemoveBone
BoolProperty: unknown FBoneNode bLockBone
BoolProperty: unknown FBoneNode bRemoveBone
BoolProperty: unknown FBoneNode bLockBone
BoolProperty: unknown FBoneNode bRemoveBone
BoolProperty: unknown FBoneNode bLockBone
BoolProperty: unknown FBoneNode bRemoveBone
BoolProperty: unknown FBoneNode bLockBone
BoolProperty: unknown FBoneNode bRemoveBone
BoolProperty: unknown FBoneNode bLockBone
BoolProperty: unknown FBoneNode bRemoveBone
BoolProperty: unknown FBoneNode bLockBone
BoolProperty: unknown FBoneNode bRemoveBone
BoolProperty: unknown FBoneNode bLockBone
BoolProperty: unknown FBoneNode bRemoveBone
BoolProperty: unknown FBoneNode bLockBone
BoolProperty: unknown FBoneNode bRemoveBone
BoolProperty: unknown FBoneNode bLockBone
BoolProperty: unknown FBoneNode bRemoveBone
BoolProperty: unknown FBoneNode bLockBone
BoolProperty: unknown FBoneNode bRemoveBone
BoolProperty: unknown FBoneNode bLockBone
BoolProperty: unknown FBoneNode bRemoveBone
BoolProperty: unknown FBoneNode bLockBone
BoolProperty: unknown FBoneNode bRemoveBone
BoolProperty: unknown FBoneNode bLockBone
BoolProperty: unknown FBoneNode bRemoveBone
BoolProperty: unknown FBoneNode bLockBone
BoolProperty: unknown FBoneNode bRemoveBone
BoolProperty: unknown FBoneNode bLockBone
BoolProperty: unknown FBoneNode bRemoveBone
BoolProperty: unknown FBoneNode bLockBone
BoolProperty: unknown FBoneNode bRemoveBone
BoolProperty: unknown FBoneNode bLockBone
BoolProperty: unknown FBoneNode bRemoveBone
BoolProperty: unknown FBoneNode bLockBone
BoolProperty: unknown FBoneNode bRemoveBone
BoolProperty: unknown FBoneNode bLockBone
BoolProperty: unknown FBoneNode bRemoveBone
BoolProperty: unknown FBoneNode bLockBone
BoolProperty: unknown FBoneNode bRemoveBone
BoolProperty: unknown FBoneNode bLockBone
BoolProperty: unknown FBoneNode bRemoveBone
BoolProperty: unknown FBoneNode bLockBone
BoolProperty: unknown FBoneNode bRemoveBone
BoolProperty: unknown FBoneNode bLockBone
BoolProperty: unknown FBoneNode bRemoveBone
BoolProperty: unknown FBoneNode bLockBone
BoolProperty: unknown FBoneNode bRemoveBone
BoolProperty: unknown FBoneNode bLockBone
BoolProperty: unknown FBoneNode bRemoveBone
BoolProperty: unknown FBoneNode bLockBone
BoolProperty: unknown FBoneNode bRemoveBone
BoolProperty: unknown FBoneNode bLockBone
BoolProperty: unknown FBoneNode bRemoveBone
BoolProperty: unknown FBoneNode bLockBone
BoolProperty: unknown FBoneNode bRemoveBone
BoolProperty: unknown FBoneNode bLockBone
BoolProperty: unknown FBoneNode bRemoveBone
BoolProperty: unknown FBoneNode bLockBone
BoolProperty: unknown FBoneNode bRemoveBone
BoolProperty: unknown FBoneNode bLockBone
BoolProperty: unknown FBoneNode bRemoveBone
BoolProperty: unknown FBoneNode bLockBone
BoolProperty: unknown FBoneNode bRemoveBone
BoolProperty: unknown FBoneNode bLockBone
BoolProperty: unknown FBoneNode bRemoveBone
BoolProperty: unknown FBoneNode bLockBone
BoolProperty: unknown FBoneNode bRemoveBone
BoolProperty: unknown FBoneNode bLockBone
BoolProperty: unknown FBoneNode bRemoveBone
BoolProperty: unknown FBoneNode bLockBone
BoolProperty: unknown FBoneNode bRemoveBone
BoolProperty: unknown FBoneNode bLockBone
BoolProperty: unknown FBoneNode bRemoveBone
BoolProperty: unknown FBoneNode bLockBone
BoolProperty: unknown FBoneNode bRemoveBone
BoolProperty: unknown FBoneNode bLockBone
BoolProperty: unknown FBoneNode bRemoveBone
BoolProperty: unknown FBoneNode bLockBone
BoolProperty: unknown FBoneNode bRemoveBone
BoolProperty: unknown FBoneNode bLockBone
BoolProperty: unknown FBoneNode bRemoveBone
BoolProperty: unknown FBoneNode bLockBone
BoolProperty: unknown FBoneNode bRemoveBone
BoolProperty: unknown FBoneNode bLockBone
BoolProperty: unknown FBoneNode bRemoveBone
BoolProperty: unknown FBoneNode bLockBone
BoolProperty: unknown FBoneNode bRemoveBone
BoolProperty: unknown FBoneNode bLockBone
BoolProperty: unknown FBoneNode bRemoveBone
BoolProperty: unknown FBoneNode bLockBone
BoolProperty: unknown FBoneNode bRemoveBone
BoolProperty: unknown FBoneNode bLockBone
BoolProperty: unknown FBoneNode bRemoveBone
BoolProperty: unknown FBoneNode bLockBone
BoolProperty: unknown FBoneNode bRemoveBone
BoolProperty: unknown FBoneNode bLockBone
BoolProperty: unknown FBoneNode bRemoveBone
BoolProperty: unknown FBoneNode bLockBone
BoolProperty: unknown FBoneNode bRemoveBone
BoolProperty: unknown FBoneNode bLockBone
BoolProperty: unknown FBoneNode bRemoveBone
BoolProperty: unknown FBoneNode bLockBone
BoolProperty: unknown FBoneNode bRemoveBone
BoolProperty: unknown FBoneNode bLockBone
BoolProperty: unknown FBoneNode bRemoveBone
BoolProperty: unknown FBoneNode bLockBone
BoolProperty: unknown FBoneNode bRemoveBone
BoolProperty: unknown FBoneNode bLockBone
BoolProperty: unknown FBoneNode bRemoveBone
Exporting objects ...
Exporting AnimSequence4 Dilo-Torpid-Eat to C:/Users/Nez/Desktop/GitHub/Ark-Survival-Returns/.work/exports/actorx/PrimalEarth/Dinos/Dilo/Anims/Dilo-Torpid-Eat.psa
Memory: allocated 669352 bytes in 507 blocks
Loading AnimSequence4 Dilo-Torpid-In from package PrimalEarth/Dinos/Dilo/Anims/Dilo-Torpid-In.uasset
FloatProperty: unknown FAnimNotifyEvent DisplayTime
BoolProperty: unknown FAnimNotifyEvent bIgnoreOnDediServer
FloatProperty: unknown FAnimNotifyEvent DisplayTime
BoolProperty: unknown FAnimNotifyEvent bIgnoreOnDediServer
Loading Skeleton Dilo_Skeleton from package PrimalEarth/Dinos/Dilo/Dilo_Skeleton.uasset
BoolProperty: unknown FBoneNode bLockBone
BoolProperty: unknown FBoneNode bRemoveBone
BoolProperty: unknown FBoneNode bLockBone
BoolProperty: unknown FBoneNode bRemoveBone
BoolProperty: unknown FBoneNode bLockBone
BoolProperty: unknown FBoneNode bRemoveBone
BoolProperty: unknown FBoneNode bLockBone
BoolProperty: unknown FBoneNode bRemoveBone
BoolProperty: unknown FBoneNode bLockBone
BoolProperty: unknown FBoneNode bRemoveBone
BoolProperty: unknown FBoneNode bLockBone
BoolProperty: unknown FBoneNode bRemoveBone
BoolProperty: unknown FBoneNode bLockBone
BoolProperty: unknown FBoneNode bRemoveBone
BoolProperty: unknown FBoneNode bLockBone
BoolProperty: unknown FBoneNode bRemoveBone
BoolProperty: unknown FBoneNode bLockBone
BoolProperty: unknown FBoneNode bRemoveBone
BoolProperty: unknown FBoneNode bLockBone
BoolProperty: unknown FBoneNode bRemoveBone
BoolProperty: unknown FBoneNode bLockBone
BoolProperty: unknown FBoneNode bRemoveBone
BoolProperty: unknown FBoneNode bLockBone
BoolProperty: unknown FBoneNode bRemoveBone
BoolProperty: unknown FBoneNode bLockBone
BoolProperty: unknown FBoneNode bRemoveBone
BoolProperty: unknown FBoneNode bLockBone
BoolProperty: unknown FBoneNode bRemoveBone
BoolProperty: unknown FBoneNode bLockBone
BoolProperty: unknown FBoneNode bRemoveBone
BoolProperty: unknown FBoneNode bLockBone
BoolProperty: unknown FBoneNode bRemoveBone
BoolProperty: unknown FBoneNode bLockBone
BoolProperty: unknown FBoneNode bRemoveBone
BoolProperty: unknown FBoneNode bLockBone
BoolProperty: unknown FBoneNode bRemoveBone
BoolProperty: unknown FBoneNode bLockBone
BoolProperty: unknown FBoneNode bRemoveBone
BoolProperty: unknown FBoneNode bLockBone
BoolProperty: unknown FBoneNode bRemoveBone
BoolProperty: unknown FBoneNode bLockBone
BoolProperty: unknown FBoneNode bRemoveBone
BoolProperty: unknown FBoneNode bLockBone
BoolProperty: unknown FBoneNode bRemoveBone
BoolProperty: unknown FBoneNode bLockBone
BoolProperty: unknown FBoneNode bRemoveBone
BoolProperty: unknown FBoneNode bLockBone
BoolProperty: unknown FBoneNode bRemoveBone
BoolProperty: unknown FBoneNode bLockBone
BoolProperty: unknown FBoneNode bRemoveBone
BoolProperty: unknown FBoneNode bLockBone
BoolProperty: unknown FBoneNode bRemoveBone
BoolProperty: unknown FBoneNode bLockBone
BoolProperty: unknown FBoneNode bRemoveBone
BoolProperty: unknown FBoneNode bLockBone
BoolProperty: unknown FBoneNode bRemoveBone
BoolProperty: unknown FBoneNode bLockBone
BoolProperty: unknown FBoneNode bRemoveBone
BoolProperty: unknown FBoneNode bLockBone
BoolProperty: unknown FBoneNode bRemoveBone
BoolProperty: unknown FBoneNode bLockBone
BoolProperty: unknown FBoneNode bRemoveBone
BoolProperty: unknown FBoneNode bLockBone
BoolProperty: unknown FBoneNode bRemoveBone
BoolProperty: unknown FBoneNode bLockBone
BoolProperty: unknown FBoneNode bRemoveBone
BoolProperty: unknown FBoneNode bLockBone
BoolProperty: unknown FBoneNode bRemoveBone
BoolProperty: unknown FBoneNode bLockBone
BoolProperty: unknown FBoneNode bRemoveBone
BoolProperty: unknown FBoneNode bLockBone
BoolProperty: unknown FBoneNode bRemoveBone
BoolProperty: unknown FBoneNode bLockBone
BoolProperty: unknown FBoneNode bRemoveBone
BoolProperty: unknown FBoneNode bLockBone
BoolProperty: unknown FBoneNode bRemoveBone
BoolProperty: unknown FBoneNode bLockBone
BoolProperty: unknown FBoneNode bRemoveBone
BoolProperty: unknown FBoneNode bLockBone
BoolProperty: unknown FBoneNode bRemoveBone
BoolProperty: unknown FBoneNode bLockBone
BoolProperty: unknown FBoneNode bRemoveBone
BoolProperty: unknown FBoneNode bLockBone
BoolProperty: unknown FBoneNode bRemoveBone
BoolProperty: unknown FBoneNode bLockBone
BoolProperty: unknown FBoneNode bRemoveBone
BoolProperty: unknown FBoneNode bLockBone
BoolProperty: unknown FBoneNode bRemoveBone
BoolProperty: unknown FBoneNode bLockBone
BoolProperty: unknown FBoneNode bRemoveBone
BoolProperty: unknown FBoneNode bLockBone
BoolProperty: unknown FBoneNode bRemoveBone
BoolProperty: unknown FBoneNode bLockBone
BoolProperty: unknown FBoneNode bRemoveBone
BoolProperty: unknown FBoneNode bLockBone
BoolProperty: unknown FBoneNode bRemoveBone
BoolProperty: unknown FBoneNode bLockBone
BoolProperty: unknown FBoneNode bRemoveBone
BoolProperty: unknown FBoneNode bLockBone
BoolProperty: unknown FBoneNode bRemoveBone
BoolProperty: unknown FBoneNode bLockBone
BoolProperty: unknown FBoneNode bRemoveBone
BoolProperty: unknown FBoneNode bLockBone
BoolProperty: unknown FBoneNode bRemoveBone
BoolProperty: unknown FBoneNode bLockBone
BoolProperty: unknown FBoneNode bRemoveBone
BoolProperty: unknown FBoneNode bLockBone
BoolProperty: unknown FBoneNode bRemoveBone
BoolProperty: unknown FBoneNode bLockBone
BoolProperty: unknown FBoneNode bRemoveBone
BoolProperty: unknown FBoneNode bLockBone
BoolProperty: unknown FBoneNode bRemoveBone
BoolProperty: unknown FBoneNode bLockBone
BoolProperty: unknown FBoneNode bRemoveBone
BoolProperty: unknown FBoneNode bLockBone
BoolProperty: unknown FBoneNode bRemoveBone
BoolProperty: unknown FBoneNode bLockBone
BoolProperty: unknown FBoneNode bRemoveBone
BoolProperty: unknown FBoneNode bLockBone
BoolProperty: unknown FBoneNode bRemoveBone
BoolProperty: unknown FBoneNode bLockBone
BoolProperty: unknown FBoneNode bRemoveBone
BoolProperty: unknown FBoneNode bLockBone
BoolProperty: unknown FBoneNode bRemoveBone
BoolProperty: unknown FBoneNode bLockBone
BoolProperty: unknown FBoneNode bRemoveBone
BoolProperty: unknown FBoneNode bLockBone
BoolProperty: unknown FBoneNode bRemoveBone
BoolProperty: unknown FBoneNode bLockBone
BoolProperty: unknown FBoneNode bRemoveBone
BoolProperty: unknown FBoneNode bLockBone
BoolProperty: unknown FBoneNode bRemoveBone
BoolProperty: unknown FBoneNode bLockBone
BoolProperty: unknown FBoneNode bRemoveBone
BoolProperty: unknown FBoneNode bLockBone
BoolProperty: unknown FBoneNode bRemoveBone
BoolProperty: unknown FBoneNode bLockBone
BoolProperty: unknown FBoneNode bRemoveBone
BoolProperty: unknown FBoneNode bLockBone
BoolProperty: unknown FBoneNode bRemoveBone
BoolProperty: unknown FBoneNode bLockBone
BoolProperty: unknown FBoneNode bRemoveBone
BoolProperty: unknown FBoneNode bLockBone
BoolProperty: unknown FBoneNode bRemoveBone
BoolProperty: unknown FBoneNode bLockBone
BoolProperty: unknown FBoneNode bRemoveBone
BoolProperty: unknown FBoneNode bLockBone
BoolProperty: unknown FBoneNode bRemoveBone
BoolProperty: unknown FBoneNode bLockBone
BoolProperty: unknown FBoneNode bRemoveBone
BoolProperty: unknown FBoneNode bLockBone
BoolProperty: unknown FBoneNode bRemoveBone
BoolProperty: unknown FBoneNode bLockBone
BoolProperty: unknown FBoneNode bRemoveBone
BoolProperty: unknown FBoneNode bLockBone
BoolProperty: unknown FBoneNode bRemoveBone
BoolProperty: unknown FBoneNode bLockBone
BoolProperty: unknown FBoneNode bRemoveBone
BoolProperty: unknown FBoneNode bLockBone
BoolProperty: unknown FBoneNode bRemoveBone
BoolProperty: unknown FBoneNode bLockBone
BoolProperty: unknown FBoneNode bRemoveBone
BoolProperty: unknown FBoneNode bLockBone
BoolProperty: unknown FBoneNode bRemoveBone
BoolProperty: unknown FBoneNode bLockBone
BoolProperty: unknown FBoneNode bRemoveBone
BoolProperty: unknown FBoneNode bLockBone
BoolProperty: unknown FBoneNode bRemoveBone
BoolProperty: unknown FBoneNode bLockBone
BoolProperty: unknown FBoneNode bRemoveBone
BoolProperty: unknown FBoneNode bLockBone
BoolProperty: unknown FBoneNode bRemoveBone
BoolProperty: unknown FBoneNode bLockBone
BoolProperty: unknown FBoneNode bRemoveBone
BoolProperty: unknown FBoneNode bLockBone
BoolProperty: unknown FBoneNode bRemoveBone
BoolProperty: unknown FBoneNode bLockBone
BoolProperty: unknown FBoneNode bRemoveBone
BoolProperty: unknown FBoneNode bLockBone
BoolProperty: unknown FBoneNode bRemoveBone
BoolProperty: unknown FBoneNode bLockBone
BoolProperty: unknown FBoneNode bRemoveBone
BoolProperty: unknown FBoneNode bLockBone
BoolProperty: unknown FBoneNode bRemoveBone
BoolProperty: unknown FBoneNode bLockBone
BoolProperty: unknown FBoneNode bRemoveBone
BoolProperty: unknown FBoneNode bLockBone
BoolProperty: unknown FBoneNode bRemoveBone
BoolProperty: unknown FBoneNode bLockBone
BoolProperty: unknown FBoneNode bRemoveBone
BoolProperty: unknown FBoneNode bLockBone
BoolProperty: unknown FBoneNode bRemoveBone
BoolProperty: unknown FBoneNode bLockBone
BoolProperty: unknown FBoneNode bRemoveBone
BoolProperty: unknown FBoneNode bLockBone
BoolProperty: unknown FBoneNode bRemoveBone
BoolProperty: unknown FBoneNode bLockBone
BoolProperty: unknown FBoneNode bRemoveBone
BoolProperty: unknown FBoneNode bLockBone
BoolProperty: unknown FBoneNode bRemoveBone
BoolProperty: unknown FBoneNode bLockBone
BoolProperty: unknown FBoneNode bRemoveBone
BoolProperty: unknown FBoneNode bLockBone
BoolProperty: unknown FBoneNode bRemoveBone
BoolProperty: unknown FBoneNode bLockBone
BoolProperty: unknown FBoneNode bRemoveBone
BoolProperty: unknown FBoneNode bLockBone
BoolProperty: unknown FBoneNode bRemoveBone
BoolProperty: unknown FBoneNode bLockBone
BoolProperty: unknown FBoneNode bRemoveBone
Exporting objects ...
Exporting AnimSequence4 Dilo-Torpid-In to C:/Users/Nez/Desktop/GitHub/Ark-Survival-Returns/.work/exports/actorx/PrimalEarth/Dinos/Dilo/Anims/Dilo-Torpid-In.psa
Memory: allocated 681640 bytes in 510 blocks
Loading AnimSequence4 Dilo-Torpid-Out-Tamed from package PrimalEarth/Dinos/Dilo/Anims/Dilo-Torpid-Out-Tamed.uasset
FloatProperty: unknown FAnimNotifyEvent DisplayTime
BoolProperty: unknown FAnimNotifyEvent bIgnoreOnDediServer
Loading Skeleton Dilo_Skeleton from package PrimalEarth/Dinos/Dilo/Dilo_Skeleton.uasset
BoolProperty: unknown FBoneNode bLockBone
BoolProperty: unknown FBoneNode bRemoveBone
BoolProperty: unknown FBoneNode bLockBone
BoolProperty: unknown FBoneNode bRemoveBone
BoolProperty: unknown FBoneNode bLockBone
BoolProperty: unknown FBoneNode bRemoveBone
BoolProperty: unknown FBoneNode bLockBone
BoolProperty: unknown FBoneNode bRemoveBone
BoolProperty: unknown FBoneNode bLockBone
BoolProperty: unknown FBoneNode bRemoveBone
BoolProperty: unknown FBoneNode bLockBone
BoolProperty: unknown FBoneNode bRemoveBone
BoolProperty: unknown FBoneNode bLockBone
BoolProperty: unknown FBoneNode bRemoveBone
BoolProperty: unknown FBoneNode bLockBone
BoolProperty: unknown FBoneNode bRemoveBone
BoolProperty: unknown FBoneNode bLockBone
BoolProperty: unknown FBoneNode bRemoveBone
BoolProperty: unknown FBoneNode bLockBone
BoolProperty: unknown FBoneNode bRemoveBone
BoolProperty: unknown FBoneNode bLockBone
BoolProperty: unknown FBoneNode bRemoveBone
BoolProperty: unknown FBoneNode bLockBone
BoolProperty: unknown FBoneNode bRemoveBone
BoolProperty: unknown FBoneNode bLockBone
BoolProperty: unknown FBoneNode bRemoveBone
BoolProperty: unknown FBoneNode bLockBone
BoolProperty: unknown FBoneNode bRemoveBone
BoolProperty: unknown FBoneNode bLockBone
BoolProperty: unknown FBoneNode bRemoveBone
BoolProperty: unknown FBoneNode bLockBone
BoolProperty: unknown FBoneNode bRemoveBone
BoolProperty: unknown FBoneNode bLockBone
BoolProperty: unknown FBoneNode bRemoveBone
BoolProperty: unknown FBoneNode bLockBone
BoolProperty: unknown FBoneNode bRemoveBone
BoolProperty: unknown FBoneNode bLockBone
BoolProperty: unknown FBoneNode bRemoveBone
BoolProperty: unknown FBoneNode bLockBone
BoolProperty: unknown FBoneNode bRemoveBone
BoolProperty: unknown FBoneNode bLockBone
BoolProperty: unknown FBoneNode bRemoveBone
BoolProperty: unknown FBoneNode bLockBone
BoolProperty: unknown FBoneNode bRemoveBone
BoolProperty: unknown FBoneNode bLockBone
BoolProperty: unknown FBoneNode bRemoveBone
BoolProperty: unknown FBoneNode bLockBone
BoolProperty: unknown FBoneNode bRemoveBone
BoolProperty: unknown FBoneNode bLockBone
BoolProperty: unknown FBoneNode bRemoveBone
BoolProperty: unknown FBoneNode bLockBone
BoolProperty: unknown FBoneNode bRemoveBone
BoolProperty: unknown FBoneNode bLockBone
BoolProperty: unknown FBoneNode bRemoveBone
BoolProperty: unknown FBoneNode bLockBone
BoolProperty: unknown FBoneNode bRemoveBone
BoolProperty: unknown FBoneNode bLockBone
BoolProperty: unknown FBoneNode bRemoveBone
BoolProperty: unknown FBoneNode bLockBone
BoolProperty: unknown FBoneNode bRemoveBone
BoolProperty: unknown FBoneNode bLockBone
BoolProperty: unknown FBoneNode bRemoveBone
BoolProperty: unknown FBoneNode bLockBone
BoolProperty: unknown FBoneNode bRemoveBone
BoolProperty: unknown FBoneNode bLockBone
BoolProperty: unknown FBoneNode bRemoveBone
BoolProperty: unknown FBoneNode bLockBone
BoolProperty: unknown FBoneNode bRemoveBone
BoolProperty: unknown FBoneNode bLockBone
BoolProperty: unknown FBoneNode bRemoveBone
BoolProperty: unknown FBoneNode bLockBone
BoolProperty: unknown FBoneNode bRemoveBone
BoolProperty: unknown FBoneNode bLockBone
BoolProperty: unknown FBoneNode bRemoveBone
BoolProperty: unknown FBoneNode bLockBone
BoolProperty: unknown FBoneNode bRemoveBone
BoolProperty: unknown FBoneNode bLockBone
BoolProperty: unknown FBoneNode bRemoveBone
BoolProperty: unknown FBoneNode bLockBone
BoolProperty: unknown FBoneNode bRemoveBone
BoolProperty: unknown FBoneNode bLockBone
BoolProperty: unknown FBoneNode bRemoveBone
BoolProperty: unknown FBoneNode bLockBone
BoolProperty: unknown FBoneNode bRemoveBone
BoolProperty: unknown FBoneNode bLockBone
BoolProperty: unknown FBoneNode bRemoveBone
BoolProperty: unknown FBoneNode bLockBone
BoolProperty: unknown FBoneNode bRemoveBone
BoolProperty: unknown FBoneNode bLockBone
BoolProperty: unknown FBoneNode bRemoveBone
BoolProperty: unknown FBoneNode bLockBone
BoolProperty: unknown FBoneNode bRemoveBone
BoolProperty: unknown FBoneNode bLockBone
BoolProperty: unknown FBoneNode bRemoveBone
BoolProperty: unknown FBoneNode bLockBone
BoolProperty: unknown FBoneNode bRemoveBone
BoolProperty: unknown FBoneNode bLockBone
BoolProperty: unknown FBoneNode bRemoveBone
BoolProperty: unknown FBoneNode bLockBone
BoolProperty: unknown FBoneNode bRemoveBone
BoolProperty: unknown FBoneNode bLockBone
BoolProperty: unknown FBoneNode bRemoveBone
BoolProperty: unknown FBoneNode bLockBone
BoolProperty: unknown FBoneNode bRemoveBone
BoolProperty: unknown FBoneNode bLockBone
BoolProperty: unknown FBoneNode bRemoveBone
BoolProperty: unknown FBoneNode bLockBone
BoolProperty: unknown FBoneNode bRemoveBone
BoolProperty: unknown FBoneNode bLockBone
BoolProperty: unknown FBoneNode bRemoveBone
BoolProperty: unknown FBoneNode bLockBone
BoolProperty: unknown FBoneNode bRemoveBone
BoolProperty: unknown FBoneNode bLockBone
BoolProperty: unknown FBoneNode bRemoveBone
BoolProperty: unknown FBoneNode bLockBone
BoolProperty: unknown FBoneNode bRemoveBone
BoolProperty: unknown FBoneNode bLockBone
BoolProperty: unknown FBoneNode bRemoveBone
BoolProperty: unknown FBoneNode bLockBone
BoolProperty: unknown FBoneNode bRemoveBone
BoolProperty: unknown FBoneNode bLockBone
BoolProperty: unknown FBoneNode bRemoveBone
BoolProperty: unknown FBoneNode bLockBone
BoolProperty: unknown FBoneNode bRemoveBone
BoolProperty: unknown FBoneNode bLockBone
BoolProperty: unknown FBoneNode bRemoveBone
BoolProperty: unknown FBoneNode bLockBone
BoolProperty: unknown FBoneNode bRemoveBone
BoolProperty: unknown FBoneNode bLockBone
BoolProperty: unknown FBoneNode bRemoveBone
BoolProperty: unknown FBoneNode bLockBone
BoolProperty: unknown FBoneNode bRemoveBone
BoolProperty: unknown FBoneNode bLockBone
BoolProperty: unknown FBoneNode bRemoveBone
BoolProperty: unknown FBoneNode bLockBone
BoolProperty: unknown FBoneNode bRemoveBone
BoolProperty: unknown FBoneNode bLockBone
BoolProperty: unknown FBoneNode bRemoveBone
BoolProperty: unknown FBoneNode bLockBone
BoolProperty: unknown FBoneNode bRemoveBone
BoolProperty: unknown FBoneNode bLockBone
BoolProperty: unknown FBoneNode bRemoveBone
BoolProperty: unknown FBoneNode bLockBone
BoolProperty: unknown FBoneNode bRemoveBone
BoolProperty: unknown FBoneNode bLockBone
BoolProperty: unknown FBoneNode bRemoveBone
BoolProperty: unknown FBoneNode bLockBone
BoolProperty: unknown FBoneNode bRemoveBone
BoolProperty: unknown FBoneNode bLockBone
BoolProperty: unknown FBoneNode bRemoveBone
BoolProperty: unknown FBoneNode bLockBone
BoolProperty: unknown FBoneNode bRemoveBone
BoolProperty: unknown FBoneNode bLockBone
BoolProperty: unknown FBoneNode bRemoveBone
BoolProperty: unknown FBoneNode bLockBone
BoolProperty: unknown FBoneNode bRemoveBone
BoolProperty: unknown FBoneNode bLockBone
BoolProperty: unknown FBoneNode bRemoveBone
BoolProperty: unknown FBoneNode bLockBone
BoolProperty: unknown FBoneNode bRemoveBone
BoolProperty: unknown FBoneNode bLockBone
BoolProperty: unknown FBoneNode bRemoveBone
BoolProperty: unknown FBoneNode bLockBone
BoolProperty: unknown FBoneNode bRemoveBone
BoolProperty: unknown FBoneNode bLockBone
BoolProperty: unknown FBoneNode bRemoveBone
BoolProperty: unknown FBoneNode bLockBone
BoolProperty: unknown FBoneNode bRemoveBone
BoolProperty: unknown FBoneNode bLockBone
BoolProperty: unknown FBoneNode bRemoveBone
BoolProperty: unknown FBoneNode bLockBone
BoolProperty: unknown FBoneNode bRemoveBone
BoolProperty: unknown FBoneNode bLockBone
BoolProperty: unknown FBoneNode bRemoveBone
BoolProperty: unknown FBoneNode bLockBone
BoolProperty: unknown FBoneNode bRemoveBone
BoolProperty: unknown FBoneNode bLockBone
BoolProperty: unknown FBoneNode bRemoveBone
BoolProperty: unknown FBoneNode bLockBone
BoolProperty: unknown FBoneNode bRemoveBone
BoolProperty: unknown FBoneNode bLockBone
BoolProperty: unknown FBoneNode bRemoveBone
BoolProperty: unknown FBoneNode bLockBone
BoolProperty: unknown FBoneNode bRemoveBone
BoolProperty: unknown FBoneNode bLockBone
BoolProperty: unknown FBoneNode bRemoveBone
BoolProperty: unknown FBoneNode bLockBone
BoolProperty: unknown FBoneNode bRemoveBone
BoolProperty: unknown FBoneNode bLockBone
BoolProperty: unknown FBoneNode bRemoveBone
BoolProperty: unknown FBoneNode bLockBone
BoolProperty: unknown FBoneNode bRemoveBone
BoolProperty: unknown FBoneNode bLockBone
BoolProperty: unknown FBoneNode bRemoveBone
BoolProperty: unknown FBoneNode bLockBone
BoolProperty: unknown FBoneNode bRemoveBone
BoolProperty: unknown FBoneNode bLockBone
BoolProperty: unknown FBoneNode bRemoveBone
BoolProperty: unknown FBoneNode bLockBone
BoolProperty: unknown FBoneNode bRemoveBone
BoolProperty: unknown FBoneNode bLockBone
BoolProperty: unknown FBoneNode bRemoveBone
BoolProperty: unknown FBoneNode bLockBone
BoolProperty: unknown FBoneNode bRemoveBone
BoolProperty: unknown FBoneNode bLockBone
BoolProperty: unknown FBoneNode bRemoveBone
BoolProperty: unknown FBoneNode bLockBone
BoolProperty: unknown FBoneNode bRemoveBone
BoolProperty: unknown FBoneNode bLockBone
BoolProperty: unknown FBoneNode bRemoveBone
Exporting objects ...
Exporting AnimSequence4 Dilo-Torpid-Out-Tamed to C:/Users/Nez/Desktop/GitHub/Ark-Survival-Returns/.work/exports/actorx/PrimalEarth/Dinos/Dilo/Anims/Dilo-Torpid-Out-Tamed.psa
Memory: allocated 693928 bytes in 513 blocks
Loading AnimSequence4 Dilo-Torpid-Out-Wild from package PrimalEarth/Dinos/Dilo/Anims/Dilo-Torpid-Out-Wild.uasset
FloatProperty: unknown FAnimNotifyEvent DisplayTime
BoolProperty: unknown FAnimNotifyEvent bIgnoreOnDediServer
Loading Skeleton Dilo_Skeleton from package PrimalEarth/Dinos/Dilo/Dilo_Skeleton.uasset
BoolProperty: unknown FBoneNode bLockBone
BoolProperty: unknown FBoneNode bRemoveBone
BoolProperty: unknown FBoneNode bLockBone
BoolProperty: unknown FBoneNode bRemoveBone
BoolProperty: unknown FBoneNode bLockBone
BoolProperty: unknown FBoneNode bRemoveBone
BoolProperty: unknown FBoneNode bLockBone
BoolProperty: unknown FBoneNode bRemoveBone
BoolProperty: unknown FBoneNode bLockBone
BoolProperty: unknown FBoneNode bRemoveBone
BoolProperty: unknown FBoneNode bLockBone
BoolProperty: unknown FBoneNode bRemoveBone
BoolProperty: unknown FBoneNode bLockBone
BoolProperty: unknown FBoneNode bRemoveBone
BoolProperty: unknown FBoneNode bLockBone
BoolProperty: unknown FBoneNode bRemoveBone
BoolProperty: unknown FBoneNode bLockBone
BoolProperty: unknown FBoneNode bRemoveBone
BoolProperty: unknown FBoneNode bLockBone
BoolProperty: unknown FBoneNode bRemoveBone
BoolProperty: unknown FBoneNode bLockBone
BoolProperty: unknown FBoneNode bRemoveBone
BoolProperty: unknown FBoneNode bLockBone
BoolProperty: unknown FBoneNode bRemoveBone
BoolProperty: unknown FBoneNode bLockBone
BoolProperty: unknown FBoneNode bRemoveBone
BoolProperty: unknown FBoneNode bLockBone
BoolProperty: unknown FBoneNode bRemoveBone
BoolProperty: unknown FBoneNode bLockBone
BoolProperty: unknown FBoneNode bRemoveBone
BoolProperty: unknown FBoneNode bLockBone
BoolProperty: unknown FBoneNode bRemoveBone
BoolProperty: unknown FBoneNode bLockBone
BoolProperty: unknown FBoneNode bRemoveBone
BoolProperty: unknown FBoneNode bLockBone
BoolProperty: unknown FBoneNode bRemoveBone
BoolProperty: unknown FBoneNode bLockBone
BoolProperty: unknown FBoneNode bRemoveBone
BoolProperty: unknown FBoneNode bLockBone
BoolProperty: unknown FBoneNode bRemoveBone
BoolProperty: unknown FBoneNode bLockBone
BoolProperty: unknown FBoneNode bRemoveBone
BoolProperty: unknown FBoneNode bLockBone
BoolProperty: unknown FBoneNode bRemoveBone
BoolProperty: unknown FBoneNode bLockBone
BoolProperty: unknown FBoneNode bRemoveBone
BoolProperty: unknown FBoneNode bLockBone
BoolProperty: unknown FBoneNode bRemoveBone
BoolProperty: unknown FBoneNode bLockBone
BoolProperty: unknown FBoneNode bRemoveBone
BoolProperty: unknown FBoneNode bLockBone
BoolProperty: unknown FBoneNode bRemoveBone
BoolProperty: unknown FBoneNode bLockBone
BoolProperty: unknown FBoneNode bRemoveBone
BoolProperty: unknown FBoneNode bLockBone
BoolProperty: unknown FBoneNode bRemoveBone
BoolProperty: unknown FBoneNode bLockBone
BoolProperty: unknown FBoneNode bRemoveBone
BoolProperty: unknown FBoneNode bLockBone
BoolProperty: unknown FBoneNode bRemoveBone
BoolProperty: unknown FBoneNode bLockBone
BoolProperty: unknown FBoneNode bRemoveBone
BoolProperty: unknown FBoneNode bLockBone
BoolProperty: unknown FBoneNode bRemoveBone
BoolProperty: unknown FBoneNode bLockBone
BoolProperty: unknown FBoneNode bRemoveBone
BoolProperty: unknown FBoneNode bLockBone
BoolProperty: unknown FBoneNode bRemoveBone
BoolProperty: unknown FBoneNode bLockBone
BoolProperty: unknown FBoneNode bRemoveBone
BoolProperty: unknown FBoneNode bLockBone
BoolProperty: unknown FBoneNode bRemoveBone
BoolProperty: unknown FBoneNode bLockBone
BoolProperty: unknown FBoneNode bRemoveBone
BoolProperty: unknown FBoneNode bLockBone
BoolProperty: unknown FBoneNode bRemoveBone
BoolProperty: unknown FBoneNode bLockBone
BoolProperty: unknown FBoneNode bRemoveBone
BoolProperty: unknown FBoneNode bLockBone
BoolProperty: unknown FBoneNode bRemoveBone
BoolProperty: unknown FBoneNode bLockBone
BoolProperty: unknown FBoneNode bRemoveBone
BoolProperty: unknown FBoneNode bLockBone
BoolProperty: unknown FBoneNode bRemoveBone
BoolProperty: unknown FBoneNode bLockBone
BoolProperty: unknown FBoneNode bRemoveBone
BoolProperty: unknown FBoneNode bLockBone
BoolProperty: unknown FBoneNode bRemoveBone
BoolProperty: unknown FBoneNode bLockBone
BoolProperty: unknown FBoneNode bRemoveBone
BoolProperty: unknown FBoneNode bLockBone
BoolProperty: unknown FBoneNode bRemoveBone
BoolProperty: unknown FBoneNode bLockBone
BoolProperty: unknown FBoneNode bRemoveBone
BoolProperty: unknown FBoneNode bLockBone
BoolProperty: unknown FBoneNode bRemoveBone
BoolProperty: unknown FBoneNode bLockBone
BoolProperty: unknown FBoneNode bRemoveBone
BoolProperty: unknown FBoneNode bLockBone
BoolProperty: unknown FBoneNode bRemoveBone
BoolProperty: unknown FBoneNode bLockBone
BoolProperty: unknown FBoneNode bRemoveBone
BoolProperty: unknown FBoneNode bLockBone
BoolProperty: unknown FBoneNode bRemoveBone
BoolProperty: unknown FBoneNode bLockBone
BoolProperty: unknown FBoneNode bRemoveBone
BoolProperty: unknown FBoneNode bLockBone
BoolProperty: unknown FBoneNode bRemoveBone
BoolProperty: unknown FBoneNode bLockBone
BoolProperty: unknown FBoneNode bRemoveBone
BoolProperty: unknown FBoneNode bLockBone
BoolProperty: unknown FBoneNode bRemoveBone
BoolProperty: unknown FBoneNode bLockBone
BoolProperty: unknown FBoneNode bRemoveBone
BoolProperty: unknown FBoneNode bLockBone
BoolProperty: unknown FBoneNode bRemoveBone
BoolProperty: unknown FBoneNode bLockBone
BoolProperty: unknown FBoneNode bRemoveBone
BoolProperty: unknown FBoneNode bLockBone
BoolProperty: unknown FBoneNode bRemoveBone
BoolProperty: unknown FBoneNode bLockBone
BoolProperty: unknown FBoneNode bRemoveBone
BoolProperty: unknown FBoneNode bLockBone
BoolProperty: unknown FBoneNode bRemoveBone
BoolProperty: unknown FBoneNode bLockBone
BoolProperty: unknown FBoneNode bRemoveBone
BoolProperty: unknown FBoneNode bLockBone
BoolProperty: unknown FBoneNode bRemoveBone
BoolProperty: unknown FBoneNode bLockBone
BoolProperty: unknown FBoneNode bRemoveBone
BoolProperty: unknown FBoneNode bLockBone
BoolProperty: unknown FBoneNode bRemoveBone
BoolProperty: unknown FBoneNode bLockBone
BoolProperty: unknown FBoneNode bRemoveBone
BoolProperty: unknown FBoneNode bLockBone
BoolProperty: unknown FBoneNode bRemoveBone
BoolProperty: unknown FBoneNode bLockBone
BoolProperty: unknown FBoneNode bRemoveBone
BoolProperty: unknown FBoneNode bLockBone
BoolProperty: unknown FBoneNode bRemoveBone
BoolProperty: unknown FBoneNode bLockBone
BoolProperty: unknown FBoneNode bRemoveBone
BoolProperty: unknown FBoneNode bLockBone
BoolProperty: unknown FBoneNode bRemoveBone
BoolProperty: unknown FBoneNode bLockBone
BoolProperty: unknown FBoneNode bRemoveBone
BoolProperty: unknown FBoneNode bLockBone
BoolProperty: unknown FBoneNode bRemoveBone
BoolProperty: unknown FBoneNode bLockBone
BoolProperty: unknown FBoneNode bRemoveBone
BoolProperty: unknown FBoneNode bLockBone
BoolProperty: unknown FBoneNode bRemoveBone
BoolProperty: unknown FBoneNode bLockBone
BoolProperty: unknown FBoneNode bRemoveBone
BoolProperty: unknown FBoneNode bLockBone
BoolProperty: unknown FBoneNode bRemoveBone
BoolProperty: unknown FBoneNode bLockBone
BoolProperty: unknown FBoneNode bRemoveBone
BoolProperty: unknown FBoneNode bLockBone
BoolProperty: unknown FBoneNode bRemoveBone
BoolProperty: unknown FBoneNode bLockBone
BoolProperty: unknown FBoneNode bRemoveBone
BoolProperty: unknown FBoneNode bLockBone
BoolProperty: unknown FBoneNode bRemoveBone
BoolProperty: unknown FBoneNode bLockBone
BoolProperty: unknown FBoneNode bRemoveBone
BoolProperty: unknown FBoneNode bLockBone
BoolProperty: unknown FBoneNode bRemoveBone
BoolProperty: unknown FBoneNode bLockBone
BoolProperty: unknown FBoneNode bRemoveBone
BoolProperty: unknown FBoneNode bLockBone
BoolProperty: unknown FBoneNode bRemoveBone
BoolProperty: unknown FBoneNode bLockBone
BoolProperty: unknown FBoneNode bRemoveBone
BoolProperty: unknown FBoneNode bLockBone
BoolProperty: unknown FBoneNode bRemoveBone
BoolProperty: unknown FBoneNode bLockBone
BoolProperty: unknown FBoneNode bRemoveBone
BoolProperty: unknown FBoneNode bLockBone
BoolProperty: unknown FBoneNode bRemoveBone
BoolProperty: unknown FBoneNode bLockBone
BoolProperty: unknown FBoneNode bRemoveBone
BoolProperty: unknown FBoneNode bLockBone
BoolProperty: unknown FBoneNode bRemoveBone
BoolProperty: unknown FBoneNode bLockBone
BoolProperty: unknown FBoneNode bRemoveBone
BoolProperty: unknown FBoneNode bLockBone
BoolProperty: unknown FBoneNode bRemoveBone
BoolProperty: unknown FBoneNode bLockBone
BoolProperty: unknown FBoneNode bRemoveBone
BoolProperty: unknown FBoneNode bLockBone
BoolProperty: unknown FBoneNode bRemoveBone
BoolProperty: unknown FBoneNode bLockBone
BoolProperty: unknown FBoneNode bRemoveBone
BoolProperty: unknown FBoneNode bLockBone
BoolProperty: unknown FBoneNode bRemoveBone
BoolProperty: unknown FBoneNode bLockBone
BoolProperty: unknown FBoneNode bRemoveBone
BoolProperty: unknown FBoneNode bLockBone
BoolProperty: unknown FBoneNode bRemoveBone
BoolProperty: unknown FBoneNode bLockBone
BoolProperty: unknown FBoneNode bRemoveBone
BoolProperty: unknown FBoneNode bLockBone
BoolProperty: unknown FBoneNode bRemoveBone
BoolProperty: unknown FBoneNode bLockBone
BoolProperty: unknown FBoneNode bRemoveBone
BoolProperty: unknown FBoneNode bLockBone
BoolProperty: unknown FBoneNode bRemoveBone
BoolProperty: unknown FBoneNode bLockBone
BoolProperty: unknown FBoneNode bRemoveBone
Exporting objects ...
Exporting AnimSequence4 Dilo-Torpid-Out-Wild to C:/Users/Nez/Desktop/GitHub/Ark-Survival-Returns/.work/exports/actorx/PrimalEarth/Dinos/Dilo/Anims/Dilo-Torpid-Out-Wild.psa
Memory: allocated 706216 bytes in 516 blocks
Loading AnimSequence4 Dilo-Torpid from package PrimalEarth/Dinos/Dilo/Anims/Dilo-Torpid.uasset
FloatProperty: unknown FAnimNotifyEvent DisplayTime
BoolProperty: unknown FAnimNotifyEvent bIgnoreOnDediServer
Loading Skeleton Dilo_Skeleton from package PrimalEarth/Dinos/Dilo/Dilo_Skeleton.uasset
BoolProperty: unknown FBoneNode bLockBone
BoolProperty: unknown FBoneNode bRemoveBone
BoolProperty: unknown FBoneNode bLockBone
BoolProperty: unknown FBoneNode bRemoveBone
BoolProperty: unknown FBoneNode bLockBone
BoolProperty: unknown FBoneNode bRemoveBone
BoolProperty: unknown FBoneNode bLockBone
BoolProperty: unknown FBoneNode bRemoveBone
BoolProperty: unknown FBoneNode bLockBone
BoolProperty: unknown FBoneNode bRemoveBone
BoolProperty: unknown FBoneNode bLockBone
BoolProperty: unknown FBoneNode bRemoveBone
BoolProperty: unknown FBoneNode bLockBone
BoolProperty: unknown FBoneNode bRemoveBone
BoolProperty: unknown FBoneNode bLockBone
BoolProperty: unknown FBoneNode bRemoveBone
BoolProperty: unknown FBoneNode bLockBone
BoolProperty: unknown FBoneNode bRemoveBone
BoolProperty: unknown FBoneNode bLockBone
BoolProperty: unknown FBoneNode bRemoveBone
BoolProperty: unknown FBoneNode bLockBone
BoolProperty: unknown FBoneNode bRemoveBone
BoolProperty: unknown FBoneNode bLockBone
BoolProperty: unknown FBoneNode bRemoveBone
BoolProperty: unknown FBoneNode bLockBone
BoolProperty: unknown FBoneNode bRemoveBone
BoolProperty: unknown FBoneNode bLockBone
BoolProperty: unknown FBoneNode bRemoveBone
BoolProperty: unknown FBoneNode bLockBone
BoolProperty: unknown FBoneNode bRemoveBone
BoolProperty: unknown FBoneNode bLockBone
BoolProperty: unknown FBoneNode bRemoveBone
BoolProperty: unknown FBoneNode bLockBone
BoolProperty: unknown FBoneNode bRemoveBone
BoolProperty: unknown FBoneNode bLockBone
BoolProperty: unknown FBoneNode bRemoveBone
BoolProperty: unknown FBoneNode bLockBone
BoolProperty: unknown FBoneNode bRemoveBone
BoolProperty: unknown FBoneNode bLockBone
BoolProperty: unknown FBoneNode bRemoveBone
BoolProperty: unknown FBoneNode bLockBone
BoolProperty: unknown FBoneNode bRemoveBone
BoolProperty: unknown FBoneNode bLockBone
BoolProperty: unknown FBoneNode bRemoveBone
BoolProperty: unknown FBoneNode bLockBone
BoolProperty: unknown FBoneNode bRemoveBone
BoolProperty: unknown FBoneNode bLockBone
BoolProperty: unknown FBoneNode bRemoveBone
BoolProperty: unknown FBoneNode bLockBone
BoolProperty: unknown FBoneNode bRemoveBone
BoolProperty: unknown FBoneNode bLockBone
BoolProperty: unknown FBoneNode bRemoveBone
BoolProperty: unknown FBoneNode bLockBone
BoolProperty: unknown FBoneNode bRemoveBone
BoolProperty: unknown FBoneNode bLockBone
BoolProperty: unknown FBoneNode bRemoveBone
BoolProperty: unknown FBoneNode bLockBone
BoolProperty: unknown FBoneNode bRemoveBone
BoolProperty: unknown FBoneNode bLockBone
BoolProperty: unknown FBoneNode bRemoveBone
BoolProperty: unknown FBoneNode bLockBone
BoolProperty: unknown FBoneNode bRemoveBone
BoolProperty: unknown FBoneNode bLockBone
BoolProperty: unknown FBoneNode bRemoveBone
BoolProperty: unknown FBoneNode bLockBone
BoolProperty: unknown FBoneNode bRemoveBone
BoolProperty: unknown FBoneNode bLockBone
BoolProperty: unknown FBoneNode bRemoveBone
BoolProperty: unknown FBoneNode bLockBone
BoolProperty: unknown FBoneNode bRemoveBone
BoolProperty: unknown FBoneNode bLockBone
BoolProperty: unknown FBoneNode bRemoveBone
BoolProperty: unknown FBoneNode bLockBone
BoolProperty: unknown FBoneNode bRemoveBone
BoolProperty: unknown FBoneNode bLockBone
BoolProperty: unknown FBoneNode bRemoveBone
BoolProperty: unknown FBoneNode bLockBone
BoolProperty: unknown FBoneNode bRemoveBone
BoolProperty: unknown FBoneNode bLockBone
BoolProperty: unknown FBoneNode bRemoveBone
BoolProperty: unknown FBoneNode bLockBone
BoolProperty: unknown FBoneNode bRemoveBone
BoolProperty: unknown FBoneNode bLockBone
BoolProperty: unknown FBoneNode bRemoveBone
BoolProperty: unknown FBoneNode bLockBone
BoolProperty: unknown FBoneNode bRemoveBone
BoolProperty: unknown FBoneNode bLockBone
BoolProperty: unknown FBoneNode bRemoveBone
BoolProperty: unknown FBoneNode bLockBone
BoolProperty: unknown FBoneNode bRemoveBone
BoolProperty: unknown FBoneNode bLockBone
BoolProperty: unknown FBoneNode bRemoveBone
BoolProperty: unknown FBoneNode bLockBone
BoolProperty: unknown FBoneNode bRemoveBone
BoolProperty: unknown FBoneNode bLockBone
BoolProperty: unknown FBoneNode bRemoveBone
BoolProperty: unknown FBoneNode bLockBone
BoolProperty: unknown FBoneNode bRemoveBone
BoolProperty: unknown FBoneNode bLockBone
BoolProperty: unknown FBoneNode bRemoveBone
BoolProperty: unknown FBoneNode bLockBone
BoolProperty: unknown FBoneNode bRemoveBone
BoolProperty: unknown FBoneNode bLockBone
BoolProperty: unknown FBoneNode bRemoveBone
BoolProperty: unknown FBoneNode bLockBone
BoolProperty: unknown FBoneNode bRemoveBone
BoolProperty: unknown FBoneNode bLockBone
BoolProperty: unknown FBoneNode bRemoveBone
BoolProperty: unknown FBoneNode bLockBone
BoolProperty: unknown FBoneNode bRemoveBone
BoolProperty: unknown FBoneNode bLockBone
BoolProperty: unknown FBoneNode bRemoveBone
BoolProperty: unknown FBoneNode bLockBone
BoolProperty: unknown FBoneNode bRemoveBone
BoolProperty: unknown FBoneNode bLockBone
BoolProperty: unknown FBoneNode bRemoveBone
BoolProperty: unknown FBoneNode bLockBone
BoolProperty: unknown FBoneNode bRemoveBone
BoolProperty: unknown FBoneNode bLockBone
BoolProperty: unknown FBoneNode bRemoveBone
BoolProperty: unknown FBoneNode bLockBone
BoolProperty: unknown FBoneNode bRemoveBone
BoolProperty: unknown FBoneNode bLockBone
BoolProperty: unknown FBoneNode bRemoveBone
BoolProperty: unknown FBoneNode bLockBone
BoolProperty: unknown FBoneNode bRemoveBone
BoolProperty: unknown FBoneNode bLockBone
BoolProperty: unknown FBoneNode bRemoveBone
BoolProperty: unknown FBoneNode bLockBone
BoolProperty: unknown FBoneNode bRemoveBone
BoolProperty: unknown FBoneNode bLockBone
BoolProperty: unknown FBoneNode bRemoveBone
BoolProperty: unknown FBoneNode bLockBone
BoolProperty: unknown FBoneNode bRemoveBone
BoolProperty: unknown FBoneNode bLockBone
BoolProperty: unknown FBoneNode bRemoveBone
BoolProperty: unknown FBoneNode bLockBone
BoolProperty: unknown FBoneNode bRemoveBone
BoolProperty: unknown FBoneNode bLockBone
BoolProperty: unknown FBoneNode bRemoveBone
BoolProperty: unknown FBoneNode bLockBone
BoolProperty: unknown FBoneNode bRemoveBone
BoolProperty: unknown FBoneNode bLockBone
BoolProperty: unknown FBoneNode bRemoveBone
BoolProperty: unknown FBoneNode bLockBone
BoolProperty: unknown FBoneNode bRemoveBone
BoolProperty: unknown FBoneNode bLockBone
BoolProperty: unknown FBoneNode bRemoveBone
BoolProperty: unknown FBoneNode bLockBone
BoolProperty: unknown FBoneNode bRemoveBone
BoolProperty: unknown FBoneNode bLockBone
BoolProperty: unknown FBoneNode bRemoveBone
BoolProperty: unknown FBoneNode bLockBone
BoolProperty: unknown FBoneNode bRemoveBone
BoolProperty: unknown FBoneNode bLockBone
BoolProperty: unknown FBoneNode bRemoveBone
BoolProperty: unknown FBoneNode bLockBone
BoolProperty: unknown FBoneNode bRemoveBone
BoolProperty: unknown FBoneNode bLockBone
BoolProperty: unknown FBoneNode bRemoveBone
BoolProperty: unknown FBoneNode bLockBone
BoolProperty: unknown FBoneNode bRemoveBone
BoolProperty: unknown FBoneNode bLockBone
BoolProperty: unknown FBoneNode bRemoveBone
BoolProperty: unknown FBoneNode bLockBone
BoolProperty: unknown FBoneNode bRemoveBone
BoolProperty: unknown FBoneNode bLockBone
BoolProperty: unknown FBoneNode bRemoveBone
BoolProperty: unknown FBoneNode bLockBone
BoolProperty: unknown FBoneNode bRemoveBone
BoolProperty: unknown FBoneNode bLockBone
BoolProperty: unknown FBoneNode bRemoveBone
BoolProperty: unknown FBoneNode bLockBone
BoolProperty: unknown FBoneNode bRemoveBone
BoolProperty: unknown FBoneNode bLockBone
BoolProperty: unknown FBoneNode bRemoveBone
BoolProperty: unknown FBoneNode bLockBone
BoolProperty: unknown FBoneNode bRemoveBone
BoolProperty: unknown FBoneNode bLockBone
BoolProperty: unknown FBoneNode bRemoveBone
BoolProperty: unknown FBoneNode bLockBone
BoolProperty: unknown FBoneNode bRemoveBone
BoolProperty: unknown FBoneNode bLockBone
BoolProperty: unknown FBoneNode bRemoveBone
BoolProperty: unknown FBoneNode bLockBone
BoolProperty: unknown FBoneNode bRemoveBone
BoolProperty: unknown FBoneNode bLockBone
BoolProperty: unknown FBoneNode bRemoveBone
BoolProperty: unknown FBoneNode bLockBone
BoolProperty: unknown FBoneNode bRemoveBone
BoolProperty: unknown FBoneNode bLockBone
BoolProperty: unknown FBoneNode bRemoveBone
BoolProperty: unknown FBoneNode bLockBone
BoolProperty: unknown FBoneNode bRemoveBone
BoolProperty: unknown FBoneNode bLockBone
BoolProperty: unknown FBoneNode bRemoveBone
BoolProperty: unknown FBoneNode bLockBone
BoolProperty: unknown FBoneNode bRemoveBone
BoolProperty: unknown FBoneNode bLockBone
BoolProperty: unknown FBoneNode bRemoveBone
BoolProperty: unknown FBoneNode bLockBone
BoolProperty: unknown FBoneNode bRemoveBone
BoolProperty: unknown FBoneNode bLockBone
BoolProperty: unknown FBoneNode bRemoveBone
BoolProperty: unknown FBoneNode bLockBone
BoolProperty: unknown FBoneNode bRemoveBone
BoolProperty: unknown FBoneNode bLockBone
BoolProperty: unknown FBoneNode bRemoveBone
BoolProperty: unknown FBoneNode bLockBone
BoolProperty: unknown FBoneNode bRemoveBone
Exporting objects ...
Exporting AnimSequence4 Dilo-Torpid to C:/Users/Nez/Desktop/GitHub/Ark-Survival-Returns/.work/exports/actorx/PrimalEarth/Dinos/Dilo/Anims/Dilo-Torpid.psa
Memory: allocated 718504 bytes in 519 blocks
Loading AnimSequence4 Dilo-Turn-Lft from package PrimalEarth/Dinos/Dilo/Anims/Dilo-Turn-Lft.uasset
Loading Skeleton Dilo_Skeleton from package PrimalEarth/Dinos/Dilo/Dilo_Skeleton.uasset
BoolProperty: unknown FBoneNode bLockBone
BoolProperty: unknown FBoneNode bRemoveBone
BoolProperty: unknown FBoneNode bLockBone
BoolProperty: unknown FBoneNode bRemoveBone
BoolProperty: unknown FBoneNode bLockBone
BoolProperty: unknown FBoneNode bRemoveBone
BoolProperty: unknown FBoneNode bLockBone
BoolProperty: unknown FBoneNode bRemoveBone
BoolProperty: unknown FBoneNode bLockBone
BoolProperty: unknown FBoneNode bRemoveBone
BoolProperty: unknown FBoneNode bLockBone
BoolProperty: unknown FBoneNode bRemoveBone
BoolProperty: unknown FBoneNode bLockBone
BoolProperty: unknown FBoneNode bRemoveBone
BoolProperty: unknown FBoneNode bLockBone
BoolProperty: unknown FBoneNode bRemoveBone
BoolProperty: unknown FBoneNode bLockBone
BoolProperty: unknown FBoneNode bRemoveBone
BoolProperty: unknown FBoneNode bLockBone
BoolProperty: unknown FBoneNode bRemoveBone
BoolProperty: unknown FBoneNode bLockBone
BoolProperty: unknown FBoneNode bRemoveBone
BoolProperty: unknown FBoneNode bLockBone
BoolProperty: unknown FBoneNode bRemoveBone
BoolProperty: unknown FBoneNode bLockBone
BoolProperty: unknown FBoneNode bRemoveBone
BoolProperty: unknown FBoneNode bLockBone
BoolProperty: unknown FBoneNode bRemoveBone
BoolProperty: unknown FBoneNode bLockBone
BoolProperty: unknown FBoneNode bRemoveBone
BoolProperty: unknown FBoneNode bLockBone
BoolProperty: unknown FBoneNode bRemoveBone
BoolProperty: unknown FBoneNode bLockBone
BoolProperty: unknown FBoneNode bRemoveBone
BoolProperty: unknown FBoneNode bLockBone
BoolProperty: unknown FBoneNode bRemoveBone
BoolProperty: unknown FBoneNode bLockBone
BoolProperty: unknown FBoneNode bRemoveBone
BoolProperty: unknown FBoneNode bLockBone
BoolProperty: unknown FBoneNode bRemoveBone
BoolProperty: unknown FBoneNode bLockBone
BoolProperty: unknown FBoneNode bRemoveBone
BoolProperty: unknown FBoneNode bLockBone
BoolProperty: unknown FBoneNode bRemoveBone
BoolProperty: unknown FBoneNode bLockBone
BoolProperty: unknown FBoneNode bRemoveBone
BoolProperty: unknown FBoneNode bLockBone
BoolProperty: unknown FBoneNode bRemoveBone
BoolProperty: unknown FBoneNode bLockBone
BoolProperty: unknown FBoneNode bRemoveBone
BoolProperty: unknown FBoneNode bLockBone
BoolProperty: unknown FBoneNode bRemoveBone
BoolProperty: unknown FBoneNode bLockBone
BoolProperty: unknown FBoneNode bRemoveBone
BoolProperty: unknown FBoneNode bLockBone
BoolProperty: unknown FBoneNode bRemoveBone
BoolProperty: unknown FBoneNode bLockBone
BoolProperty: unknown FBoneNode bRemoveBone
BoolProperty: unknown FBoneNode bLockBone
BoolProperty: unknown FBoneNode bRemoveBone
BoolProperty: unknown FBoneNode bLockBone
BoolProperty: unknown FBoneNode bRemoveBone
BoolProperty: unknown FBoneNode bLockBone
BoolProperty: unknown FBoneNode bRemoveBone
BoolProperty: unknown FBoneNode bLockBone
BoolProperty: unknown FBoneNode bRemoveBone
BoolProperty: unknown FBoneNode bLockBone
BoolProperty: unknown FBoneNode bRemoveBone
BoolProperty: unknown FBoneNode bLockBone
BoolProperty: unknown FBoneNode bRemoveBone
BoolProperty: unknown FBoneNode bLockBone
BoolProperty: unknown FBoneNode bRemoveBone
BoolProperty: unknown FBoneNode bLockBone
BoolProperty: unknown FBoneNode bRemoveBone
BoolProperty: unknown FBoneNode bLockBone
BoolProperty: unknown FBoneNode bRemoveBone
BoolProperty: unknown FBoneNode bLockBone
BoolProperty: unknown FBoneNode bRemoveBone
BoolProperty: unknown FBoneNode bLockBone
BoolProperty: unknown FBoneNode bRemoveBone
BoolProperty: unknown FBoneNode bLockBone
BoolProperty: unknown FBoneNode bRemoveBone
BoolProperty: unknown FBoneNode bLockBone
BoolProperty: unknown FBoneNode bRemoveBone
BoolProperty: unknown FBoneNode bLockBone
BoolProperty: unknown FBoneNode bRemoveBone
BoolProperty: unknown FBoneNode bLockBone
BoolProperty: unknown FBoneNode bRemoveBone
BoolProperty: unknown FBoneNode bLockBone
BoolProperty: unknown FBoneNode bRemoveBone
BoolProperty: unknown FBoneNode bLockBone
BoolProperty: unknown FBoneNode bRemoveBone
BoolProperty: unknown FBoneNode bLockBone
BoolProperty: unknown FBoneNode bRemoveBone
BoolProperty: unknown FBoneNode bLockBone
BoolProperty: unknown FBoneNode bRemoveBone
BoolProperty: unknown FBoneNode bLockBone
BoolProperty: unknown FBoneNode bRemoveBone
BoolProperty: unknown FBoneNode bLockBone
BoolProperty: unknown FBoneNode bRemoveBone
BoolProperty: unknown FBoneNode bLockBone
BoolProperty: unknown FBoneNode bRemoveBone
BoolProperty: unknown FBoneNode bLockBone
BoolProperty: unknown FBoneNode bRemoveBone
BoolProperty: unknown FBoneNode bLockBone
BoolProperty: unknown FBoneNode bRemoveBone
BoolProperty: unknown FBoneNode bLockBone
BoolProperty: unknown FBoneNode bRemoveBone
BoolProperty: unknown FBoneNode bLockBone
BoolProperty: unknown FBoneNode bRemoveBone
BoolProperty: unknown FBoneNode bLockBone
BoolProperty: unknown FBoneNode bRemoveBone
BoolProperty: unknown FBoneNode bLockBone
BoolProperty: unknown FBoneNode bRemoveBone
BoolProperty: unknown FBoneNode bLockBone
BoolProperty: unknown FBoneNode bRemoveBone
BoolProperty: unknown FBoneNode bLockBone
BoolProperty: unknown FBoneNode bRemoveBone
BoolProperty: unknown FBoneNode bLockBone
BoolProperty: unknown FBoneNode bRemoveBone
BoolProperty: unknown FBoneNode bLockBone
BoolProperty: unknown FBoneNode bRemoveBone
BoolProperty: unknown FBoneNode bLockBone
BoolProperty: unknown FBoneNode bRemoveBone
BoolProperty: unknown FBoneNode bLockBone
BoolProperty: unknown FBoneNode bRemoveBone
BoolProperty: unknown FBoneNode bLockBone
BoolProperty: unknown FBoneNode bRemoveBone
BoolProperty: unknown FBoneNode bLockBone
BoolProperty: unknown FBoneNode bRemoveBone
BoolProperty: unknown FBoneNode bLockBone
BoolProperty: unknown FBoneNode bRemoveBone
BoolProperty: unknown FBoneNode bLockBone
BoolProperty: unknown FBoneNode bRemoveBone
BoolProperty: unknown FBoneNode bLockBone
BoolProperty: unknown FBoneNode bRemoveBone
BoolProperty: unknown FBoneNode bLockBone
BoolProperty: unknown FBoneNode bRemoveBone
BoolProperty: unknown FBoneNode bLockBone
BoolProperty: unknown FBoneNode bRemoveBone
BoolProperty: unknown FBoneNode bLockBone
BoolProperty: unknown FBoneNode bRemoveBone
BoolProperty: unknown FBoneNode bLockBone
BoolProperty: unknown FBoneNode bRemoveBone
BoolProperty: unknown FBoneNode bLockBone
BoolProperty: unknown FBoneNode bRemoveBone
BoolProperty: unknown FBoneNode bLockBone
BoolProperty: unknown FBoneNode bRemoveBone
BoolProperty: unknown FBoneNode bLockBone
BoolProperty: unknown FBoneNode bRemoveBone
BoolProperty: unknown FBoneNode bLockBone
BoolProperty: unknown FBoneNode bRemoveBone
BoolProperty: unknown FBoneNode bLockBone
BoolProperty: unknown FBoneNode bRemoveBone
BoolProperty: unknown FBoneNode bLockBone
BoolProperty: unknown FBoneNode bRemoveBone
BoolProperty: unknown FBoneNode bLockBone
BoolProperty: unknown FBoneNode bRemoveBone
BoolProperty: unknown FBoneNode bLockBone
BoolProperty: unknown FBoneNode bRemoveBone
BoolProperty: unknown FBoneNode bLockBone
BoolProperty: unknown FBoneNode bRemoveBone
BoolProperty: unknown FBoneNode bLockBone
BoolProperty: unknown FBoneNode bRemoveBone
BoolProperty: unknown FBoneNode bLockBone
BoolProperty: unknown FBoneNode bRemoveBone
BoolProperty: unknown FBoneNode bLockBone
BoolProperty: unknown FBoneNode bRemoveBone
BoolProperty: unknown FBoneNode bLockBone
BoolProperty: unknown FBoneNode bRemoveBone
BoolProperty: unknown FBoneNode bLockBone
BoolProperty: unknown FBoneNode bRemoveBone
BoolProperty: unknown FBoneNode bLockBone
BoolProperty: unknown FBoneNode bRemoveBone
BoolProperty: unknown FBoneNode bLockBone
BoolProperty: unknown FBoneNode bRemoveBone
BoolProperty: unknown FBoneNode bLockBone
BoolProperty: unknown FBoneNode bRemoveBone
BoolProperty: unknown FBoneNode bLockBone
BoolProperty: unknown FBoneNode bRemoveBone
BoolProperty: unknown FBoneNode bLockBone
BoolProperty: unknown FBoneNode bRemoveBone
BoolProperty: unknown FBoneNode bLockBone
BoolProperty: unknown FBoneNode bRemoveBone
BoolProperty: unknown FBoneNode bLockBone
BoolProperty: unknown FBoneNode bRemoveBone
BoolProperty: unknown FBoneNode bLockBone
BoolProperty: unknown FBoneNode bRemoveBone
BoolProperty: unknown FBoneNode bLockBone
BoolProperty: unknown FBoneNode bRemoveBone
BoolProperty: unknown FBoneNode bLockBone
BoolProperty: unknown FBoneNode bRemoveBone
BoolProperty: unknown FBoneNode bLockBone
BoolProperty: unknown FBoneNode bRemoveBone
BoolProperty: unknown FBoneNode bLockBone
BoolProperty: unknown FBoneNode bRemoveBone
BoolProperty: unknown FBoneNode bLockBone
BoolProperty: unknown FBoneNode bRemoveBone
BoolProperty: unknown FBoneNode bLockBone
BoolProperty: unknown FBoneNode bRemoveBone
BoolProperty: unknown FBoneNode bLockBone
BoolProperty: unknown FBoneNode bRemoveBone
BoolProperty: unknown FBoneNode bLockBone
BoolProperty: unknown FBoneNode bRemoveBone
BoolProperty: unknown FBoneNode bLockBone
BoolProperty: unknown FBoneNode bRemoveBone
BoolProperty: unknown FBoneNode bLockBone
BoolProperty: unknown FBoneNode bRemoveBone
BoolProperty: unknown FBoneNode bLockBone
BoolProperty: unknown FBoneNode bRemoveBone
Exporting objects ...
Exporting AnimSequence4 Dilo-Turn-Lft to C:/Users/Nez/Desktop/GitHub/Ark-Survival-Returns/.work/exports/actorx/PrimalEarth/Dinos/Dilo/Anims/Dilo-Turn-Lft.psa
Memory: allocated 730792 bytes in 522 blocks
Loading AnimSequence4 Dilo-Turn-Rit from package PrimalEarth/Dinos/Dilo/Anims/Dilo-Turn-Rit.uasset
Loading Skeleton Dilo_Skeleton from package PrimalEarth/Dinos/Dilo/Dilo_Skeleton.uasset
BoolProperty: unknown FBoneNode bLockBone
BoolProperty: unknown FBoneNode bRemoveBone
BoolProperty: unknown FBoneNode bLockBone
BoolProperty: unknown FBoneNode bRemoveBone
BoolProperty: unknown FBoneNode bLockBone
BoolProperty: unknown FBoneNode bRemoveBone
BoolProperty: unknown FBoneNode bLockBone
BoolProperty: unknown FBoneNode bRemoveBone
BoolProperty: unknown FBoneNode bLockBone
BoolProperty: unknown FBoneNode bRemoveBone
BoolProperty: unknown FBoneNode bLockBone
BoolProperty: unknown FBoneNode bRemoveBone
BoolProperty: unknown FBoneNode bLockBone
BoolProperty: unknown FBoneNode bRemoveBone
BoolProperty: unknown FBoneNode bLockBone
BoolProperty: unknown FBoneNode bRemoveBone
BoolProperty: unknown FBoneNode bLockBone
BoolProperty: unknown FBoneNode bRemoveBone
BoolProperty: unknown FBoneNode bLockBone
BoolProperty: unknown FBoneNode bRemoveBone
BoolProperty: unknown FBoneNode bLockBone
BoolProperty: unknown FBoneNode bRemoveBone
BoolProperty: unknown FBoneNode bLockBone
BoolProperty: unknown FBoneNode bRemoveBone
BoolProperty: unknown FBoneNode bLockBone
BoolProperty: unknown FBoneNode bRemoveBone
BoolProperty: unknown FBoneNode bLockBone
BoolProperty: unknown FBoneNode bRemoveBone
BoolProperty: unknown FBoneNode bLockBone
BoolProperty: unknown FBoneNode bRemoveBone
BoolProperty: unknown FBoneNode bLockBone
BoolProperty: unknown FBoneNode bRemoveBone
BoolProperty: unknown FBoneNode bLockBone
BoolProperty: unknown FBoneNode bRemoveBone
BoolProperty: unknown FBoneNode bLockBone
BoolProperty: unknown FBoneNode bRemoveBone
BoolProperty: unknown FBoneNode bLockBone
BoolProperty: unknown FBoneNode bRemoveBone
BoolProperty: unknown FBoneNode bLockBone
BoolProperty: unknown FBoneNode bRemoveBone
BoolProperty: unknown FBoneNode bLockBone
BoolProperty: unknown FBoneNode bRemoveBone
BoolProperty: unknown FBoneNode bLockBone
BoolProperty: unknown FBoneNode bRemoveBone
BoolProperty: unknown FBoneNode bLockBone
BoolProperty: unknown FBoneNode bRemoveBone
BoolProperty: unknown FBoneNode bLockBone
BoolProperty: unknown FBoneNode bRemoveBone
BoolProperty: unknown FBoneNode bLockBone
BoolProperty: unknown FBoneNode bRemoveBone
BoolProperty: unknown FBoneNode bLockBone
BoolProperty: unknown FBoneNode bRemoveBone
BoolProperty: unknown FBoneNode bLockBone
BoolProperty: unknown FBoneNode bRemoveBone
BoolProperty: unknown FBoneNode bLockBone
BoolProperty: unknown FBoneNode bRemoveBone
BoolProperty: unknown FBoneNode bLockBone
BoolProperty: unknown FBoneNode bRemoveBone
BoolProperty: unknown FBoneNode bLockBone
BoolProperty: unknown FBoneNode bRemoveBone
BoolProperty: unknown FBoneNode bLockBone
BoolProperty: unknown FBoneNode bRemoveBone
BoolProperty: unknown FBoneNode bLockBone
BoolProperty: unknown FBoneNode bRemoveBone
BoolProperty: unknown FBoneNode bLockBone
BoolProperty: unknown FBoneNode bRemoveBone
BoolProperty: unknown FBoneNode bLockBone
BoolProperty: unknown FBoneNode bRemoveBone
BoolProperty: unknown FBoneNode bLockBone
BoolProperty: unknown FBoneNode bRemoveBone
BoolProperty: unknown FBoneNode bLockBone
BoolProperty: unknown FBoneNode bRemoveBone
BoolProperty: unknown FBoneNode bLockBone
BoolProperty: unknown FBoneNode bRemoveBone
BoolProperty: unknown FBoneNode bLockBone
BoolProperty: unknown FBoneNode bRemoveBone
BoolProperty: unknown FBoneNode bLockBone
BoolProperty: unknown FBoneNode bRemoveBone
BoolProperty: unknown FBoneNode bLockBone
BoolProperty: unknown FBoneNode bRemoveBone
BoolProperty: unknown FBoneNode bLockBone
BoolProperty: unknown FBoneNode bRemoveBone
BoolProperty: unknown FBoneNode bLockBone
BoolProperty: unknown FBoneNode bRemoveBone
BoolProperty: unknown FBoneNode bLockBone
BoolProperty: unknown FBoneNode bRemoveBone
BoolProperty: unknown FBoneNode bLockBone
BoolProperty: unknown FBoneNode bRemoveBone
BoolProperty: unknown FBoneNode bLockBone
BoolProperty: unknown FBoneNode bRemoveBone
BoolProperty: unknown FBoneNode bLockBone
BoolProperty: unknown FBoneNode bRemoveBone
BoolProperty: unknown FBoneNode bLockBone
BoolProperty: unknown FBoneNode bRemoveBone
BoolProperty: unknown FBoneNode bLockBone
BoolProperty: unknown FBoneNode bRemoveBone
BoolProperty: unknown FBoneNode bLockBone
BoolProperty: unknown FBoneNode bRemoveBone
BoolProperty: unknown FBoneNode bLockBone
BoolProperty: unknown FBoneNode bRemoveBone
BoolProperty: unknown FBoneNode bLockBone
BoolProperty: unknown FBoneNode bRemoveBone
BoolProperty: unknown FBoneNode bLockBone
BoolProperty: unknown FBoneNode bRemoveBone
BoolProperty: unknown FBoneNode bLockBone
BoolProperty: unknown FBoneNode bRemoveBone
BoolProperty: unknown FBoneNode bLockBone
BoolProperty: unknown FBoneNode bRemoveBone
BoolProperty: unknown FBoneNode bLockBone
BoolProperty: unknown FBoneNode bRemoveBone
BoolProperty: unknown FBoneNode bLockBone
BoolProperty: unknown FBoneNode bRemoveBone
BoolProperty: unknown FBoneNode bLockBone
BoolProperty: unknown FBoneNode bRemoveBone
BoolProperty: unknown FBoneNode bLockBone
BoolProperty: unknown FBoneNode bRemoveBone
BoolProperty: unknown FBoneNode bLockBone
BoolProperty: unknown FBoneNode bRemoveBone
BoolProperty: unknown FBoneNode bLockBone
BoolProperty: unknown FBoneNode bRemoveBone
BoolProperty: unknown FBoneNode bLockBone
BoolProperty: unknown FBoneNode bRemoveBone
BoolProperty: unknown FBoneNode bLockBone
BoolProperty: unknown FBoneNode bRemoveBone
BoolProperty: unknown FBoneNode bLockBone
BoolProperty: unknown FBoneNode bRemoveBone
BoolProperty: unknown FBoneNode bLockBone
BoolProperty: unknown FBoneNode bRemoveBone
BoolProperty: unknown FBoneNode bLockBone
BoolProperty: unknown FBoneNode bRemoveBone
BoolProperty: unknown FBoneNode bLockBone
BoolProperty: unknown FBoneNode bRemoveBone
BoolProperty: unknown FBoneNode bLockBone
BoolProperty: unknown FBoneNode bRemoveBone
BoolProperty: unknown FBoneNode bLockBone
BoolProperty: unknown FBoneNode bRemoveBone
BoolProperty: unknown FBoneNode bLockBone
BoolProperty: unknown FBoneNode bRemoveBone
BoolProperty: unknown FBoneNode bLockBone
BoolProperty: unknown FBoneNode bRemoveBone
BoolProperty: unknown FBoneNode bLockBone
BoolProperty: unknown FBoneNode bRemoveBone
BoolProperty: unknown FBoneNode bLockBone
BoolProperty: unknown FBoneNode bRemoveBone
BoolProperty: unknown FBoneNode bLockBone
BoolProperty: unknown FBoneNode bRemoveBone
BoolProperty: unknown FBoneNode bLockBone
BoolProperty: unknown FBoneNode bRemoveBone
BoolProperty: unknown FBoneNode bLockBone
BoolProperty: unknown FBoneNode bRemoveBone
BoolProperty: unknown FBoneNode bLockBone
BoolProperty: unknown FBoneNode bRemoveBone
BoolProperty: unknown FBoneNode bLockBone
BoolProperty: unknown FBoneNode bRemoveBone
BoolProperty: unknown FBoneNode bLockBone
BoolProperty: unknown FBoneNode bRemoveBone
BoolProperty: unknown FBoneNode bLockBone
BoolProperty: unknown FBoneNode bRemoveBone
BoolProperty: unknown FBoneNode bLockBone
BoolProperty: unknown FBoneNode bRemoveBone
BoolProperty: unknown FBoneNode bLockBone
BoolProperty: unknown FBoneNode bRemoveBone
BoolProperty: unknown FBoneNode bLockBone
BoolProperty: unknown FBoneNode bRemoveBone
BoolProperty: unknown FBoneNode bLockBone
BoolProperty: unknown FBoneNode bRemoveBone
BoolProperty: unknown FBoneNode bLockBone
BoolProperty: unknown FBoneNode bRemoveBone
BoolProperty: unknown FBoneNode bLockBone
BoolProperty: unknown FBoneNode bRemoveBone
BoolProperty: unknown FBoneNode bLockBone
BoolProperty: unknown FBoneNode bRemoveBone
BoolProperty: unknown FBoneNode bLockBone
BoolProperty: unknown FBoneNode bRemoveBone
BoolProperty: unknown FBoneNode bLockBone
BoolProperty: unknown FBoneNode bRemoveBone
BoolProperty: unknown FBoneNode bLockBone
BoolProperty: unknown FBoneNode bRemoveBone
BoolProperty: unknown FBoneNode bLockBone
BoolProperty: unknown FBoneNode bRemoveBone
BoolProperty: unknown FBoneNode bLockBone
BoolProperty: unknown FBoneNode bRemoveBone
BoolProperty: unknown FBoneNode bLockBone
BoolProperty: unknown FBoneNode bRemoveBone
BoolProperty: unknown FBoneNode bLockBone
BoolProperty: unknown FBoneNode bRemoveBone
BoolProperty: unknown FBoneNode bLockBone
BoolProperty: unknown FBoneNode bRemoveBone
BoolProperty: unknown FBoneNode bLockBone
BoolProperty: unknown FBoneNode bRemoveBone
BoolProperty: unknown FBoneNode bLockBone
BoolProperty: unknown FBoneNode bRemoveBone
BoolProperty: unknown FBoneNode bLockBone
BoolProperty: unknown FBoneNode bRemoveBone
BoolProperty: unknown FBoneNode bLockBone
BoolProperty: unknown FBoneNode bRemoveBone
BoolProperty: unknown FBoneNode bLockBone
BoolProperty: unknown FBoneNode bRemoveBone
BoolProperty: unknown FBoneNode bLockBone
BoolProperty: unknown FBoneNode bRemoveBone
BoolProperty: unknown FBoneNode bLockBone
BoolProperty: unknown FBoneNode bRemoveBone
BoolProperty: unknown FBoneNode bLockBone
BoolProperty: unknown FBoneNode bRemoveBone
BoolProperty: unknown FBoneNode bLockBone
BoolProperty: unknown FBoneNode bRemoveBone
BoolProperty: unknown FBoneNode bLockBone
BoolProperty: unknown FBoneNode bRemoveBone
BoolProperty: unknown FBoneNode bLockBone
BoolProperty: unknown FBoneNode bRemoveBone
Exporting objects ...
Exporting AnimSequence4 Dilo-Turn-Rit to C:/Users/Nez/Desktop/GitHub/Ark-Survival-Returns/.work/exports/actorx/PrimalEarth/Dinos/Dilo/Anims/Dilo-Turn-Rit.psa
Memory: allocated 743080 bytes in 525 blocks
Exported 31/31 objects in 0.2 sec
